filename,file_url,md5
2941.JPG,https://zenodo.org/record/3082688/files/CAM016016_d.JPG,0dbe3942d3d9c235a1e726f5b8beb903
2943.JPG,https://zenodo.org/record/3082688/files/CAM016017_d.JPG,a4b4071139a74c59e5b3b6e0c49390b1
2947.JPG,https://zenodo.org/record/3082688/files/CAM016019_d.JPG,fd0c708cec4a948edca98d6acdcb1529
2949.JPG,https://zenodo.org/record/3082688/files/CAM016020_d.JPG,738bd62c88f1415af51ec5f2958019bf
2951.JPG,https://zenodo.org/record/3082688/files/CAM016021_d.JPG,6a3f27a89d2abaad666c713657e6bc41
2953.JPG,https://zenodo.org/record/3082688/files/CAM016022_d.JPG,98da4b44bc425681e56c7f18ba597880
2955.JPG,https://zenodo.org/record/3082688/files/CAM016023_d.JPG,b133e13b657ac2a3211be29dbbd1cb92
2957.JPG,https://zenodo.org/record/3082688/files/CAM016024_d.JPG,8953d0e25151354be6f5c3fd7daa3beb
2959.JPG,https://zenodo.org/record/3082688/files/CAM016025_d.JPG,1bcca40e1a1a568532d1c6cd7a2d6ad7
2961.JPG,https://zenodo.org/record/3082688/files/CAM016026_d.JPG,f993b05adb6b965c09fa342a00e2477d
2963.JPG,https://zenodo.org/record/3082688/files/CAM016027_d.JPG,5ba82e724fe5de82ab6751990bc047ef
2965.JPG,https://zenodo.org/record/3082688/files/CAM016028_d.JPG,04eefcb9f1bd77d3192e369a3f245d76
2967.JPG,https://zenodo.org/record/3082688/files/CAM016029_d.JPG,202a54b7d3b5b00748ec1cc53df8e773
2969.JPG,https://zenodo.org/record/3082688/files/CAM016030_d.JPG,2a9b1e84a17cec1bec833c197d7b99b0
2971.JPG,https://zenodo.org/record/3082688/files/CAM016031_d.JPG,c2bb704ff9daf539589065934240c46c
2973.JPG,https://zenodo.org/record/3082688/files/CAM016032_d.JPG,97c8e54d4298dac10fb0520bd85540ad
2975.JPG,https://zenodo.org/record/3082688/files/CAM016033_d.JPG,285514ff1b9a9194388970345f93e387
2977.JPG,https://zenodo.org/record/3082688/files/CAM016034_d.JPG,5b144cc04e3769a27eec9c5b2fbefd02
2979.JPG,https://zenodo.org/record/3082688/files/CAM016035_d.JPG,4173b8cde3a2a078b1789ffcb5372528
2985.JPG,https://zenodo.org/record/3082688/files/CAM016038_d.JPG,2757f437163f06fb01c0b3f8e4b2698a
2987.JPG,https://zenodo.org/record/3082688/files/CAM016039_d.JPG,4cc89574002c5d254a28404bfda95177
2989.JPG,https://zenodo.org/record/3082688/files/CAM016040_d.JPG,2b1a7a521ed42cea69a2d74d76a90c76
3007.JPG,https://zenodo.org/record/3082688/files/CAM016049_d.JPG,d35815af2e4b1cb20de94a9e3870a6ed
3011.JPG,https://zenodo.org/record/3082688/files/CAM016051_d.JPG,dedbd05854329303fa5ecd838bf333b6
3013.JPG,https://zenodo.org/record/3082688/files/CAM016052_d.JPG,3e2090bdaae820c45571088b60d960e5
3015.JPG,https://zenodo.org/record/3082688/files/CAM016053_d.JPG,1497bb40ad5482e7d6f5f47a72ad0723
3017.JPG,https://zenodo.org/record/3082688/files/CAM016054_d.JPG,f1ca8f39eb49678281d11e4994209375
3066.JPG,https://zenodo.org/record/3082688/files/CAM016079_d.JPG,2e502612a6a8a70ec75496e89579fa7f
3084.JPG,https://zenodo.org/record/3082688/files/CAM016088_d.JPG,68a15f8f27024588e1bc3cdc658c0ec3
3090.JPG,https://zenodo.org/record/3082688/files/CAM016091_d.JPG,51187a618e4f9547c210b9afe47a3382
3096.JPG,https://zenodo.org/record/3082688/files/CAM016094_d.JPG,866982a6bbde57f2d5be59335d3d62c0
3100.JPG,https://zenodo.org/record/3082688/files/CAM016096_d.JPG,36053906b93f4a2b20424d8bb44e4cbc
3106.JPG,https://zenodo.org/record/3082688/files/CAM016099_d.JPG,84739cf507ef4917851652151d6dfdd9
3112.JPG,https://zenodo.org/record/3082688/files/CAM016102_d.JPG,9b621d52d638f9202106a403a2280c1a
3118.JPG,https://zenodo.org/record/3082688/files/CAM016105_d.JPG,d70ba16098a8f0eb2028fd09357c0fcc
3128.JPG,https://zenodo.org/record/3082688/files/CAM016110_d.JPG,612d21faa82f38b4c368f0039876d57a
3132.JPG,https://zenodo.org/record/3082688/files/CAM016112_d.JPG,c0aaa3cbeaac617c17d59ce89cf83c87
3136.JPG,https://zenodo.org/record/3082688/files/CAM016114_d.JPG,24ef72f174557efff91fc035f9eb28d4
3138.JPG,https://zenodo.org/record/3082688/files/CAM016115_d.JPG,a14a1117990d6fbe89f4e6a285b735b6
3150.JPG,https://zenodo.org/record/3082688/files/CAM016121_d.JPG,0f88c8619be378d162a6178949241114
3156.JPG,https://zenodo.org/record/3082688/files/CAM016124_d.JPG,1ab145b6e661db19d6f07ea2c2d87a17
3164.JPG,https://zenodo.org/record/3082688/files/CAM016128_d.JPG,5e0e80694217aaf48dd399ab7a80b5ca
3166.JPG,https://zenodo.org/record/3082688/files/CAM016129_d.JPG,732e35bf4915e1082812852a8af632dc
3184.JPG,https://zenodo.org/record/3082688/files/CAM016138_d.JPG,789191596ca898555fff64e449985d2b
3186.JPG,https://zenodo.org/record/3082688/files/CAM016139_d.JPG,c8a27a29a500cd14ee4e750bbfa047be
3188.JPG,https://zenodo.org/record/3082688/files/CAM016140_d.JPG,aac68853e14050c465f52ed936574eb1
3196.JPG,https://zenodo.org/record/3082688/files/CAM016144_d.JPG,264fa0f02f73dd8f7a741b8475d5f956
3198.JPG,https://zenodo.org/record/3082688/files/CAM016145_d.JPG,c49c6b501aea7474dd18f62d1f2fca78
3200.JPG,https://zenodo.org/record/3082688/files/CAM016146_d.JPG,705f81b7aae40ab2e4a76dbd42e84ce7
3202.JPG,https://zenodo.org/record/3082688/files/CAM016147_d.JPG,1cb7b9dc877b2751bad3e18845337a6a
3204.JPG,https://zenodo.org/record/3082688/files/CAM016148_d.JPG,76e3753870de0f366dfc9380cf798426
3206.JPG,https://zenodo.org/record/3082688/files/CAM016149_d.JPG,aa0a1245c6922cb5393e90a38bb3cdf8
3208.JPG,https://zenodo.org/record/3082688/files/CAM016150_d.JPG,c365a67db9942ade4dd9331bca3504e6
3210.JPG,https://zenodo.org/record/3082688/files/CAM016151_d.JPG,9b6d2a7caf1979ed2a371f5adca4679e
3212.JPG,https://zenodo.org/record/3082688/files/CAM016152_d.JPG,e39b2b2c890ad6a6168bc4d7aad98c58
3214.JPG,https://zenodo.org/record/3082688/files/CAM016153_d.JPG,27355605f776f45bcbfd69e4f0cf0ccf
3216.JPG,https://zenodo.org/record/3082688/files/CAM016154_d.JPG,89c6bb291fe4d7ca0b3d852040cb6836
3218.JPG,https://zenodo.org/record/3082688/files/CAM016155_d.JPG,abf623d4bd52153d056d3ad437f3ad1b
3220.JPG,https://zenodo.org/record/3082688/files/CAM016156_d.JPG,d66269df68fba2a7f1ac237503dddedf
3222.JPG,https://zenodo.org/record/3082688/files/CAM016157_d.JPG,8229e55f210c402a120effa893e35428
3232.JPG,https://zenodo.org/record/3082688/files/CAM016162_d.JPG,e20596d820a40a63969d7169a32b216b
3234.JPG,https://zenodo.org/record/3082688/files/CAM016163_d.JPG,c5ad80a45a3e01fc92e927959600d979
3236.JPG,https://zenodo.org/record/3082688/files/CAM016164_d.JPG,d20192f25ef1236ef5a455916418fd34
3242.JPG,https://zenodo.org/record/3082688/files/CAM016167_d.JPG,6a8338b14e0bda34713cde60126aba38
3244.JPG,https://zenodo.org/record/3082688/files/CAM016168_d.JPG,8761982d3cb76d1f7547ce0af7239f0a
3246.JPG,https://zenodo.org/record/3082688/files/CAM016169_d.JPG,1632d8f5a6a5bdce5e0675351dc0b824
3248.JPG,https://zenodo.org/record/3082688/files/CAM016170_d.JPG,967710b0e52691d3c894da1d100f6cd0
3250.JPG,https://zenodo.org/record/3082688/files/CAM016171_d.JPG,d25d2b1417718acd70b096401c45ef90
3252.JPG,https://zenodo.org/record/3082688/files/CAM016172_d.JPG,a1572ba41399ceb18e3fd294f2daad34
3256.JPG,https://zenodo.org/record/3082688/files/CAM016174_d.JPG,16d5adc93bfee8dc2d0c7b6cc33aab67
3260.JPG,https://zenodo.org/record/3082688/files/CAM016176_d.JPG,676610b78e79af9f1bfa911f526f56e6
3262.JPG,https://zenodo.org/record/3082688/files/CAM016177_d.JPG,c91a1e70bb12c77e8314d58142230ddf
3264.JPG,https://zenodo.org/record/3082688/files/CAM016178_d.JPG,f4fb64029c1ea7a1cd9b75bfd28514d7
3266.JPG,https://zenodo.org/record/3082688/files/CAM016179_d.JPG,cc9b1ba7b354f923ccf04a7a786a9933
3268.JPG,https://zenodo.org/record/3082688/files/CAM016180_d.JPG,f66edbc1aef01ee782e7f839f63e2afc
3270.JPG,https://zenodo.org/record/3082688/files/CAM016181_d.JPG,92c81fa2f85536abaa05021fdc9d6d00
3272.JPG,https://zenodo.org/record/3082688/files/CAM016182_d.JPG,001287a6fc3dc9ea568c29aea889d162
3274.JPG,https://zenodo.org/record/3082688/files/CAM016183_d.JPG,3a1b56b8299c1ac47c7d5042d0e47f67
3276.JPG,https://zenodo.org/record/3082688/files/CAM016184_d.JPG,1ba7bd04ae762189cfa9e81ad563fc8a
3278.JPG,https://zenodo.org/record/3082688/files/CAM016185_d.JPG,e080cc66325d070beef99ac2a4a3d4ac
3280.JPG,https://zenodo.org/record/3082688/files/CAM016186_d.JPG,f6f735d4c30c4213eefcb6de62ec23e2
3282.JPG,https://zenodo.org/record/3082688/files/CAM016187_d.JPG,6b5d3b7bbcbb4efe9f60ac4dc08d60ef
3284.JPG,https://zenodo.org/record/3082688/files/CAM016188_d.JPG,3ed6c4bd2c2301a4c467d6c3827f988c
3288.JPG,https://zenodo.org/record/3082688/files/CAM016190_d.JPG,61cbb1bbe5cf6775891c9b40ea39b279
3292.JPG,https://zenodo.org/record/3082688/files/CAM016192_d.JPG,b83eda66841e6a3cc0847e605d6ddb2d
3294.JPG,https://zenodo.org/record/3082688/files/CAM016193_d.JPG,238001815df70bc9178f305b8cccccda
3296.JPG,https://zenodo.org/record/3082688/files/CAM016194_d.JPG,871d7815780606dbcdb99b08cb2cb507
3302.JPG,https://zenodo.org/record/3082688/files/CAM016197_d.JPG,a4ac663da7f251d8cdbe8a5a4f06d735
3304.JPG,https://zenodo.org/record/3082688/files/CAM016199_d.JPG,1ce0769baf0acf646dfde39fc735ef93
3316.JPG,https://zenodo.org/record/3082688/files/CAM016205_d.JPG,1813b55a6d99130d2ceb174f6ac5e17a
3334.JPG,https://zenodo.org/record/3082688/files/CAM016224_d.JPG,4506f699f478ce765544b89b3e3cf061
3344.JPG,https://zenodo.org/record/3082688/files/CAM016234_d.JPG,2d0c702c64b91c74d06c89812cebcd9f
3378.JPG,https://zenodo.org/record/3082688/files/CAM016266_d.JPG,bbe43ff4647250000f1f6f26b45c5dd0
3380.JPG,https://zenodo.org/record/3082688/files/CAM016267_d.JPG,4c07b603f3da804f862e6e4071bbfd12
3382.JPG,https://zenodo.org/record/3082688/files/CAM016268_d.JPG,6098a388d6d9ebfcb3e701dcdee57489
3390.JPG,https://zenodo.org/record/3082688/files/CAM016273_d.JPG,5bb1e3d7827c32ab48405cd1e066fe77
3392.JPG,https://zenodo.org/record/3082688/files/CAM016274_d.JPG,179b8badd3f21ac9c8359363ee3a7a55
3531.JPG,https://zenodo.org/record/3082688/files/CAM016410_d.JPG,c4e5b6a43a86c543811d1c601e0fe757
3541.JPG,https://zenodo.org/record/3082688/files/CAM016415_d.JPG,6c99fa0108b94aa49caa3bc5c03f0dc7
3557.JPG,https://zenodo.org/record/3082688/files/CAM016423_d.JPG,246fa85825451f37f4416a7df5fb2f4f
3563.JPG,https://zenodo.org/record/3082688/files/CAM016426_d.JPG,2e49e9a0c3734a096fe9596a605282d7
3599.JPG,https://zenodo.org/record/3082688/files/CAM016447_d.JPG,2e15f1825f1b4e700d6f3b6d694526e0
3601.JPG,https://zenodo.org/record/3082688/files/CAM016448_d.JPG,77ef96458e1749f17227197635529b18
3603.JPG,https://zenodo.org/record/3082688/files/CAM016449_d.JPG,1cd768278a13cbaaeda553b8b1dc86bb
3605.JPG,https://zenodo.org/record/3082688/files/CAM016450_d.JPG,3e7f99cb22907dba1b04f3f60dfa33a6
3607.JPG,https://zenodo.org/record/3082688/files/CAM016452_d.JPG,cfd63e1d68764c2d69c6910c6205160c
3609.JPG,https://zenodo.org/record/3082688/files/CAM016453_d.JPG,6608e7808ab457ebac8aec766e54ff06
3611.JPG,https://zenodo.org/record/3082688/files/CAM016455_d.JPG,d8ddabe64acdc8c285389ab8dbd8dcc1
3613.JPG,https://zenodo.org/record/3082688/files/CAM016456_d.JPG,295118e5afc0f7144e0c4c5f00de4682
3615.JPG,https://zenodo.org/record/3082688/files/CAM016458_d.JPG,8986651f2c0a6090effbf9238acb0d67
3617.JPG,https://zenodo.org/record/3082688/files/CAM016459_d.JPG,c0fc6433f29392ca8583b6ac3480ce53
3619.JPG,https://zenodo.org/record/3082688/files/CAM016461_d.JPG,4f41a3c5026afa5964a84238b9549f5f
3621.JPG,https://zenodo.org/record/3082688/files/CAM016462_d.JPG,e300aed590d27ce513a864bf596c54af
3623.JPG,https://zenodo.org/record/3082688/files/CAM016463_d.JPG,b42d13fbde9b3d16eb8274cbee9d75c8
3625.JPG,https://zenodo.org/record/3082688/files/CAM016464_d.JPG,5a4cb3fb0ebcd0a1040c8defbe6bff23
3627.JPG,https://zenodo.org/record/3082688/files/CAM016465_d.JPG,4c81aa7d089be7571b41e7bf10b7556d
3629.JPG,https://zenodo.org/record/3082688/files/CAM016466_d.JPG,5863d7664cf4b16effeb658576b3476c
3631.JPG,https://zenodo.org/record/3082688/files/CAM016468_d.JPG,043858b68e85708cb6b8032bf9871827
3645.JPG,https://zenodo.org/record/3082688/files/CAM016506_d.JPG,e48cd36acba1c85f1d7416aa64b360f3
3647.JPG,https://zenodo.org/record/3082688/files/CAM016507_d.JPG,3a42645ea6b7e833f5d0e40023976437
3657.JPG,https://zenodo.org/record/3082688/files/CAM016512_d.JPG,f571b30f74192ea01b62ec24a569dab6
3659.JPG,https://zenodo.org/record/3082688/files/CAM016513_d.JPG,4e9236722d8340abb00cb89ad7f95c14
3661.JPG,https://zenodo.org/record/3082688/files/CAM016514_d.JPG,aef4f915329d0ae2e404476dc84efa12
3663.JPG,https://zenodo.org/record/3082688/files/CAM016515_d.JPG,085e979164e8ec730431dcd399f213fa
3665.JPG,https://zenodo.org/record/3082688/files/CAM016516_d.JPG,113ad545f8c48410d73972678e01713b
3667.JPG,https://zenodo.org/record/3082688/files/CAM016517_d.JPG,519b6133515bdbbd6f3e97ae6c9e86a9
3669.JPG,https://zenodo.org/record/3082688/files/CAM016518_d.JPG,8ef6016d8dec883ff7795dfd24dc9c07
3671.JPG,https://zenodo.org/record/3082688/files/CAM016520_d.JPG,9340c874e85d00b4a37862e152080830
3673.JPG,https://zenodo.org/record/3082688/files/CAM016521_d.JPG,d1c409d0e587207d1079f310b4bd9cf3
3675.JPG,https://zenodo.org/record/3082688/files/CAM016522_d.JPG,f25d46c461a4332dd74e32b244e493f8
3677.JPG,https://zenodo.org/record/3082688/files/CAM016523_d.JPG,2ad1c60a0233103c9b44380b1a61e32e
3679.JPG,https://zenodo.org/record/3082688/files/CAM016524_d.JPG,28b17d19be934fe0d13bed1d8b127059
3681.JPG,https://zenodo.org/record/3082688/files/CAM016525_d.JPG,e587315e0e0310a454b85e74b7b96c12
3683.JPG,https://zenodo.org/record/3082688/files/CAM016526_d.JPG,ae00bb1002398edccf251aa7177722fb
3685.JPG,https://zenodo.org/record/3082688/files/CAM016527_d.JPG,4fad0637a123ea49fa1cd5badcaac532
3687.JPG,https://zenodo.org/record/3082688/files/CAM016538_d.JPG,ded222c005890afb9069dcf9e0482f55
3689.JPG,https://zenodo.org/record/3082688/files/CAM016539_d.JPG,c200af694d2339fce69978ac84e9cbd7
3691.JPG,https://zenodo.org/record/3082688/files/CAM016540_d.JPG,525e70f4e683cf798bb6a071413b4ae2
3693.JPG,https://zenodo.org/record/3082688/files/CAM016541_d.JPG,ef20a2766691ba3626efd458f4116195
3695.JPG,https://zenodo.org/record/3082688/files/CAM016542_d.JPG,58256814115f6d8f4b971b8f13cfb85c
3697.JPG,https://zenodo.org/record/3082688/files/CAM016544_d.JPG,4e943e1f919a7dec56c68489d283b276
3699.JPG,https://zenodo.org/record/3082688/files/CAM016545_d.JPG,7244b6072e5b44b59ecb86fbc2ac3e84
3701.JPG,https://zenodo.org/record/3082688/files/CAM016546_d.JPG,f50b786da70c57d8a2f3d641e25c39fc
3703.JPG,https://zenodo.org/record/3082688/files/CAM016547_d.JPG,bd3e89312341cabdf6302ed683e71337
3705.JPG,https://zenodo.org/record/3082688/files/CAM016548_d.JPG,f3150bd0e3792f75fe30cb89262e864b
3707.JPG,https://zenodo.org/record/3082688/files/CAM016549_d.JPG,d787fe9775b9cbe3f98656d284ec9b45
3709.JPG,https://zenodo.org/record/3082688/files/CAM016550_d.JPG,d3ce6c3475224296e6b130de3e3b0dd3
3711.JPG,https://zenodo.org/record/3082688/files/CAM016551_d.JPG,ec6d8ccedf6fa03fadbfb422fe36e39a
3713.JPG,https://zenodo.org/record/3082688/files/CAM016552_d.JPG,0ac24eaf1d4b475880ba62d4dc9952fe
3715.JPG,https://zenodo.org/record/3082688/files/CAM016554_d.JPG,e87b1a1103298882d0693e9e2addb11b
3717.JPG,https://zenodo.org/record/3082688/files/CAM016555_d.JPG,ef1d40f781695ed2231799f08f9bdf90
3719.JPG,https://zenodo.org/record/3082688/files/CAM016557_d.JPG,c624207aba95d93afde32f9906baed67
3721.JPG,https://zenodo.org/record/3082688/files/CAM016558_d.JPG,1e9596cf0de8d2cd087a6cc4c9652152
3723.JPG,https://zenodo.org/record/3082688/files/CAM016559_d.JPG,3a4fef88cc32b6f2ea1aa6d58dc33e68
3725.JPG,https://zenodo.org/record/3082688/files/CAM016560_d.JPG,58185c5b468a655a34b19c22feea04a2
3727.JPG,https://zenodo.org/record/3082688/files/CAM016561_d.JPG,7192cf2a8f13a2dfe7e7b97023ca1345
3729.JPG,https://zenodo.org/record/3082688/files/CAM016562_d.JPG,fa6c84781dd0ce3b9665205b1462b426
3731.JPG,https://zenodo.org/record/3082688/files/CAM016563_d.JPG,ef7f6a01d8a115b0fa05207df5fe02ab
3733.JPG,https://zenodo.org/record/3082688/files/CAM016564_d.JPG,9d3a42cfeb7562aac33117a1df727a0c
3735.JPG,https://zenodo.org/record/3082688/files/CAM016565_d.JPG,0440cbba05cd8ddb6c12230f07910703
3737.JPG,https://zenodo.org/record/3082688/files/CAM016566_d.JPG,65fcf0971068f4a96c476b5b6094b9ca
3739.JPG,https://zenodo.org/record/3082688/files/CAM016567_d.JPG,09156999cba16d844fe7432ecaa6e176
3741.JPG,https://zenodo.org/record/3082688/files/CAM016575_d.JPG,695935f433b2231218b31737cb3c5a1e
3743.JPG,https://zenodo.org/record/3082688/files/CAM016576_d.JPG,bed73d47410b818082fa4314a50b3b58
3745.JPG,https://zenodo.org/record/3082688/files/CAM016577_d.JPG,9563bd8c8f8f5687e55d41febd21034c
3747.JPG,https://zenodo.org/record/3082688/files/CAM016578_d.JPG,2f3f257f98b852ca169a3594840564d7
3749.JPG,https://zenodo.org/record/3082688/files/CAM016579_d.JPG,1b6c26bd3b4be2ab04591858a1149b58
3751.JPG,https://zenodo.org/record/3082688/files/CAM016580_d.JPG,19f31a780d4edca75048bc1893eef00c
3753.JPG,https://zenodo.org/record/3082688/files/CAM016581_d.JPG,c05d077341c170b962912316bbd878d8
3755.JPG,https://zenodo.org/record/3082688/files/CAM016582_d.JPG,c3f758e314383d997bd9fb92261d5b04
3757.JPG,https://zenodo.org/record/3082688/files/CAM016583_d.JPG,97d30a0126e0b8d4a7c773475b1c04c5
3759.JPG,https://zenodo.org/record/3082688/files/CAM016584_d.JPG,ca95eb9e56047083b2338918df16abeb
3761.JPG,https://zenodo.org/record/3082688/files/CAM016585_d.JPG,866971369a2d66ef5d2c71577ddb5298
3763.JPG,https://zenodo.org/record/3082688/files/CAM016586_d.JPG,195132cb5ad7327299ffa661a53f7d02
3765.JPG,https://zenodo.org/record/3082688/files/CAM016587_d.JPG,300ebfabc96c0e82c82e17d70e4766c0
3767.JPG,https://zenodo.org/record/3082688/files/CAM016588_d.JPG,3e69ad5a3e0928e4937410157c50ae00
3769.JPG,https://zenodo.org/record/3082688/files/CAM016589_d.JPG,3466a9c60a5ce995b2575246d8ec8386
3771.JPG,https://zenodo.org/record/3082688/files/CAM016590_d.JPG,5f9499c9674bfb1f0dbaae0af04a1e90
3777.JPG,https://zenodo.org/record/3082688/files/CAM016594_d.JPG,3160b03e61b3d4246971b1c251d66840
3779.JPG,https://zenodo.org/record/3082688/files/CAM016595_d.JPG,fbf65737993352e94023706e7411f0d4
3783.JPG,https://zenodo.org/record/3082688/files/CAM016598_d.JPG,55fdd21e5c33f35760e19d8d55e218f4
3785.JPG,https://zenodo.org/record/3082688/files/CAM016599_d.JPG,c9c98d88102b09437a28f50d0c5ecc48
3799.JPG,https://zenodo.org/record/3082688/files/CAM016606_d.JPG,408e1e00eb0a04e1078ffecc3b1878ba
3803.JPG,https://zenodo.org/record/3082688/files/CAM016609_d.JPG,4408d55655f40fe020ef4c3eb3a81a31
3805.JPG,https://zenodo.org/record/3082688/files/CAM016610_d.JPG,b3bcd16d406d7d4d2573eae16dea7a27
3807.JPG,https://zenodo.org/record/3082688/files/CAM016611_d.JPG,c7f3d03bc8d698d029fa7feb1f6fa824
3811.JPG,https://zenodo.org/record/3082688/files/CAM016635_d.JPG,e5672abb0c77a0c0fb309ab945b30449
3813.JPG,https://zenodo.org/record/3082688/files/CAM016636_d.JPG,d5bd27a00de5b3081737e95ee7a07b4e
3817.JPG,https://zenodo.org/record/3082688/files/CAM016639_d.JPG,817357858b1b8047d935b5f73a8e1f71
3819.JPG,https://zenodo.org/record/3082688/files/CAM016641_d.JPG,8b1be0f908dde076babebf0a9f9844ff
3821.JPG,https://zenodo.org/record/3082688/files/CAM016643_d.JPG,65eb146a751bec70a7e1bc995dec5e10
3823.JPG,https://zenodo.org/record/3082688/files/CAM016644_d.JPG,67b233188037d4aee28c1bd12f0ecd41
3825.JPG,https://zenodo.org/record/3082688/files/CAM016645_d.JPG,0772422ea641f3f5c19171f614c33946
3827.JPG,https://zenodo.org/record/3082688/files/CAM016646_d.JPG,a87a0df750a7d73e39a0f544ace14157
3829.JPG,https://zenodo.org/record/3082688/files/CAM016647_d.JPG,d91b5e4a6abacc9564ee357bd8ab46c5
3831.JPG,https://zenodo.org/record/3082688/files/CAM016648_d.JPG,9484504cefb80cd89893af60521dde92
3833.JPG,https://zenodo.org/record/3082688/files/CAM016649_d.JPG,0d701939ea04b384f9f1cbb27abb6eab
3835.JPG,https://zenodo.org/record/3082688/files/CAM016650_d.JPG,5650a17f098cffc5dbb170366017ac63
3837.JPG,https://zenodo.org/record/3082688/files/CAM016651_d.JPG,d57b293ede1b3089e7e37a95419988ed
3839.JPG,https://zenodo.org/record/3082688/files/CAM016652_d.JPG,f32dc5550c470c991b1cbecd905d2361
3841.JPG,https://zenodo.org/record/3082688/files/CAM016653_d.JPG,632dbfcdfb471e83cc35c6b0d5855380
3863.JPG,https://zenodo.org/record/3082688/files/CAM016664_d.JPG,3abb6e7168f2d80ed5e3f22096487325
3865.JPG,https://zenodo.org/record/3082688/files/CAM016665_d.JPG,54dc68a80fcbf9b7446152a4170c7976
3867.JPG,https://zenodo.org/record/3082688/files/CAM016666_d.JPG,9cb0cdee708b735b78669b047fa350a5
3869.JPG,https://zenodo.org/record/3082688/files/CAM016667_d.JPG,b466124f99e59bf2976e9335705f2d9a
3870.JPG,https://zenodo.org/record/3082688/files/CAM016668_d.JPG,362f70ce07026d67612c77af2c1867a1
3872.JPG,https://zenodo.org/record/3082688/files/CAM016669_d.JPG,eeac234579a4427375ea271b5d6088ad
3874.JPG,https://zenodo.org/record/3082688/files/CAM016670_d.JPG,d10752c117e8be45b6548b54073a7fa2
3876.JPG,https://zenodo.org/record/3082688/files/CAM016671_d.JPG,3651209719f088b51df050760ef3f742
3880.JPG,https://zenodo.org/record/3082688/files/CAM016681_d.JPG,f86534ce9eb3c178b82a62df87297e5d
3882.JPG,https://zenodo.org/record/3082688/files/CAM016682_d.JPG,614fc7bba1a3c0d699b89a3e286e0745
3914.JPG,https://zenodo.org/record/3082688/files/CAM016736_d.JPG,61ff233d886856719d9d1ddaa9e083ba
3916.JPG,https://zenodo.org/record/3082688/files/CAM016740_d.JPG,00c484648cc7a392a0609dd3450e40ab
3918.JPG,https://zenodo.org/record/3082688/files/CAM016741_d.JPG,d39260270bd6d593836d3c469c91c6a8
3924.JPG,https://zenodo.org/record/3082688/files/CAM016744_d.JPG,4dec45ce86d3200c84398ca8d5da1075
3926.JPG,https://zenodo.org/record/3082688/files/CAM016745_d.JPG,c1a4e4f98b524d896a3d97a97b070f35
3934.JPG,https://zenodo.org/record/3082688/files/CAM016749_d.JPG,96ec97c7dff5510ae77e388db7bc9948
3936.JPG,https://zenodo.org/record/3082688/files/CAM016750_d.JPG,d8bc9302fb73c61b81679c5a4febaa5e
3940.JPG,https://zenodo.org/record/3082688/files/CAM016752_d.JPG,c442e412ffb59961c4f00fe91006208f
3946.JPG,https://zenodo.org/record/3082688/files/CAM016755_d.JPG,a26d19727230e821c3a6c700fdb18025
3948.JPG,https://zenodo.org/record/3082688/files/CAM016756_d.JPG,aba7ba70cee2ac96d533a5424a2cf258
3950.JPG,https://zenodo.org/record/3082688/files/CAM016757_d.JPG,dfe3bf777ad20ae084c6f31aa73b3476
3952.JPG,https://zenodo.org/record/3082688/files/CAM016758_d.JPG,3ec54f0ea518aa6341e828a7d44f96ae
3954.JPG,https://zenodo.org/record/3082688/files/CAM016759_d.JPG,858beea05b602af60fadb4fb47fd9fb2
3956.JPG,https://zenodo.org/record/3082688/files/CAM016760_d.JPG,31d7bc6523facb2f015303d66f27274e
3958.JPG,https://zenodo.org/record/3082688/files/CAM016761_d.JPG,cc93099e3d0d70cddcd525794b8ddba1
3960.JPG,https://zenodo.org/record/3082688/files/CAM016762_d.JPG,e8490352e763087e0153ce69ae898dcd
3962.JPG,https://zenodo.org/record/3082688/files/CAM016763_d.JPG,339cff095c34f33af638ea8762a028d2
3964.JPG,https://zenodo.org/record/3082688/files/CAM016764_d.JPG,aab3716ab5b752153cb49e2b96737218
3968.JPG,https://zenodo.org/record/3082688/files/CAM016766_d.JPG,ce1bf1e314cbfd1e7e9b033d50fd4490
3970.JPG,https://zenodo.org/record/3082688/files/CAM016767_d.JPG,009a4b780466bcbdb55421ca62c2c1e9
3972.JPG,https://zenodo.org/record/3082688/files/CAM016768_d.JPG,97e1fb851f9895f493fca3757493f29d
3976.JPG,https://zenodo.org/record/3082688/files/CAM016771_d.JPG,97c497eb2b6d6a13b8ce39b041e74e87
3978.JPG,https://zenodo.org/record/3082688/files/CAM016772_d.JPG,0cd8fd8aa8e6c20c0c262cfda75e7a73
3980.JPG,https://zenodo.org/record/3082688/files/CAM016777_d.JPG,3184c4497dd7106ad6dd6c80f9d88cb5
3984.JPG,https://zenodo.org/record/3082688/files/CAM016780_d.JPG,dcae7b5d71f62040b9300867cf2b750f
3988.JPG,https://zenodo.org/record/3082688/files/CAM016783_d.JPG,04727d2eeb0121249dd0ea37942fdd2c
3990.JPG,https://zenodo.org/record/3082688/files/CAM016784_d.JPG,c31db71f0119ba6701e488965d4cfd8b
3994.JPG,https://zenodo.org/record/3082688/files/CAM016786_d.JPG,398cfa4d97251baa0a683bc69ffb0c1d
3996.JPG,https://zenodo.org/record/3082688/files/CAM016787_d.JPG,ce003a8afaf5987050f0ac3c7c996ada
3998.JPG,https://zenodo.org/record/3082688/files/CAM016788_d.JPG,3e2b66a80a623a0dd3e864b3b1a117ee
4000.JPG,https://zenodo.org/record/3082688/files/CAM016789_d.JPG,7aafa3c144f451c1066222f2505575e2
4002.JPG,https://zenodo.org/record/3082688/files/CAM016790_d.JPG,f23cd5ec0963e4ebfa0bf360282b7ea6
4004.JPG,https://zenodo.org/record/3082688/files/CAM016791_d.JPG,734c4bc4a475fc2c8755cb9ee3b6ce7b
4008.JPG,https://zenodo.org/record/3082688/files/CAM016793_d.JPG,f50880462239249675c703a94dc5e002
4010.JPG,https://zenodo.org/record/3082688/files/CAM016794_d.JPG,3b9f46b850e1e387ae5f27da58511779
4012.JPG,https://zenodo.org/record/3082688/files/CAM016795_d.JPG,c8a3a05f2e76532c399eead4b73c7f08
4014.JPG,https://zenodo.org/record/3082688/files/CAM016796_d.JPG,95f009ef2d109f4fdb381e92c790d1a9
4048.JPG,https://zenodo.org/record/3082688/files/CAM016813_d.JPG,cce13bc4b3b239d6330489128960c970
4054.JPG,https://zenodo.org/record/3082688/files/CAM016816_d.JPG,e1d31baf894a794f72973ab404e55f82
4068.JPG,https://zenodo.org/record/3082688/files/CAM016823_d.JPG,1b4fddc080df0973f06e1a0c278382e8
4070.JPG,https://zenodo.org/record/3082688/files/CAM016824_d.JPG,9d3bffb0c13aba5f1dfde496e55065e0
4076.JPG,https://zenodo.org/record/3082688/files/CAM016827_d.JPG,cfc72a295a45098a3daa0110a7f71d7f
4086.JPG,https://zenodo.org/record/3082688/files/CAM016832_d.JPG,5f9486c22208f31023ea3b345c7bc487
4088.JPG,https://zenodo.org/record/3082688/files/CAM016833_d.JPG,cb1ee842a77548436bc269422dae6340
4093.JPG,https://zenodo.org/record/3082688/files/CAM016837_d.JPG,2af29821535d45a69cb760dadfff3d99
4095.JPG,https://zenodo.org/record/3082688/files/CAM016838_d.JPG,0dee7700d5b7e6a6c3a49994186d7b85
4097.JPG,https://zenodo.org/record/3082688/files/CAM016839_d.JPG,e9a2d7ef419b842f46d27dda281d501b
4099.JPG,https://zenodo.org/record/3082688/files/CAM016840_d.JPG,ee2cb692f2a126c94330b17a00b6aa47
4101.JPG,https://zenodo.org/record/3082688/files/CAM016841_d.JPG,c81d9d5cee384b37a18433b129bacb45
4103.JPG,https://zenodo.org/record/3082688/files/CAM016842_d.JPG,6f13a655d44ea260c0b0a5ca938b9528
4109.JPG,https://zenodo.org/record/3082688/files/CAM016845_d.JPG,154e2e9a5a23ce55ed78f0b9deb813c3
4115.JPG,https://zenodo.org/record/3082688/files/CAM016848_d.JPG,1038197ddc17042895d3bce4dd8cabc7
4119.JPG,https://zenodo.org/record/3082688/files/CAM016850_d.JPG,e8a266dc747881b64980dc3ef4a09cf1
4123.JPG,https://zenodo.org/record/3082688/files/CAM016852_d.JPG,525f0f99ee9f439485c732fd03be884d
4125.JPG,https://zenodo.org/record/3082688/files/CAM016853_d.JPG,c24e7fae9cd6f513004e6b9485c7a3d5
4129.JPG,https://zenodo.org/record/3082688/files/CAM016855_d.JPG,b71e9014b4625b73153034978941c613
4143.JPG,https://zenodo.org/record/3082688/files/CAM016862_d.JPG,9f8cd062629735420b96cbc370a1c574
4147.JPG,https://zenodo.org/record/3082688/files/CAM016864_d.JPG,b2e2d963174dd31e732e92103995cf8b
4151.JPG,https://zenodo.org/record/3082688/files/CAM016866_d.JPG,32584046fdb60e1f06ce7f0795eaec05
4249.JPG,https://zenodo.org/record/3082688/files/CAM016924_d.JPG,d458950c36a4c1cf2355f76a6c2c4636
4255.JPG,https://zenodo.org/record/3082688/files/CAM016927_d.JPG,8f26eb86b99b506422c074a0af39e49c
4261.JPG,https://zenodo.org/record/3082688/files/CAM016930_d.JPG,da84cda61b29757c096acce8ed35671c
4269.JPG,https://zenodo.org/record/3082688/files/CAM016938_d.JPG,d3c2164164dd8c62300079197e3c8529
4277.JPG,https://zenodo.org/record/3082688/files/CAM016947_d.JPG,d352f0e313f838345df7f12f5af179e4
4283.JPG,https://zenodo.org/record/3082688/files/CAM016953_d.JPG,27147c5285be58f8d627580124c4d87e
4285.JPG,https://zenodo.org/record/3082688/files/CAM016954_d.JPG,0842f55ea469141533eeeb7834c0b794
4287.JPG,https://zenodo.org/record/3082688/files/CAM016955_d.JPG,6cdccd562831ce6a056c986457b056a1
4289.JPG,https://zenodo.org/record/3082688/files/CAM016956_d.JPG,38313c99794878cca2ae52113511c972
4291.JPG,https://zenodo.org/record/3082688/files/CAM016957_d.JPG,90d65bfe6cbaa08145aeb1e98a1b66c9
4297.JPG,https://zenodo.org/record/3082688/files/CAM016961_d.JPG,d7fb4ccc17676132f6f2cf3c38a1e5ab
4299.JPG,https://zenodo.org/record/3082688/files/CAM016962_d.JPG,ab68eaa7df9801aec9141cfa43d927f1
4301.JPG,https://zenodo.org/record/3082688/files/CAM016963_d.JPG,8475d3aa8f3752743cadeaaa591f8463
4303.JPG,https://zenodo.org/record/3082688/files/CAM016964_d.JPG,f289846b07c80e2da82fc2da7b9bbb01
4305.JPG,https://zenodo.org/record/3082688/files/CAM016965_d.JPG,2f1ada453a957a986abbf3652aee982a
4307.JPG,https://zenodo.org/record/3082688/files/CAM016968_d.JPG,9fa7b7d23a6eabb32197c2aaa00b6250
4308.JPG,https://zenodo.org/record/3082688/files/CAM016969_d.JPG,9867b87d210807336b626e858f73172d
4310.JPG,https://zenodo.org/record/3082688/files/CAM016970_d.JPG,054a4145730efa278537a87c4401af7b
4316.JPG,https://zenodo.org/record/3082688/files/CAM016973_d.JPG,c9eb5e6f4451b412ea5db62fe9f0381b
4322.JPG,https://zenodo.org/record/3082688/files/CAM016976_d.JPG,c0a89de3fc8ccfb3794707c8c996e13c
4326.JPG,https://zenodo.org/record/3082688/files/CAM016978_d.JPG,1cfa9dd9c67563b29e1532074838af3b
4328.JPG,https://zenodo.org/record/3082688/files/CAM016979_d.JPG,86d0a10d2c96dec4612c738de44298ea
4330.JPG,https://zenodo.org/record/3082688/files/CAM016980_d.JPG,c771afa86286771cdd7f0273c870da36
4332.JPG,https://zenodo.org/record/3082688/files/CAM016981_d.JPG,974feabfea8076d6494571d5426b0f36
4336.JPG,https://zenodo.org/record/3082688/files/CAM016985_d.JPG,6aa318e88a29f5aaed63ab933a63d93f
4338.JPG,https://zenodo.org/record/3082688/files/CAM016986_d.JPG,f90dcb96ff60fcad765426b957e3f98f
4340.JPG,https://zenodo.org/record/3082688/files/CAM016987_d.JPG,495c307209c097564d9dda17e55ff64a
4342.JPG,https://zenodo.org/record/3082688/files/CAM016990_d.JPG,d41667532d3732a7ea997f3e8e13755b
4350.JPG,https://zenodo.org/record/3082688/files/CAM016995_d.JPG,cc2f18f3eac4c58c1d82aa06dffe6eee
4352.JPG,https://zenodo.org/record/3082688/files/CAM016996_d.JPG,af79b7f227ba1854a2e5120672cb2bfa
4354.JPG,https://zenodo.org/record/3082688/files/CAM016997_d.JPG,ec8b382b5f8ab2e4bc81b4c09b307deb
4355.JPG,https://zenodo.org/record/3082688/files/CAM016998_d.JPG,6e1c016716dc2967f662c2f2ee341d3a
4357.JPG,https://zenodo.org/record/3082688/files/CAM016999_d.JPG,9300b4c1e6f40bb0bc41550c9e475049
4359.JPG,https://zenodo.org/record/3082688/files/CAM017000_d.JPG,5248f7b3695ca874e02b5c14f530e199
4361.JPG,https://zenodo.org/record/3082688/files/CAM017001_d.JPG,d00c2127a08a60548606ec35bbacccb1
4363.JPG,https://zenodo.org/record/3082688/files/CAM017002_d.JPG,8794fdab85e8e1944ac743f3eb93f87a
4365.JPG,https://zenodo.org/record/3082688/files/CAM017003_d.JPG,e21be358d8430f856c1740dec7867764
4367.JPG,https://zenodo.org/record/3082688/files/CAM017004_d.JPG,e7e8b2a88004d2d8d0793ccf39782900
4369.JPG,https://zenodo.org/record/3082688/files/CAM017006_d.JPG,4d224e9d1e8226baa7b4f4aea9cf8093
4371.JPG,https://zenodo.org/record/3082688/files/CAM017007_d.JPG,8c5be409cb835f5bb1cb041264a48cf5
4373.JPG,https://zenodo.org/record/3082688/files/CAM017008_d.JPG,cc44d38186754c25044e9487f7a8cb22
4375.JPG,https://zenodo.org/record/3082688/files/CAM017009_d.JPG,1e185b06444103de0b9bdc3bbf92cc0d
4377.JPG,https://zenodo.org/record/3082688/files/CAM017010_d.JPG,0dfbdf43e0c3a5a275b7f05ec2315c85
4379.JPG,https://zenodo.org/record/3082688/files/CAM017011_d.JPG,320d340f4add55f55d3eeb4a39ba7855
4381.JPG,https://zenodo.org/record/3082688/files/CAM017012_d.JPG,0bbedb8f0e2b78f592ae2e11272cd2d8
4383.JPG,https://zenodo.org/record/3082688/files/CAM017013_d.JPG,6f5140da836399b5c9b17303f8f35d6f
4385.JPG,https://zenodo.org/record/3082688/files/CAM017014_d.JPG,a48c450919255b1cd965e5d242eaa142
4387.JPG,https://zenodo.org/record/3082688/files/CAM017015_d.JPG,2bba304877eb2874b74300c7bd3dc499
4389.JPG,https://zenodo.org/record/3082688/files/CAM017016_d.JPG,75b3b0bda8471559af410bc625bc6b11
4393.JPG,https://zenodo.org/record/3082688/files/CAM017019_d.JPG,b439f704ba9961390240a80fc04afe42
4395.JPG,https://zenodo.org/record/3082688/files/CAM017020_d.JPG,1105e5bb82242a971c1e2e012464d13f
4397.JPG,https://zenodo.org/record/3082688/files/CAM017021_d.JPG,e75fb8bab93aedcd95c659dc4fbf52a3
4399.JPG,https://zenodo.org/record/3082688/files/CAM017022_d.JPG,ca413cd1c7b8bc5333675e26cc67241f
4401.JPG,https://zenodo.org/record/3082688/files/CAM017023_d.JPG,7cd3941f4d7b35390c63fdb300ff7d0d
4403.JPG,https://zenodo.org/record/3082688/files/CAM017024_d.JPG,a490be49f763d7a466c837aec0e6daf5
4405.JPG,https://zenodo.org/record/3082688/files/CAM017025_d.JPG,a54f417edc6be0ad6345c6f0f7c7a14c
4407.JPG,https://zenodo.org/record/3082688/files/CAM017026_d.JPG,4782c5e7c8be127bedf89505317d825f
4409.JPG,https://zenodo.org/record/3082688/files/CAM017027_d.JPG,2a9eecc30ccfa63741714e94fc2ee5f9
4411.JPG,https://zenodo.org/record/3082688/files/CAM017028_d.JPG,827d7bef7ab330c1001b7ce467d80380
4413.JPG,https://zenodo.org/record/3082688/files/CAM017029_d.JPG,427d5dae01a046d9c3daf6ba78a323fe
4415.JPG,https://zenodo.org/record/3082688/files/CAM017030_d.JPG,364341519204105aa493c7bddaa0d4ca
4417.JPG,https://zenodo.org/record/3082688/files/CAM017031_d.JPG,c8bd566bc538a580d6a713f185c379da
4419.JPG,https://zenodo.org/record/3082688/files/CAM017032_d.JPG,4bfc9b163f6295071fafac410588259d
4421.JPG,https://zenodo.org/record/3082688/files/CAM017033_d.JPG,332f7bb897f3427b559e2d5aceebabd6
4423.JPG,https://zenodo.org/record/3082688/files/CAM017034_d.JPG,ffd9eb66d31f089bcea29d03f44d9770
4425.JPG,https://zenodo.org/record/3082688/files/CAM017036_d.JPG,9999cae3aa056380cfb49d4101e4fa7b
4427.JPG,https://zenodo.org/record/3082688/files/CAM017037_d.JPG,8dbf28555097c25a397edcb8898c6ef0
4429.JPG,https://zenodo.org/record/3082688/files/CAM017038_d.JPG,f37a63886b1939d854dd55d756ff386d
4431.JPG,https://zenodo.org/record/3082688/files/CAM017039_d.JPG,09ab599cafcac544449e058d679b12bd
4435.JPG,https://zenodo.org/record/3082688/files/CAM017041_d.JPG,774301e3a1d83267742fe6992be54bf4
4437.JPG,https://zenodo.org/record/3082688/files/CAM017042_d.JPG,a53d283169f55de7715dd5cfdbdf2a83
4439.JPG,https://zenodo.org/record/3082688/files/CAM017043_d.JPG,b2f6326ab9a480379ee58ac7596fb91b
4441.JPG,https://zenodo.org/record/3082688/files/CAM017044_d.JPG,991259d40f4d2949daa23b640122df4d
4443.JPG,https://zenodo.org/record/3082688/files/CAM017045_d.JPG,cb7e846f3e5dd5563bea85368d3f8d57
4445.JPG,https://zenodo.org/record/3082688/files/CAM017046_d.JPG,5c6fee736e0a88c878813df2b7cefb8f
4447.JPG,https://zenodo.org/record/3082688/files/CAM017049_d.JPG,6b9c5152ab4e9f3754fa284aa600ff03
4449.JPG,https://zenodo.org/record/3082688/files/CAM017050_d.JPG,471464363227650419d36ffd1730498f
4451.JPG,https://zenodo.org/record/3082688/files/CAM017051_d.JPG,9e3f7900a9fcf7c7a34e733db63c68f3
4453.JPG,https://zenodo.org/record/3082688/files/CAM017052_d.JPG,53edc6becfa28b989fde5f8916761a50
4457.JPG,https://zenodo.org/record/3082688/files/CAM017054_d.JPG,4f20118f2d4b03e5bd0b623d404cc9fd
4459.JPG,https://zenodo.org/record/3082688/files/CAM017055_d.JPG,8e3a24510b1a0d06712aaa5365666823
4461.JPG,https://zenodo.org/record/3082688/files/CAM017056_d.JPG,b04d5908b038ef8fb748e3957598cdb7
4463.JPG,https://zenodo.org/record/3082688/files/CAM017057_d.JPG,4456bc0f6734c1727ae9375a51c8f82c
4465.JPG,https://zenodo.org/record/3082688/files/CAM017058_d.JPG,485110084fe9a51e24ad41a237cd385a
4467.JPG,https://zenodo.org/record/3082688/files/CAM017059_d.JPG,5f4dd3844d46485d51d95e879f3b5eec
4469.JPG,https://zenodo.org/record/3082688/files/CAM017060_d.JPG,e79df76ffe823f6c6846976da56f5634
4471.JPG,https://zenodo.org/record/3082688/files/CAM017061_d.JPG,39222b099717fd4e9c7805d9090e9dd1
4473.JPG,https://zenodo.org/record/3082688/files/CAM017062_d.JPG,ea40a2484676988042fc069c81503557
4475.JPG,https://zenodo.org/record/3082688/files/CAM017063_d.JPG,1960bd6a40115e30603c7946193d860b
4477.JPG,https://zenodo.org/record/3082688/files/CAM017064_d.JPG,78d9bdd125a8b79f57f341371972c03e
4479.JPG,https://zenodo.org/record/3082688/files/CAM017065_d.JPG,7058245d1aa7fff8a8c7283bc44b29dd
4487.JPG,https://zenodo.org/record/3082688/files/CAM017069_d.JPG,4d0b88b480b41b355e78bb288f7d2b4f
4489.JPG,https://zenodo.org/record/3082688/files/CAM017070_d.JPG,615044dd0eaf487e79496efc886db79a
4491.JPG,https://zenodo.org/record/3082688/files/CAM017071_d.JPG,59e026e5e3840e93c5e7afda2f7d275c
4495.JPG,https://zenodo.org/record/3082688/files/CAM017073_d.JPG,86139848d9874b37b39761cda6cf2493
4497.JPG,https://zenodo.org/record/3082688/files/CAM017074_d.JPG,e8537dcf13b93b2baa728e74d0ccc358
4499.JPG,https://zenodo.org/record/3082688/files/CAM017079_d.JPG,7c1f920d180e7bc60447e02e62e2f6c3
4503.JPG,https://zenodo.org/record/3082688/files/CAM017081_d.JPG,fbc7d9c95fced805728292103ff21896
4505.JPG,https://zenodo.org/record/3082688/files/CAM017082_d.JPG,6e257e6ed3a824342dec8714515136b6
4507.JPG,https://zenodo.org/record/3082688/files/CAM017083_d.JPG,bf835344b42ba86b8becf575d0f945fd
4511.JPG,https://zenodo.org/record/3082688/files/CAM017085_d.JPG,7b1b205c9d0cb030092b61cad2d2df5d
4513.JPG,https://zenodo.org/record/3082688/files/CAM017086_d.JPG,d2ae50569c7b83da728ccb55938cbd90
4515.JPG,https://zenodo.org/record/3082688/files/CAM017087_d.JPG,00312a3578c289ff3424a7e152f64066
4517.JPG,https://zenodo.org/record/3082688/files/CAM017088_d.JPG,aedb4d9dab319c48e6e1cfc8321a1f8c
4519.JPG,https://zenodo.org/record/3082688/files/CAM017089_d.JPG,75bf208b6f28d03f6c5a6c119cbf16a1
4523.JPG,https://zenodo.org/record/3082688/files/CAM017091_d.JPG,69f9ef95868cf5349bbb7f77826d6e3f
4525.JPG,https://zenodo.org/record/3082688/files/CAM017092_d.JPG,072a4a4c509291e921476ad4c9ac6ce9
4527.JPG,https://zenodo.org/record/3082688/files/CAM017093_d.JPG,6c4a41ec1fd731c0bb665245f88edb57
4537.JPG,https://zenodo.org/record/3082688/files/CAM017099_d.JPG,a776611b64ed4a35178ac794428be235
4539.JPG,https://zenodo.org/record/3082688/files/CAM017100_d.JPG,8a46176b30ee7e5d7fb3067b192f8827
4543.JPG,https://zenodo.org/record/3082688/files/CAM017103_d.JPG,4c51120061534d2272325e1dba9ecc46
4545.JPG,https://zenodo.org/record/3082688/files/CAM017104_d.JPG,94d8606b79481aaa63a3d8bcc5f19252
4547.JPG,https://zenodo.org/record/3082688/files/CAM017109_d.JPG,ab7ed68556806e6860cfa2e2738451ff
4549.JPG,https://zenodo.org/record/3082688/files/CAM017110_d.JPG,91a52e61119b2ae438c77e3fde79aaba
4551.JPG,https://zenodo.org/record/3082688/files/CAM017111_d.JPG,a0c1403c36945f9b2cc3b3270da2a6ab
4553.JPG,https://zenodo.org/record/3082688/files/CAM017112_d.JPG,477563ed34e93ef068ae0a9b34c8fef5
4555.JPG,https://zenodo.org/record/3082688/files/CAM017113_d.JPG,ffd3001913a215f27a8cacbc0cd50b8a
4557.JPG,https://zenodo.org/record/3082688/files/CAM017114_d.JPG,d802b710e0fdd21a9dd033f29d9c43e1
4559.JPG,https://zenodo.org/record/3082688/files/CAM017115_d.JPG,54aaaec55d0d8522698446397c5d3823
4561.JPG,https://zenodo.org/record/3082688/files/CAM017116_d.JPG,13ea95080d9756830ad6f752e12adc0f
4563.JPG,https://zenodo.org/record/3082688/files/CAM017117_d.JPG,1c83bb0b1522f16e0458980ac00919e5
4565.JPG,https://zenodo.org/record/3082688/files/CAM017118_d.JPG,21f42ad4fc968d007915a0086c5a2094
4567.JPG,https://zenodo.org/record/3082688/files/CAM017119_d.JPG,23e7bc927a9d35eec74c46b32bb2d298
4569.JPG,https://zenodo.org/record/3082688/files/CAM017120_d.JPG,94b8a22cab5ca2a294c651e9e4f2285b
4571.JPG,https://zenodo.org/record/3082688/files/CAM017121_d.JPG,b609650046af58a4f11c7063454f73fc
4573.JPG,https://zenodo.org/record/3082688/files/CAM017122_d.JPG,bd6a6689ec504a754ea96d698c7210ac
4577.JPG,https://zenodo.org/record/3082688/files/CAM017124_d.JPG,57517a41f65c8ad442297d27b4da22b2
4581.JPG,https://zenodo.org/record/3082688/files/CAM017126_d.JPG,3bc3a76162baf3ce32e3d7e179ceb0fa
4583.JPG,https://zenodo.org/record/3082688/files/CAM017127_d.JPG,117be0a9acc423846c33a1aadf0d4acb
4587.JPG,https://zenodo.org/record/3082688/files/CAM017129_d.JPG,50299d869fb141561c65a621e0b247b4
4589.JPG,https://zenodo.org/record/3082688/files/CAM017130_d.JPG,c1a6e08d7727d4ffb9f9c31aa3c41b3a
4593.JPG,https://zenodo.org/record/3082688/files/CAM017132_d.JPG,5861bf3c8f7854ba322c5cfa60ce567d
4595.JPG,https://zenodo.org/record/3082688/files/CAM017133_d.JPG,1be4a7bc57e55790e3b32456ad4b6d91
4597.JPG,https://zenodo.org/record/3082688/files/CAM017134_d.JPG,7bf42efce2afb6ed81fa00d28452bd63
4599.JPG,https://zenodo.org/record/3082688/files/CAM017135_d.JPG,c16c9ec223d06508b8b3f5c61aa84be9
4601.JPG,https://zenodo.org/record/3082688/files/CAM017136_d.JPG,76b00567fb7543a5ec272b691fc67e7b
4603.JPG,https://zenodo.org/record/3082688/files/CAM017137_d.JPG,e6267093dba73ed638c68bcc11878e70
4605.JPG,https://zenodo.org/record/3082688/files/CAM017138_d.JPG,96921395459d2649a7c9c8de1fa4f2e2
4607.JPG,https://zenodo.org/record/3082688/files/CAM017141_d.JPG,905774e1258712d4815b4ae9fcadcff8
4609.JPG,https://zenodo.org/record/3082688/files/CAM017142_d.JPG,8aa9213d94a4d10f51b7577d99c8d77e
4611.JPG,https://zenodo.org/record/3082688/files/CAM017143_d.JPG,ee06f93a3f6217729bbf43cdcc901abd
4613.JPG,https://zenodo.org/record/3082688/files/CAM017144_d.JPG,5c04f515d957de4765df945819c84cf5
4615.JPG,https://zenodo.org/record/3082688/files/CAM017145_d.JPG,aaa64c665e25b805c62856c91c762419
4617.JPG,https://zenodo.org/record/3082688/files/CAM017146_d.JPG,e02a05f6de7120538bd0d5181d8dd505
4619.JPG,https://zenodo.org/record/3082688/files/CAM017147_d.JPG,d3bc4c90e5bf307a41d07aec0667c900
4621.JPG,https://zenodo.org/record/3082688/files/CAM017148_d.JPG,00c927736f33787abed5f7fc9d1236a6
4623.JPG,https://zenodo.org/record/3082688/files/CAM017149_d.JPG,7cf1f618fdc3c23b83ebcbe2ffcd1e93
4625.JPG,https://zenodo.org/record/3082688/files/CAM017150_d.JPG,fdbeb2f1d34c12dd067e4a9401aef6f0
4627.JPG,https://zenodo.org/record/3082688/files/CAM017151_d.JPG,5718b945ce1536b7bd4f437f7b2ea839
4633.JPG,https://zenodo.org/record/3082688/files/CAM017154_d.JPG,9c6b48efdd186ea5ee30f06743513368
4637.JPG,https://zenodo.org/record/3082688/files/CAM017156_d.JPG,53f86cfaee849c071c799e161a5b6967
4639.JPG,https://zenodo.org/record/3082688/files/CAM017157_d.JPG,b9e91f2758895af8fabee86b2416019e
4641.JPG,https://zenodo.org/record/3082688/files/CAM017158_d.JPG,55a8e4ccd79ef64dc3e5e51f120fddd8
4643.JPG,https://zenodo.org/record/3082688/files/CAM017159_d.JPG,61ff6b00b096985588a126408395be41
4645.JPG,https://zenodo.org/record/3082688/files/CAM017160_d.JPG,09a178b8e5502f859a8d0d9088ab4b5b
4647.JPG,https://zenodo.org/record/3082688/files/CAM017161_d.JPG,c6a6fcd18ea3c49461a0a7f9165b0bc3
4649.JPG,https://zenodo.org/record/3082688/files/CAM017163_d.JPG,026113bfa18ad128484f0f42caee5198
4651.JPG,https://zenodo.org/record/3082688/files/CAM017165_d.JPG,9f9b45482cdee4775d189e4db99f4b33
4653.JPG,https://zenodo.org/record/3082688/files/CAM017166_d.JPG,671cd1c8699fdb437a704c32306c572a
4655.JPG,https://zenodo.org/record/3082688/files/CAM017167_d.JPG,1a98cbc7cbf8bc09f318074b4b2d03eb
4657.JPG,https://zenodo.org/record/3082688/files/CAM017168_d.JPG,41c090806185433b3e4364b1d3be9440
4659.JPG,https://zenodo.org/record/3082688/files/CAM017169_d.JPG,96ebe7216df46b3df80d3202819ac761
4661.JPG,https://zenodo.org/record/3082688/files/CAM017170_d.JPG,ecd832fbbac2e2fd572f0c9a232d3cba
4663.JPG,https://zenodo.org/record/3082688/files/CAM017171_d.JPG,4b6dada83ea2f09534ca4c914291f6d5
4702.JPG,https://zenodo.org/record/3082688/files/CAM017191_d.JPG,2177b86e5c8dd1c51829c7d978aa807d
4704.JPG,https://zenodo.org/record/3082688/files/CAM017192_d.JPG,cad3c46d1005b5ced0817757f095fd88
4721.JPG,https://zenodo.org/record/3082688/files/CAM017201_d.JPG,ef69dfd99211270ba1d29e8575c2e5bb
4729.JPG,https://zenodo.org/record/3082688/files/CAM017206_d.JPG,b5aa193947b7166d71f56c28e11195a8
4747.JPG,https://zenodo.org/record/3082688/files/CAM017215_d.JPG,508b923a498def1a063d04d09c762afd
4753.JPG,https://zenodo.org/record/3082688/files/CAM017218_d.JPG,663e604c1daa22103952f2989afb702d
4757.JPG,https://zenodo.org/record/3082688/files/CAM017220_d.JPG,70c8138263841036ac5d9ed9804c8876
4761.JPG,https://zenodo.org/record/3082688/files/CAM017222_d.JPG,aba15194ab3f38ef17ec227174b4bfbb
4765.JPG,https://zenodo.org/record/3082688/files/CAM017224_d.JPG,4c275dfa94b62cb7c7ef19cfdc970d4b
4767.JPG,https://zenodo.org/record/3082688/files/CAM017225_d.JPG,a4f48ebd59ba79f6f22a5d3a7eb5a4b5
4769.JPG,https://zenodo.org/record/3082688/files/CAM017226_d.JPG,f359d2a8dbfde3ac169c9bb8c1759bdf
4775.JPG,https://zenodo.org/record/3082688/files/CAM017229_d.JPG,815da035a68b6df230c49f692f7c5102
4777.JPG,https://zenodo.org/record/3082688/files/CAM017230_d.JPG,73b370d31dd85c96c757209fa6564323
4785.JPG,https://zenodo.org/record/3082688/files/CAM017234_d.JPG,03a4fb8c9841ba7f753f13e452343ba6
4787.JPG,https://zenodo.org/record/3082688/files/CAM017235_d.JPG,ed49ec1c78f9d1f51ed0b4c65dd500ea
4842.JPG,https://zenodo.org/record/3082688/files/CAM017265_d.JPG,78520a053f605cddf95fb568f47c760d
4844.JPG,https://zenodo.org/record/3082688/files/CAM017266_d.JPG,dc4986db5b02ee76bbab9b3696ae5582
4848.JPG,https://zenodo.org/record/3082688/files/CAM017268_d.JPG,63b30053ce286e71839326dd5ab42455
4850.JPG,https://zenodo.org/record/3082688/files/CAM017269_d.JPG,8b50546901c42ae4012f299a6f09b174
4852.JPG,https://zenodo.org/record/3082688/files/CAM017270_d.JPG,269543d2c32311566806b33219509754
4854.JPG,https://zenodo.org/record/3082688/files/CAM017271_d.JPG,75c086931e3dd71a534dbc82fac325fe
4856.JPG,https://zenodo.org/record/3082688/files/CAM017272_d.JPG,63f1e090ce170c240cf9c120cd6338fe
4858.JPG,https://zenodo.org/record/3082688/files/CAM017273_d.JPG,27e21179e9e3d87340796039478e004d
4860.JPG,https://zenodo.org/record/3082688/files/CAM017274_d.JPG,f902db6827863efeca68834316de34ca
4862.JPG,https://zenodo.org/record/3082688/files/CAM017275_d.JPG,b6a6ea8bc491f04b402cc2a2c58481d9
4864.JPG,https://zenodo.org/record/3082688/files/CAM017276_d.JPG,82f4f1ed041075543c622db3ff2612a0
4866.JPG,https://zenodo.org/record/3082688/files/CAM017277_d.JPG,53334e3740b2b7981242ad2af03ba5ef
4868.JPG,https://zenodo.org/record/3082688/files/CAM017278_d.JPG,e1988dc6f66b32b2d1bacf048486e7d7
4870.JPG,https://zenodo.org/record/3082688/files/CAM017279_d.JPG,d8edf2ccdbb2a7e6edeaccc4efcef0f4
4872.JPG,https://zenodo.org/record/3082688/files/CAM017280_d.JPG,7b0bc974c5310f8b2f39deee13beac29
4874.JPG,https://zenodo.org/record/3082688/files/CAM017281_d.JPG,a46ccf353cd31f4a522bb76009ab6b70
4878.JPG,https://zenodo.org/record/3082688/files/CAM017283_d.JPG,6582c8c55c35c69ea5d05de65ed06efe
4880.JPG,https://zenodo.org/record/3082688/files/CAM017284_d.JPG,e7550c86c7e1c9af522912fde0bbfc4e
4882.JPG,https://zenodo.org/record/3082688/files/CAM017287_d.JPG,4f9b884b36a6353d1e331db0ebe78f35
4884.JPG,https://zenodo.org/record/3082688/files/CAM017296_d.JPG,7e581198d35ebf728d07af9ab98e62b1
4886.JPG,https://zenodo.org/record/3082688/files/CAM017297_d.JPG,139c531b14848a1e1eef6e8a53113a5c
4888.JPG,https://zenodo.org/record/3082688/files/CAM017298_d.JPG,5e2754a5c699c68a41d8d776b1ccd6d9
4890.JPG,https://zenodo.org/record/3082688/files/CAM017300_d.JPG,4f6b17f81937d1e44529110ca7f88ce4
4892.JPG,https://zenodo.org/record/3082688/files/CAM017301_d.JPG,cbdedd0cbd8c8e512389b2ed3270caa2
4894.JPG,https://zenodo.org/record/3082688/files/CAM017302_d.JPG,45135b08119c163248b56ed131e0bd30
4896.JPG,https://zenodo.org/record/3082688/files/CAM017303_d.JPG,cc2fa253c1a1afb6d885e2918ff11583
4898.JPG,https://zenodo.org/record/3082688/files/CAM017306_d.JPG,5ba8d97a09903dd83a103e57eda1bcc9
4900.JPG,https://zenodo.org/record/3082688/files/CAM017307_d.JPG,b927c0322194589ea4506a388edc2b48
4902.JPG,https://zenodo.org/record/3082688/files/CAM017308_d.JPG,190e40bdd1c310639c3d2e234ed0f45f
4904.JPG,https://zenodo.org/record/3082688/files/CAM017309_d.JPG,4f12eafe4ba3a9474fa7539a42ed91bc
4906.JPG,https://zenodo.org/record/3082688/files/CAM017310_d.JPG,22d793c6ddfe46eae52292e84dddff5f
4908.JPG,https://zenodo.org/record/3082688/files/CAM017311_d.JPG,24341596945a9f51266b71d8362e07c4
4910.JPG,https://zenodo.org/record/3082688/files/CAM017312_d.JPG,f2fe7c27f58a209ef1f4437b08f63026
4912.JPG,https://zenodo.org/record/3082688/files/CAM017314_d.JPG,2897501468f1d45893dad7f0f1f69955
4914.JPG,https://zenodo.org/record/3082688/files/CAM017315_d.JPG,42bed8bd3ab379a4b2940fd7f51c3082
4916.JPG,https://zenodo.org/record/3082688/files/CAM017316_d.JPG,b4560e332e581fb1b54da7425a9806b7
4918.JPG,https://zenodo.org/record/3082688/files/CAM017317_d.JPG,f01bcda8dcbd255b88d212b388b82f33
4920.JPG,https://zenodo.org/record/3082688/files/CAM017318_d.JPG,fa50bdd83261a9fd373386575888c86b
4922.JPG,https://zenodo.org/record/3082688/files/CAM017319_d.JPG,6df9d4a0a77504d3c94a0e1348a087b3
4934.JPG,https://zenodo.org/record/3082688/files/CAM017328_d.JPG,47c1a7dfe932a11a40870cdc792a3ea6
4938.JPG,https://zenodo.org/record/3082688/files/CAM017330_d.JPG,022800ca84c2a895bff035f7d6da6096
4940.JPG,https://zenodo.org/record/3082688/files/CAM017331_d.JPG,7f4a8d5042a30d28102fdb82fb0ab092
4942.JPG,https://zenodo.org/record/3082688/files/CAM017332_d.JPG,2ec8feec65f4091b120dd73fbeb481ce
4944.JPG,https://zenodo.org/record/3082688/files/CAM017333_d.JPG,d81fd1add2b35289929fdc5ad1960ec1
4946.JPG,https://zenodo.org/record/3082688/files/CAM017334_d.JPG,de5f95dcfea592efb690b0d86ccb217c
4952.JPG,https://zenodo.org/record/3082688/files/CAM017337_d.JPG,bcc99768671929dcd643cad7bdc19b35
4954.JPG,https://zenodo.org/record/3082688/files/CAM017338_d.JPG,8c113150db3badda8488713dc399d406
4956.JPG,https://zenodo.org/record/3082688/files/CAM017339_d.JPG,0f8d472eaff49ac402bb08809c4d447f
4958.JPG,https://zenodo.org/record/3082688/files/CAM017340_d.JPG,a78089947a0d43c6ec45ccaaa382ceeb
4960.JPG,https://zenodo.org/record/3082688/files/CAM017341_d.JPG,0bc873f86e93cd03d5aab5c005dde48d
4964.JPG,https://zenodo.org/record/3082688/files/CAM017343_d.JPG,a9b5a0d3dc074cedebb9999b90c691f6
4966.JPG,https://zenodo.org/record/3082688/files/CAM017344_d.JPG,cab1593a31f2f652d5d3e1b462b7488b
4970.JPG,https://zenodo.org/record/3082688/files/CAM017346_d.JPG,b361be55d541799a28b05ab5a5366b2f
4972.JPG,https://zenodo.org/record/3082688/files/CAM017347_d.JPG,1cfa992958698af8f36754dcfa50e154
4974.JPG,https://zenodo.org/record/3082688/files/CAM017348_d.JPG,4a0e8298866515997714462f7a0278ac
4976.JPG,https://zenodo.org/record/3082688/files/CAM017349_d.JPG,953974b35ab0154c5aeac36936d6a29b
4978.JPG,https://zenodo.org/record/3082688/files/CAM017350_d.JPG,41567e82fca5d92e0bb563b5a21e959c
5012.JPG,https://zenodo.org/record/3082688/files/CAM017381_d.JPG,3f482f9850b32ad626986ce80c8ad9c9
5016.JPG,https://zenodo.org/record/3082688/files/CAM017383_d.JPG,867b4d403dce2d0d50a4ef3f893cb68e
5020.JPG,https://zenodo.org/record/3082688/files/CAM017385_d.JPG,f1ad4f4649b171c8b953a6a581341018
5022.JPG,https://zenodo.org/record/3082688/files/CAM017386_d.JPG,05c52cac0d9a0b44c6fe53b5ad80a52c
5024.JPG,https://zenodo.org/record/3082688/files/CAM017387_d.JPG,78d8a81d77ac04bb740b5287c0ae392b
5025.JPG,https://zenodo.org/record/3082688/files/CAM017388_d.JPG,e775d3a2f00af33d0bd1a301f93fbd45
5027.JPG,https://zenodo.org/record/3082688/files/CAM017389_d.JPG,b2ea651083ceedf73a3c6cdf22e3a3e2
5031.JPG,https://zenodo.org/record/3082688/files/CAM017391_d.JPG,58ba51780a732373d1562d5d100fa8f3
5033.JPG,https://zenodo.org/record/3082688/files/CAM017392_d.JPG,8fde8c40094db9f87eaf53705d5daa78
5035.JPG,https://zenodo.org/record/3082688/files/CAM017393_d.JPG,df5d27ef693a090831e2c6db61cc40a5
5037.JPG,https://zenodo.org/record/3082688/files/CAM017395_d.JPG,134f1f19f53faa4711ff90aa0c2f98b1
5039.JPG,https://zenodo.org/record/3082688/files/CAM017398_d.JPG,3bc23d7208bdf9449f9a208de241cd32
5041.JPG,https://zenodo.org/record/3082688/files/CAM017399_d.JPG,51698dd49ce8f31281fd2056c7a7b7e3
5043.JPG,https://zenodo.org/record/3082688/files/CAM017400_d.JPG,88c2e7a8e7e199f68e9372e084f4be8c
5045.JPG,https://zenodo.org/record/3082688/files/CAM017401_d.JPG,f107245df21fc62a82c3f651a6ea9b4b
5049.JPG,https://zenodo.org/record/3082688/files/CAM017403_d.JPG,1e294bdebd6b09d94780829fb6705f27
5051.JPG,https://zenodo.org/record/3082688/files/CAM017404_d.JPG,ad165ff8b2861864d9f8c63eb77f3dc6
5053.JPG,https://zenodo.org/record/3082688/files/CAM017405_d.JPG,8ec79c4a56cecf5993af52dca8ec1270
5055.JPG,https://zenodo.org/record/3082688/files/CAM017407_d.JPG,69582924c9f122fefd78059031958aaf
5057.JPG,https://zenodo.org/record/3082688/files/CAM017408_d.JPG,d6c5791935525ce03ca91669f3c5a994
5059.JPG,https://zenodo.org/record/3082688/files/CAM017410_d.JPG,332702f5a77c8ca8b86917c288b00ce9
5061.JPG,https://zenodo.org/record/3082688/files/CAM017412_d.JPG,e45ee6c9588394c117b97e1c1863aef1
5063.JPG,https://zenodo.org/record/3082688/files/CAM017413_d.JPG,ea60eed186891df96f636b729e89a21d
5065.JPG,https://zenodo.org/record/3082688/files/CAM017414_d.JPG,8cf5e007238b3b88fd5802f1571c2190
5067.JPG,https://zenodo.org/record/3082688/files/CAM017415_d.JPG,dd9332e8c980d24d7522618fe1d02b13
5069.JPG,https://zenodo.org/record/3082688/files/CAM017416_d.JPG,9bf75a5f1f72b5344d63b52231465b55
5073.JPG,https://zenodo.org/record/3082688/files/CAM017418_d.JPG,24ad67fc17a7615bd4f2d52fdbafbc28
5075.JPG,https://zenodo.org/record/3082688/files/CAM017419_d.JPG,b9901c68b6f6e1761ca14d096f0cb5c7
5077.JPG,https://zenodo.org/record/3082688/files/CAM017420_d.JPG,b7e1a2947b8e2b95323ef3203edc0b14
5079.JPG,https://zenodo.org/record/3082688/files/CAM017421_d.JPG,7efbd7d937fe985592d912f3fa8341fb
5081.JPG,https://zenodo.org/record/3082688/files/CAM017422_d.JPG,fe6dde77b1450d4774ef32cf20a3e57c
5085.JPG,https://zenodo.org/record/3082688/files/CAM017424_d.JPG,8bbb6e2e32f4b94839a74d8e8b6636e1
5087.JPG,https://zenodo.org/record/3082688/files/CAM017425_d.JPG,2b1deb0392caa4402bccd7a894e38259
5089.JPG,https://zenodo.org/record/3082688/files/CAM017426_d.JPG,1a77d9bfcfa88896688b13d3bbbb32ed
5091.JPG,https://zenodo.org/record/3082688/files/CAM017427_d.JPG,f188ce7fd0da1abd54c09c11349b232a
5093.JPG,https://zenodo.org/record/3082688/files/CAM017428_d.JPG,caa7e1bd02f945710e6ac2fe75c732f6
5095.JPG,https://zenodo.org/record/3082688/files/CAM017429_d.JPG,accd60844bd21b24aa5335fb638bc235
5101.JPG,https://zenodo.org/record/3082688/files/CAM017432_d.JPG,bbe118451efd7c5cc5d31e632037c506
5103.JPG,https://zenodo.org/record/3082688/files/CAM017433_d.JPG,4731c5ccc65624f3e2c6d0d1e33c962e
5105.JPG,https://zenodo.org/record/3082688/files/CAM017435_d.JPG,72d7a80af1cceb481d655476053a4ff6
5107.JPG,https://zenodo.org/record/3082688/files/CAM017436_d.JPG,4cfca013286a48f6421d343c6f897f8e
5111.JPG,https://zenodo.org/record/3082688/files/CAM017438_d.JPG,6e49db01458809a121f4fcf250b458ca
5113.JPG,https://zenodo.org/record/3082688/files/CAM017439_d.JPG,10fd63e55079d877a177b725c179218a
5117.JPG,https://zenodo.org/record/3082688/files/CAM017441_d.JPG,047b22a7710034d768ee26564137fa33
5119.JPG,https://zenodo.org/record/3082688/files/CAM017442_d.JPG,a2b10a0a5c3b6b4ba26b4bdf7193d89a
5121.JPG,https://zenodo.org/record/3082688/files/CAM017443_d.JPG,112f1b8f6f6452e436453ee48589cd44
5122.JPG,https://zenodo.org/record/3082688/files/CAM017444_d.JPG,10ff0ba773738700c41868afc5965835
5124.JPG,https://zenodo.org/record/3082688/files/CAM017445_d.JPG,7465e06f8d1aea6b5eb63bc07e2fbc08
5126.JPG,https://zenodo.org/record/3082688/files/CAM017446_d.JPG,f31f843def404f5be128d4cf72d6020b
5128.JPG,https://zenodo.org/record/3082688/files/CAM017447_d.JPG,4a92f0c75563945ac6c6fd30c8498117
5146.JPG,https://zenodo.org/record/3082688/files/CAM017461_d.JPG,deb83f0b3be31c86dd482630fc402d4c
5148.JPG,https://zenodo.org/record/3082688/files/CAM017462_d.JPG,d8186b99e5525279cd92a8a5374b4341
5150.JPG,https://zenodo.org/record/3082688/files/CAM017463_d.JPG,2ab1974418b7822323f0ffd2a52911a6
5152.JPG,https://zenodo.org/record/3082688/files/CAM017464_d.JPG,cff8b6a261c9c83f1af988316325a2a6
5154.JPG,https://zenodo.org/record/3082688/files/CAM017465_d.JPG,4a74ff106ccd079a462f99eeaeaccdb7
5156.JPG,https://zenodo.org/record/3082688/files/CAM017466_d.JPG,42b2aaf5c0c0d2ca55be7d8cdfbde26a
5158.JPG,https://zenodo.org/record/3082688/files/CAM017467_d.JPG,0da4e9738de7646cd76023a9f95e8a54
5160.JPG,https://zenodo.org/record/3082688/files/CAM017468_d.JPG,1a2a9a19e9360d5dffc6170d3f48cd2b
5162.JPG,https://zenodo.org/record/3082688/files/CAM017469_d.JPG,4ce472796d714a283ca54234a48ad062
5164.JPG,https://zenodo.org/record/3082688/files/CAM017470_d.JPG,5adbb80d4ca441e95628556792dfefcf
5166.JPG,https://zenodo.org/record/3082688/files/CAM017471_d.JPG,1f8b02113c50b257b49cea7c928e96fc
5168.JPG,https://zenodo.org/record/3082688/files/CAM017472_d.JPG,de0c974e6a1c9e7cb7da879be684ea55
5170.JPG,https://zenodo.org/record/3082688/files/CAM017473_d.JPG,a89f78958a06a42128c219d2a9a119c7
5172.JPG,https://zenodo.org/record/3082688/files/CAM017474_d.JPG,bfa33bd9ac2e37b47a4bb0ddda2ae97f
5174.JPG,https://zenodo.org/record/3082688/files/CAM017475_d.JPG,661b52026e061fcef9c96665eb8d0c73
5176.JPG,https://zenodo.org/record/3082688/files/CAM017476_d.JPG,8964326ce9844200ee1a417e1db3687f
5178.JPG,https://zenodo.org/record/3082688/files/CAM017477_d.JPG,f52c6110eaf44336d1d0db4a427db8ec
5180.JPG,https://zenodo.org/record/3082688/files/CAM017478_d.JPG,3d7be2c57ffe7d3563d3d2f2202db220
5182.JPG,https://zenodo.org/record/3082688/files/CAM017479_d.JPG,a20c58aacced374dbf8ac132b125d6ea
5184.JPG,https://zenodo.org/record/3082688/files/CAM017480_d.JPG,3c657deb10a4fe0502a32c6b4a9e107d
5186.JPG,https://zenodo.org/record/3082688/files/CAM017481_d.JPG,74c781307d214359d5f3ec665599e03d
5188.JPG,https://zenodo.org/record/3082688/files/CAM017482_d.JPG,6498cace738c6638c96cea24b1c0cc0d
5190.JPG,https://zenodo.org/record/3082688/files/CAM017483_d.JPG,d0159db056028f1c92643c7231108658
5192.JPG,https://zenodo.org/record/3082688/files/CAM017484_d.JPG,e5460f7779162ab51cdb3fdb57f46bcc
5194.JPG,https://zenodo.org/record/3082688/files/CAM017485_d.JPG,06f4d916f0692b703ec7d147408e1576
5196.JPG,https://zenodo.org/record/3082688/files/CAM017486_d.JPG,fef9488b9e6dd1f1ac00cb4220eb7515
5198.JPG,https://zenodo.org/record/3082688/files/CAM017487_d.JPG,4d6f5734e63a611faab342e296a0f9b8
5204.JPG,https://zenodo.org/record/3082688/files/CAM017501_d.JPG,08f5b35c6ed20f78529caab42bba13ac
5206.JPG,https://zenodo.org/record/3082688/files/CAM017502_d.JPG,9ab83d7647be19662faf8526559df663
5208.JPG,https://zenodo.org/record/3082688/files/CAM017503_d.JPG,888ea15f510eabd527db22655e1bf123
5210.JPG,https://zenodo.org/record/3082688/files/CAM017504_d.JPG,413670aa4071bb07b5db098ab38939b9
5212.JPG,https://zenodo.org/record/3082688/files/CAM017505_d.JPG,765ab08de82276f7c906a3837411ea09
5222.JPG,https://zenodo.org/record/3082688/files/CAM017510_d.JPG,cfd66266e0cf696a5a812874fb94f7d9
5224.JPG,https://zenodo.org/record/3082688/files/CAM017511_d.JPG,11c992f565924029bec6b6a7c6326dd7
5226.JPG,https://zenodo.org/record/3082688/files/CAM017512_d.JPG,5b44253ee4091191f897515d5835b2b2
5228.JPG,https://zenodo.org/record/3082688/files/CAM017514_d.JPG,06df9142502977ec12f3ed1707fed604
5230.JPG,https://zenodo.org/record/3082688/files/CAM017515_d.JPG,74aedf9e7eb2c3f23f1b5d80f05074fa
5232.JPG,https://zenodo.org/record/3082688/files/CAM017516_d.JPG,142f893fa2e7d233a1d5fbbffb4be719
5240.JPG,https://zenodo.org/record/3082688/files/CAM017520_d.JPG,327f0e79a55cb7fb2ed91807f7313f43
5244.JPG,https://zenodo.org/record/3082688/files/CAM017522_d.JPG,9e1ebbdf88016c431c3d0acf0bb6f9e0
5258.JPG,https://zenodo.org/record/3082688/files/CAM017529_d.JPG,0ba6293faa9b47a6dfdc32e5027a4d63
5260.JPG,https://zenodo.org/record/3082688/files/CAM017530_d.JPG,0f2d793156cbc8ce2d22d4615943ba22
5262.JPG,https://zenodo.org/record/3082688/files/CAM017531_d.JPG,5144d3c416e1a2b88737b7eae29e562b
5264.JPG,https://zenodo.org/record/3082688/files/CAM017533_d.JPG,4361259190e9e9f4fdc120b14a513e97
5266.JPG,https://zenodo.org/record/3082688/files/CAM017534_d.JPG,9efe8b4dcd2df09e3867e89e0c5c5d4d
5268.JPG,https://zenodo.org/record/3082688/files/CAM017535_d.JPG,5d2f7ac431c6b6dbb2864b3137942610
5270.JPG,https://zenodo.org/record/3082688/files/CAM017536_d.JPG,6a34f7777b442df2caab0acbd27f9afb
5278.JPG,https://zenodo.org/record/3082688/files/CAM017544_d.JPG,0968b6796d7583727475d76eea8e8614
5280.JPG,https://zenodo.org/record/3082688/files/CAM017545_d.JPG,48a9795f25b45fc29a9567ef7db7b77e
5282.JPG,https://zenodo.org/record/3082688/files/CAM017546_d.JPG,a10aea72b9c9910bfa7ae83ed7c3e988
5284.JPG,https://zenodo.org/record/3082688/files/CAM017547_d.JPG,3ad33efe1815e1d7e61bd8901461f534
5286.JPG,https://zenodo.org/record/3082688/files/CAM017548_d.JPG,f758aed276405745ccfb560d098edd44
5296.JPG,https://zenodo.org/record/3082688/files/CAM017553_d.JPG,eaa103ca3736026b1e5ac18b2e2f09aa
5304.JPG,https://zenodo.org/record/3082688/files/CAM017562_d.JPG,049a1ea249a2a1636867721e38d8c1c3
5306.JPG,https://zenodo.org/record/3082688/files/CAM017563_d.JPG,1bb105cc4a06a3ab49c842288767f149
5310.JPG,https://zenodo.org/record/3082688/files/CAM017567_d.JPG,7dab4ca5f1a162ee5254a62b2e61a0ab
5312.JPG,https://zenodo.org/record/3082688/files/CAM017568_d.JPG,f5bdff6f2a059689b313f4f4051bd939
5314.JPG,https://zenodo.org/record/3082688/files/CAM017569_d.JPG,1c27f5e78c3b57393142fc03a9f71c77
5344.JPG,https://zenodo.org/record/3082688/files/CAM017588_d.JPG,e470f7b4ba249a51b7fd3e7ecd4bcabc
5346.JPG,https://zenodo.org/record/3082688/files/CAM017589_d.JPG,3ae61782141bc0b0a5fe88e84a6fb0b5
5352.JPG,https://zenodo.org/record/3082688/files/CAM017592_d.JPG,9b706ab293ff776b21cc788f9a6deb84
5364.JPG,https://zenodo.org/record/3082688/files/CAM017601_d.JPG,8a854c2e67838edb9d02f9765629dde4
5366.JPG,https://zenodo.org/record/3082688/files/CAM017602_d.JPG,93fdfb0bb8ac96c6ece6f64fc141f551
5368.JPG,https://zenodo.org/record/3082688/files/CAM017603_d.JPG,1faafb50a78b2a87586b6e6a64c40c7d
5370.JPG,https://zenodo.org/record/3082688/files/CAM017604_d.JPG,ab6f91e271bff085d5894f4925c93fe5
5374.JPG,https://zenodo.org/record/3082688/files/CAM017606_d.JPG,fed217333bfcb01c2b573fcd63d8e5a2
5376.JPG,https://zenodo.org/record/3082688/files/CAM017607_d.JPG,95dde95bcdb475573ca08a13648245b8
5378.JPG,https://zenodo.org/record/3082688/files/CAM017608_d.JPG,498219552adb28ab0686b7622808f1ba
5380.JPG,https://zenodo.org/record/3082688/files/CAM017609_d.JPG,c07dceda2109b1b338d10b8ec0d35eff
5382.JPG,https://zenodo.org/record/3082688/files/CAM017610_d.JPG,9d31878b1deaf3416e8fc3788a2daa66
5392.JPG,https://zenodo.org/record/3082688/files/CAM017652_d.JPG,fee00b1a833e9465fc7532f3371c7581
5394.JPG,https://zenodo.org/record/3082688/files/CAM017653_d.JPG,5cfb8d1ecf26f9112723cd29d0366b10
5398.JPG,https://zenodo.org/record/3082688/files/CAM017659_d.JPG,86314a949fedd330a7a85e6c25d3097a
5400.JPG,https://zenodo.org/record/3082688/files/CAM017660_d.JPG,5ed96b630662c19cfc21fd485aab5d84
5408.JPG,https://zenodo.org/record/3082688/files/CAM017665_d.JPG,04fac7c86efa39541f9dd65f8bc31057
5410.JPG,https://zenodo.org/record/3082688/files/CAM017666_d.JPG,8a8eedb60df200c48237b73c9dc96450
5412.JPG,https://zenodo.org/record/3082688/files/CAM017667_d.JPG,134fbff4566a46a38ce08def7514dadc
5420.JPG,https://zenodo.org/record/3082688/files/CAM017673_d.JPG,548f0495e1115c047a23d4cf4b092154
5428.JPG,https://zenodo.org/record/3082688/files/CAM017678_d.JPG,b875396b7085439145bc05faa086cdab
5430.JPG,https://zenodo.org/record/3082688/files/CAM017679_d.JPG,03b15bee65e1ef7582502028e365c490
5432.JPG,https://zenodo.org/record/3082688/files/CAM017680_d.JPG,289acbd6e74d2d7fe3338a79db2501b4
5462.JPG,https://zenodo.org/record/3082688/files/CAM017708_d.JPG,65911c328da2909b9e4c1a8ff4ee19ac
5464.JPG,https://zenodo.org/record/3082688/files/CAM017709_d.JPG,862ee4e6fdd011493e6c94ff3496c92d
5470.JPG,https://zenodo.org/record/3082688/files/CAM017716_d.JPG,383bf62c67a354bffec2723b83a8628d
5472.JPG,https://zenodo.org/record/3082688/files/CAM017717_d.JPG,f2c33c5379cc147273b0bdc814f936dd
5474.JPG,https://zenodo.org/record/3082688/files/CAM017718_d.JPG,f11433bba05ad8cf092829b84af4047f
5476.JPG,https://zenodo.org/record/3082688/files/CAM017719_d.JPG,ac7ad0442f9a2956babc5ce597abb518
5478.JPG,https://zenodo.org/record/3082688/files/CAM017720_d.JPG,84466d8bdb2bb9ca0951613850cbb075
5488.JPG,https://zenodo.org/record/3082688/files/CAM017726_d.JPG,ac93c519838edc705c45b016f86526f1
5490.JPG,https://zenodo.org/record/3082688/files/CAM017727_d.JPG,2a16ed893662ccc7ca1384036967a5c6
5492.JPG,https://zenodo.org/record/3082688/files/CAM017729_d.JPG,613046a2e93d63c15f9ad74ca662d8ea
5498.JPG,https://zenodo.org/record/3082688/files/CAM017741_d.JPG,2ba0b79e07b9a8f7d4f0661a2e52f3ac
5500.JPG,https://zenodo.org/record/3082688/files/CAM017742_d.JPG,34340e33a8db8ab30bc42afd76b2ab5d
5538.JPG,https://zenodo.org/record/3082688/files/CAM017775_d.JPG,d3b76ed67aa89d4639f30a2d7f9fe2ea
5542.JPG,https://zenodo.org/record/3082688/files/CAM017777_d.JPG,4a485e9882406aab2d731bb7e7b67e4f
5552.JPG,https://zenodo.org/record/3082688/files/CAM017782_d.JPG,15f6b1caeb191505484bcd7d2da0ec62
5557.JPG,https://zenodo.org/record/3082688/files/CAM017789_d.JPG,88c0c8b1e98b3b39641528537fd37922
5559.JPG,https://zenodo.org/record/3082688/files/CAM017790_d.JPG,a2373fe723fdc4fe57cab3bdef16a8a2
5561.JPG,https://zenodo.org/record/3082688/files/CAM017791_d.JPG,939d0174c8a8129f099d9bdd3e22b51c
5573.JPG,https://zenodo.org/record/3082688/files/CAM017806_d.JPG,60a1efc552acabdda99958f87e893b43
5601.JPG,https://zenodo.org/record/3082688/files/CAM017827_d.JPG,9a8d247bbe78ddc7ea4b035e04af24da
5633.JPG,https://zenodo.org/record/3082688/files/CAM017849_d.JPG,b384752524238856460dd9048b8fcbb1
5653.JPG,https://zenodo.org/record/3082688/files/CAM017862_d.JPG,b8f97704cd9444bce6cff4b10fc921e8
5669.JPG,https://zenodo.org/record/3082688/files/CAM017871_d.JPG,e47dd6792528f4070580a135d6ccff70
5671.JPG,https://zenodo.org/record/3082688/files/CAM017872_d.JPG,5310c0869bab4003c302474e13a20808
5701.JPG,https://zenodo.org/record/3082688/files/CAM017889_d.JPG,3ed3228f1c00ec30db626e209745d32e
5702.JPG,https://zenodo.org/record/3082688/files/CAM017890_d.JPG,a11f006f51dc4a6b68dd17764eef253c
5798.JPG,https://zenodo.org/record/3082688/files/CAM017959_d.JPG,eefa9bf9eff05a76a0955981098300ef
8762.JPG,https://zenodo.org/record/2684906/files/CAM008158_d.JPG,5af4aeccafdd4b05bb446536ea9aaf01
8764.JPG,https://zenodo.org/record/2684906/files/CAM008159_d.JPG,9b9ee6075761f5d3ac0330783934eec7
8766.JPG,https://zenodo.org/record/2684906/files/CAM008160_d.JPG,1c7bb33d5e779b52ca018ed9c10bc289
8768.JPG,https://zenodo.org/record/2684906/files/CAM008161_d.JPG,363e552712e61cf7c0f9a1952beac874
8772.JPG,https://zenodo.org/record/2684906/files/CAM008163_d.JPG,df9bac1d511b58ef5bfaf3063041216f
8895.JPG,https://zenodo.org/record/2684906/files/CAM008226_d.JPG,b44efe7f740534611c2ced5f0bf2d0ed
8923.JPG,https://zenodo.org/record/2684906/files/CAM008244_d.JPG,c9d93c0e24a1d0c4d8cfb320eb7a3092
10612.JPG,https://zenodo.org/record/2686762/files/CAM009407_d.JPG,75913f676615cc2091e7c87ad004dec7
10998.JPG,https://zenodo.org/record/2702457/files/CAM018267_d.JPG,e76cb8cf8f42717d6637ce5ca0953f20
11038.JPG,https://zenodo.org/record/2702457/files/CAM018300_d.JPG,5a80e4f52965c22ab0fead3e3c160154
11050.JPG,https://zenodo.org/record/2702457/files/CAM018308_d.JPG,452f04102958dfbfe5344cdf9e06ce4c
11100.JPG,https://zenodo.org/record/2702457/files/CAM018341_d.JPG,62eba9239eb0bb438ea7b08fc952f321
11303.JPG,https://zenodo.org/record/2702457/files/CAM018481_d.JPG,3eef73de0e1415d0f9cf5d12a504fd7d
11307.JPG,https://zenodo.org/record/2702457/files/CAM018483_d.JPG,a3fca3e701ddb36d57ef3f369565c350
11377.JPG,https://zenodo.org/record/2702457/files/CAM018521_d.JPG,0994c5484bad61a5dbba3f9d33ebbf80
11406.jpg,https://zenodo.org/record/2702457/files/CAM020769_d.jpg,7090a712196ae6f7c546ed10974027ab
11408.jpg,https://zenodo.org/record/2702457/files/CAM020796_d.jpg,de17adb1c546556a42ca40684c315554
11410.jpg,https://zenodo.org/record/2702457/files/CAM020797_d.jpg,49347a987b7374b200728e40379f9b8b
11412.jpg,https://zenodo.org/record/2702457/files/CAM020798_d.jpg,b1fb143c9bf844297e4f81c8de23c63c
11414.jpg,https://zenodo.org/record/2702457/files/CAM020799_d.jpg,3720983b13b9457df51e9727ce6911da
11722.JPG,https://zenodo.org/record/2707828/files/CAM040019_d.JPG,e5405841a645028e919b1716b896b050
11724.JPG,https://zenodo.org/record/2707828/files/CAM040020_d.JPG,d860b5494cabe5f371b89682f520d24d
11726.JPG,https://zenodo.org/record/2707828/files/CAM040021_d.JPG,8d61be4e920c2525b8f88ddfd52c61aa
11728.JPG,https://zenodo.org/record/2707828/files/CAM040022_d.JPG,4010f9b3c56777847c297de3824e0149
11730.JPG,https://zenodo.org/record/2707828/files/CAM040023_d.JPG,5998cbfda149abca4220646771dc4186
11732.JPG,https://zenodo.org/record/2707828/files/CAM040024_d.JPG,0a6b776080cbd88dc9841e1c449d4d98
11734.JPG,https://zenodo.org/record/2707828/files/CAM040025_d.JPG,e4c651d7000b38eee4739c84c35eab45
11736.JPG,https://zenodo.org/record/2707828/files/CAM040026_d.JPG,7fdd67c5b65c6da787674695be2e19cd
11738.JPG,https://zenodo.org/record/2707828/files/CAM040027_d.JPG,c1aaa756db21d5c406de0b70a13e990e
11878.JPG,https://zenodo.org/record/2707828/files/CAM040119_d.JPG,e29de4c3da0668faa9993d4d07d44a2a
11880.JPG,https://zenodo.org/record/2707828/files/CAM040120_d.JPG,92ba2b96670b4db18dc04d40fe268faa
11882.JPG,https://zenodo.org/record/2707828/files/CAM040121_d.JPG,093ef09fa5cc88f8552e3766a01dee27
11884.JPG,https://zenodo.org/record/2707828/files/CAM040122_d.JPG,7cb56fc5757283152fe060907cc4e085
11886.JPG,https://zenodo.org/record/2707828/files/CAM040123_d.JPG,0480d8d1e03d16f513a3cd2bd6b9af92
11888.JPG,https://zenodo.org/record/2707828/files/CAM040124_d.JPG,5d90839fe87974cde5bc804cd87b33e7
11890.JPG,https://zenodo.org/record/2707828/files/CAM040125_d.JPG,59e65f3a212f440b95ac260127eb547e
11892.JPG,https://zenodo.org/record/2707828/files/CAM040126_d.JPG,16964193205030ba23e0049d3260a755
11894.JPG,https://zenodo.org/record/2707828/files/CAM040127_d.JPG,7a8ad057e3fa6b96a190704fe3e7e08f
11896.JPG,https://zenodo.org/record/2707828/files/CAM040128_d.JPG,6c1e35ec37c6cd3a14d5bf2cf73a8f64
11898.JPG,https://zenodo.org/record/2707828/files/CAM040129_d.JPG,14c9b47f73a52adfa9d7713a3988ca88
11900.JPG,https://zenodo.org/record/2707828/files/CAM040130_d.JPG,88f7c9a39fbed9f7c225f596eeefe0d8
11902.JPG,https://zenodo.org/record/2707828/files/CAM040131_d.JPG,b474c1055fce2128f2d83e06e6c28c5b
11906.JPG,https://zenodo.org/record/2707828/files/CAM040133_d.JPG,aa5981e6a9f0fccea28cf35a57ff9594
11908.JPG,https://zenodo.org/record/2707828/files/CAM040134_d.JPG,68cd55cef19e047454dc9e88175f4daa
11910.JPG,https://zenodo.org/record/2707828/files/CAM040135_d.JPG,1a42a59295defd0321098bcaa3bc5295
11912.JPG,https://zenodo.org/record/2707828/files/CAM040136_d.JPG,0587fa23912acf2cbcffc09d26fa339a
11914.JPG,https://zenodo.org/record/2707828/files/CAM040137_d.JPG,0e67a947bc0762cc1aa0d5be9e946099
11916.JPG,https://zenodo.org/record/2707828/files/CAM040138_d.JPG,2e94e681125a172422a2b094f4195d9b
11918.JPG,https://zenodo.org/record/2707828/files/CAM040139_d.JPG,9aeea18ece233778a636b6e3d51ab066
11920.JPG,https://zenodo.org/record/2707828/files/CAM040140_d.JPG,82695b31f11be5a334442c47981ab7b4
11922.JPG,https://zenodo.org/record/2707828/files/CAM040141_d.JPG,efcbe6e25d1553ca00945ec3b8ebd4c1
11924.JPG,https://zenodo.org/record/2707828/files/CAM040142_d.JPG,bf0f6ebed104aff2b07ad2217cec48c1
11926.JPG,https://zenodo.org/record/2707828/files/CAM040143_d.JPG,72edacfe0a1d1833fac1cc47b7190566
11928.JPG,https://zenodo.org/record/2707828/files/CAM040144_d.JPG,09d94d51b4c6329c8df8052b2415a4e9
11930.JPG,https://zenodo.org/record/2707828/files/CAM040145_d.JPG,3465ae3fb895e8268b71ff1106ac42bb
11932.JPG,https://zenodo.org/record/2707828/files/CAM040146_d.JPG,c103e550da088c576e92f20da29ba153
11934.JPG,https://zenodo.org/record/2707828/files/CAM040149_d.JPG,ea26e6cad48118c37983c83288e526f4
11936.JPG,https://zenodo.org/record/2707828/files/CAM040150_d.JPG,8ad07928a546f34433765ee4901955dd
11938.JPG,https://zenodo.org/record/2707828/files/CAM040152_d.JPG,f3b2416c0b0f6f520b5792b8c2cb6d0d
11940.JPG,https://zenodo.org/record/2707828/files/CAM040154_d.JPG,5de2ddf1d32e95d3fb36f7fe0e4dd004
11942.JPG,https://zenodo.org/record/2707828/files/CAM040155_d.JPG,0c809804f4ff6a2afcf79496e4141199
11944.JPG,https://zenodo.org/record/2707828/files/CAM040157_d.JPG,33cf063ea1b54d5c61598f862dfe4a6b
11946.JPG,https://zenodo.org/record/2707828/files/CAM040158_d.JPG,3d50fd8835d3f5ef20111e6633f15f97
11950.JPG,https://zenodo.org/record/2707828/files/CAM040160_d.JPG,2aabb7819f529db5797cb1c696bc1708
11952.JPG,https://zenodo.org/record/2707828/files/CAM040161_d.JPG,008687ad95c3c3e6c46ef94d3e8165f9
11954.JPG,https://zenodo.org/record/2707828/files/CAM040162_d.JPG,b6668ce53730fd71696ab35efae49d03
11956.JPG,https://zenodo.org/record/2707828/files/CAM040163_d.JPG,55dcb9c19e2ce4308c02461a85dd8bf0
11958.JPG,https://zenodo.org/record/2707828/files/CAM040164_d.JPG,65b6f342974855bce2b66e4b38743cc4
11960.JPG,https://zenodo.org/record/2707828/files/CAM040165_d.JPG,a15dc9ae0f5adaff3238d969925b1b33
11962.JPG,https://zenodo.org/record/2707828/files/CAM040166_d.JPG,75db10f9f4f7a1650b99b654397b8cfd
11964.JPG,https://zenodo.org/record/2707828/files/CAM040167_d.JPG,d97dd53fecb99dc73457d9ae668ea931
11966.JPG,https://zenodo.org/record/2707828/files/CAM040168_d.JPG,dbce4dbe5ef53411afc01db501f1800b
11968.JPG,https://zenodo.org/record/2707828/files/CAM040169_d.JPG,aed23a5ca652a795d6c3a0637fa058f3
11970.JPG,https://zenodo.org/record/2707828/files/CAM040170_d.JPG,0b4a6723bba2373eedf0f4d6c00fae7a
11972.JPG,https://zenodo.org/record/2707828/files/CAM040171_d.JPG,3ae6a34616825840f339b94dd2f62876
11974.JPG,https://zenodo.org/record/2707828/files/CAM040172_d.JPG,4b47d9424c92d536b2db432cd69d0f1b
11976.JPG,https://zenodo.org/record/2707828/files/CAM040173_d.JPG,ab0ee0e3573e3385d526af28fc693f3f
11978.JPG,https://zenodo.org/record/2707828/files/CAM040174_d.JPG,3332acba31fb94d8e3371147e4d7f759
11990.JPG,https://zenodo.org/record/2707828/files/CAM040180_d.JPG,1efd5170fd24212517fc3bcd067a1b8d
11992.JPG,https://zenodo.org/record/2707828/files/CAM040181_d.JPG,ad52f191c65604565b8a959a5e918e68
11994.JPG,https://zenodo.org/record/2707828/files/CAM040183_d.JPG,6ae4770482c48dd3011ca2bc07bc696c
11996.JPG,https://zenodo.org/record/2707828/files/CAM040184_d.JPG,0d58086a1337d65566901f9e3ccc73c5
11998.JPG,https://zenodo.org/record/2707828/files/CAM040185_d.JPG,55a9159fb1f5677f88000f9794fe1f62
12000.JPG,https://zenodo.org/record/2707828/files/CAM040186_d.JPG,64187d3a81e1d21a1dc37deffda34486
12002.JPG,https://zenodo.org/record/2707828/files/CAM040187_d.JPG,751a57c82592e0ced5f01fa62f77523a
12008.JPG,https://zenodo.org/record/2707828/files/CAM040190_d.JPG,9a9692e173441147e53bc67dbceef5a2
12012.JPG,https://zenodo.org/record/2707828/files/CAM040192_d.JPG,36adb5f5ff839b7db161d9697afdea99
12020.JPG,https://zenodo.org/record/2707828/files/CAM040197_d.JPG,dedee8717a73ad328c384e24d094eb12
12022.JPG,https://zenodo.org/record/2707828/files/CAM040198_d.JPG,92e7fceda22bf0e8b4886fcad7dbb560
12026.JPG,https://zenodo.org/record/2707828/files/CAM040200_d.JPG,489f7abdf5abc3f9d2f4bad9e999c977
12028.JPG,https://zenodo.org/record/2707828/files/CAM040201_d.JPG,99cb2184c4b5e88e3ec88bb5de323e06
12044.JPG,https://zenodo.org/record/2707828/files/CAM040210_d.JPG,73f89048202b2a4b3d0fe51c5df5d2d9
12046.JPG,https://zenodo.org/record/2707828/files/CAM040211_d.JPG,54e2f4d4f162f4390f18a2db605ad3ee
12048.JPG,https://zenodo.org/record/2707828/files/CAM040212_d.JPG,21d69b8cb9ed9e8aa8cd8e600c14595d
12050.JPG,https://zenodo.org/record/2707828/files/CAM040213_d.JPG,0faff13e32ea43312b0bddd485eab040
12052.JPG,https://zenodo.org/record/2707828/files/CAM040214_d.JPG,1dbf512a8558266db2c83763181e655e
12054.JPG,https://zenodo.org/record/2707828/files/CAM040215_d.JPG,6c67f60763c0be6de603b47c3b028836
12058.JPG,https://zenodo.org/record/2707828/files/CAM040217_d.JPG,909a45cceb2cd29c9bbf92eea8ed353a
12060.JPG,https://zenodo.org/record/2707828/files/CAM040218_d.JPG,42322195043c66d423cc8fe7153bf3ed
12064.JPG,https://zenodo.org/record/2707828/files/CAM040222_d.JPG,0613db7aee844d49d6bb6035f9607d8b
12070.JPG,https://zenodo.org/record/2707828/files/CAM040227_d.JPG,d245bb085d928a12bd7a8a5095715e48
12072.JPG,https://zenodo.org/record/2707828/files/CAM040228_d.JPG,22d9c759c172a9d30d58c9c0a7d4e81f
12076.JPG,https://zenodo.org/record/2707828/files/CAM040230_d.JPG,f6781c7063612d847fa2118f98dc80c8
12080.JPG,https://zenodo.org/record/2707828/files/CAM040232_d.JPG,bb1c2443a4d269a3aa19c5ae2f899933
12082.JPG,https://zenodo.org/record/2707828/files/CAM040233_d.JPG,0d6e6122cca4021e631f5ad32fdf1a63
12086.JPG,https://zenodo.org/record/2707828/files/CAM040235_d.JPG,0c52e59278590404fcbde202851ed409
12088.JPG,https://zenodo.org/record/2707828/files/CAM040236_d.JPG,bcb34322eebbc8e94bcc17aac17e2e60
12090.JPG,https://zenodo.org/record/2707828/files/CAM040237_d.JPG,6393c2928c2527771d6cb15bcf29047d
12092.JPG,https://zenodo.org/record/2707828/files/CAM040238_d.JPG,f97c7f596ae8059bfd2867a152a7c2d1
12094.JPG,https://zenodo.org/record/2707828/files/CAM040239_d.JPG,9dbd9b1e2081ff24368697baa115ce05
12096.JPG,https://zenodo.org/record/2707828/files/CAM040240_d.JPG,ca864d4be4df4e41781ea863f8ed0632
12098.JPG,https://zenodo.org/record/2707828/files/CAM040241_d.JPG,8a6b463039abbb37a6502a709c1ef831
12106.JPG,https://zenodo.org/record/2707828/files/CAM040245_d.JPG,9a6eb1f3c954921b80e35cfa6a8c6bf1
12122.JPG,https://zenodo.org/record/2707828/files/CAM040253_d.JPG,b074755aa75fc18c12bcbfd519193d32
12124.JPG,https://zenodo.org/record/2707828/files/CAM040254_d.JPG,cc6747b7152c5b0dd718c666bb62e638
12126.JPG,https://zenodo.org/record/2707828/files/CAM040255_d.JPG,cb8a0da9bd268e33f4d5d5f6b6c75994
12128.JPG,https://zenodo.org/record/2707828/files/CAM040256_d.JPG,555731a450818160845dd98132c9f331
12130.JPG,https://zenodo.org/record/2707828/files/CAM040257_d.JPG,33c98675aa96624b2b4aaf0056ea7408
12132.JPG,https://zenodo.org/record/2707828/files/CAM040258_d.JPG,d92437ff7176920deefc78081105260b
12134.JPG,https://zenodo.org/record/2707828/files/CAM040259_d.JPG,15bf41fd9fe6b3a6a4605679b1a085e8
12136.JPG,https://zenodo.org/record/2707828/files/CAM040260_d.JPG,34b6e39d8717c18c01de508100817a4c
12138.JPG,https://zenodo.org/record/2707828/files/CAM040261_d.JPG,4a9f3aa13340b1f744206532a05b3800
12140.JPG,https://zenodo.org/record/2707828/files/CAM040262_d.JPG,55f041a74814547f1c76dde74d0a2359
12142.JPG,https://zenodo.org/record/2707828/files/CAM040263_d.JPG,b46281c25331eb90747fa2f9c03ef791
12144.JPG,https://zenodo.org/record/2707828/files/CAM040264_d.JPG,68cfe7594177ddd766dc96c8294d8004
12146.JPG,https://zenodo.org/record/2707828/files/CAM040265_d.JPG,d2f5e6d33c327c4d5b43f7a2a29f1b43
12148.JPG,https://zenodo.org/record/2707828/files/CAM040266_d.JPG,c2e871a10fca5af291e966b5d3cf669b
12150.JPG,https://zenodo.org/record/2707828/files/CAM040267_d.JPG,c8aace331707bbae722db81a65233919
12152.JPG,https://zenodo.org/record/2707828/files/CAM040268_d.JPG,5131db537ac237a087c453603e2f53e5
12154.JPG,https://zenodo.org/record/2707828/files/CAM040269_d.JPG,0dfc8e762cd8b2e307c9f961ee26d262
12178.JPG,https://zenodo.org/record/2707828/files/CAM040281_d.JPG,3fa764ed19b81131847e120856b9c3ae
12180.JPG,https://zenodo.org/record/2707828/files/CAM040282_d.JPG,fe9866178eb9e9224bb54d1652559a5a
12182.JPG,https://zenodo.org/record/2707828/files/CAM040283_d.JPG,994bc03a5959023518e3c6b0f764bb2a
12184.JPG,https://zenodo.org/record/2707828/files/CAM040284_d.JPG,30878655aa0aaa364d2d8d421ec024fc
12186.JPG,https://zenodo.org/record/2707828/files/CAM040285_d.JPG,1b80a3442ca4aaddfc96821a58865bf8
12188.JPG,https://zenodo.org/record/2707828/files/CAM040286_d.JPG,108a5f5c4c1cf092abfa2395cbde12b0
12190.JPG,https://zenodo.org/record/2707828/files/CAM040287_d.JPG,fc27d276645631d7eb14ccd870a244e9
12192.JPG,https://zenodo.org/record/2707828/files/CAM040288_d.JPG,0371dad7b0b2469198ed8e8cca8f4806
12194.JPG,https://zenodo.org/record/2707828/files/CAM040289_d.JPG,d84a4382572026025214a52c808dae87
12196.JPG,https://zenodo.org/record/2707828/files/CAM040290_d.JPG,bf1d33d19a16451aee5f71cd364f71a4
12198.JPG,https://zenodo.org/record/2707828/files/CAM040291_d.JPG,63810e78c6369ff9c3253275d083d4f7
12200.JPG,https://zenodo.org/record/2707828/files/CAM040292_d.JPG,2a55d1b10c789408a804ae9cb0cb6a4f
12202.JPG,https://zenodo.org/record/2707828/files/CAM040293_d.JPG,67bb401ec91861aaec39929583d8d228
12204.JPG,https://zenodo.org/record/2707828/files/CAM040294_d.JPG,91b4d799cac4f940016ced2573097ddd
12206.JPG,https://zenodo.org/record/2707828/files/CAM040295_d.JPG,3352623bc8e75737bb5d20bd9ec05e36
12208.JPG,https://zenodo.org/record/2707828/files/CAM040296_d.JPG,3dfe79e521c5ae6dcd1b3aceaf862e9f
12210.JPG,https://zenodo.org/record/2707828/files/CAM040297_d.JPG,5cffdc74a92797a8b27ef0df25b579e5
12212.JPG,https://zenodo.org/record/2707828/files/CAM040298_d.JPG,41579094ed4c2be1727a7b1857bf14b7
12258.JPG,https://zenodo.org/record/2707828/files/CAM040321_d.JPG,3c69cf3ca6c352598ad370a8c0f6284b
12322.JPG,https://zenodo.org/record/2707828/files/CAM040354_d.JPG,8bebe756e168e0d3c7551d3408c8489f
12324.JPG,https://zenodo.org/record/2707828/files/CAM040355_d.JPG,cd9941388e5c7c17b5726ddf98194094
12326.JPG,https://zenodo.org/record/2707828/files/CAM040356_d.JPG,d1deb95e12d58753897d3e47c5282b79
12328.JPG,https://zenodo.org/record/2707828/files/CAM040357_d.JPG,a24b0e3bb01ccda9a2b16be9045cea88
12330.JPG,https://zenodo.org/record/2707828/files/CAM040358_d.JPG,c8862ce9db42d6669a66f6930aa1b451
12336.JPG,https://zenodo.org/record/2707828/files/CAM040361_d.JPG,d650d2ed667021bf8b5db0c5b5bc9f77
12338.JPG,https://zenodo.org/record/2707828/files/CAM040362_d.JPG,e790c8a0816fcb8bd724aa7c166842c8
12340.JPG,https://zenodo.org/record/2707828/files/CAM040363_d.JPG,e51b115e2f5246d936f064de01633e4b
12342.JPG,https://zenodo.org/record/2707828/files/CAM040364_d.JPG,98a074fe4ce0d7103126950afda9d181
12344.JPG,https://zenodo.org/record/2707828/files/CAM040365_d.JPG,46b648202fc44a75da5a3428021f09b6
12346.JPG,https://zenodo.org/record/2707828/files/CAM040366_d.JPG,ce853a52fe9ae6bfaad443da8d976f6d
12348.JPG,https://zenodo.org/record/2707828/files/CAM040367_d.JPG,100bfef80df3d7d6a4c76c5587b48fed
12356.JPG,https://zenodo.org/record/2707828/files/CAM040371_d.JPG,ec0a784ee318aa567b4f85dd2265336d
12358.JPG,https://zenodo.org/record/2707828/files/CAM040372_d.JPG,95c5fb30d2850d9330aec4c16111fac1
12360.JPG,https://zenodo.org/record/2707828/files/CAM040373_d.JPG,b62698dbacf8c80c13bd7414976902ba
12362.JPG,https://zenodo.org/record/2707828/files/CAM040374_d.JPG,42357b32645e3b6f7d87c9c69a8a1e20
12364.JPG,https://zenodo.org/record/2707828/files/CAM040375_d.JPG,cba8576f38f7a3171fb922e6f13babef
12366.JPG,https://zenodo.org/record/2707828/files/CAM040376_d.JPG,cbb6ff88c9881a7a966c7174f5c01c5b
12368.JPG,https://zenodo.org/record/2707828/files/CAM040377_d.JPG,4cd7398dacf8688a89f04b263f4a459e
12370.JPG,https://zenodo.org/record/2707828/files/CAM040378_d.JPG,950cc2b334da027ad70e5cd90740a1de
12372.JPG,https://zenodo.org/record/2707828/files/CAM040379_d.JPG,d3bd84916bf1d369b719985cc73c67e5
12374.JPG,https://zenodo.org/record/2707828/files/CAM040380_d.JPG,7a91ff9c82e0be3d3f8b2dcd998b6d77
12376.JPG,https://zenodo.org/record/2707828/files/CAM040381_d.JPG,fd985a64ca09872c0de6748aeaeb8087
12416.JPG,https://zenodo.org/record/2707828/files/CAM040401_d.JPG,2beff3b68943734cfed4fdfd90348a52
12418.JPG,https://zenodo.org/record/2707828/files/CAM040402_d.JPG,a1446e2f93dd70357bb17be6803c787d
12420.JPG,https://zenodo.org/record/2707828/files/CAM040403_d.JPG,c5335bc5c0418364b31d541cfbd3afa3
12422.JPG,https://zenodo.org/record/2707828/files/CAM040404_d.JPG,83230c2bb30f0c65b4c64398b462bfb0
12424.JPG,https://zenodo.org/record/2707828/files/CAM040405_d.JPG,3ca61a4916176cfb626074d43258ebcf
12426.JPG,https://zenodo.org/record/2707828/files/CAM040406_d.JPG,09bde1b19587b119c0bfc58801bf21ff
12428.JPG,https://zenodo.org/record/2707828/files/CAM040407_d.JPG,27aeb357a4322ca185dfe78265d67297
12430.JPG,https://zenodo.org/record/2707828/files/CAM040408_d.JPG,f146bfff239787a776d8b587432f3e6c
12434.JPG,https://zenodo.org/record/2707828/files/CAM040411_d.JPG,94a07a53399fca7c4f76720879199634
12436.JPG,https://zenodo.org/record/2707828/files/CAM040412_d.JPG,19cadc99ee87976c1b0057a825b58429
12438.JPG,https://zenodo.org/record/2707828/files/CAM040413_d.JPG,c5c2322cafa7f2c5a65a03c180fa73d7
12440.JPG,https://zenodo.org/record/2707828/files/CAM040414_d.JPG,9d238d20a1c90d4564446dcccecec2cf
12442.JPG,https://zenodo.org/record/2707828/files/CAM040415_d.JPG,7292df25d56bc5d5ad4d5e7df432ddbb
12444.JPG,https://zenodo.org/record/2707828/files/CAM040416_d.JPG,4f174083f551f2eec2fdf5d6ee09ebc1
12474.JPG,https://zenodo.org/record/2707828/files/CAM040431_d.JPG,84d84bdad0f0c67a86f99cd6a9ccdc8c
12476.JPG,https://zenodo.org/record/2707828/files/CAM040432_d.JPG,b5881aaab1ea317090e151470784e941
12478.JPG,https://zenodo.org/record/2707828/files/CAM040433_d.JPG,9115418d209d8f1f6081bc43faa63427
12480.JPG,https://zenodo.org/record/2707828/files/CAM040434_d.JPG,ef55a559b2af7185ebd2593c91704610
12482.JPG,https://zenodo.org/record/2707828/files/CAM040435_d.JPG,96fe6e2e4278d0f887c78a8e8e51445d
12484.JPG,https://zenodo.org/record/2707828/files/CAM040436_d.JPG,36417a5569a7ccd49d8bf0e5d92946a2
12486.JPG,https://zenodo.org/record/2707828/files/CAM040437_d.JPG,9c63667e0bb42d4e504dda3fc651102d
12488.JPG,https://zenodo.org/record/2707828/files/CAM040438_d.JPG,091cfc8fbad86c757d769d7e334d757a
12492.JPG,https://zenodo.org/record/2707828/files/CAM040440_d.JPG,2c8b55a9881ad86091bcec8c1a138eba
12494.JPG,https://zenodo.org/record/2707828/files/CAM040441_d.JPG,08c1e442822c5118e9bcef45c411415f
12496.JPG,https://zenodo.org/record/2707828/files/CAM040442_d.JPG,f8a74a27094490557dcbf518beddb5ed
12498.JPG,https://zenodo.org/record/2707828/files/CAM040443_d.JPG,d9a8114f1a816695c16f5d91b11687f5
12500.JPG,https://zenodo.org/record/2707828/files/CAM040444_d.JPG,541c82d4ac1ea6941472b29f3a74fe73
12502.JPG,https://zenodo.org/record/2707828/files/CAM040445_d.JPG,9b95cb3ee476dcabe5f525167e98dea1
12504.JPG,https://zenodo.org/record/2707828/files/CAM040446_d.JPG,dd478ef13bff0cf5be7e29a9292ce556
12506.JPG,https://zenodo.org/record/2707828/files/CAM040447_d.JPG,497d3a4b2ebd2675861c9ad5d6fc195d
12508.JPG,https://zenodo.org/record/2707828/files/CAM040448_d.JPG,4a93435487894dd8e45f8200bf153b6c
12510.JPG,https://zenodo.org/record/2707828/files/CAM040449_d.JPG,81b6205a0aba565b48a8ac2075a6e879
12512.JPG,https://zenodo.org/record/2707828/files/CAM040450_d.JPG,303bba315e55b9525d119354b6961f35
12514.JPG,https://zenodo.org/record/2707828/files/CAM040451_d.JPG,575df1bdf11b6d1d8b9e13b24cf3ec09
12516.JPG,https://zenodo.org/record/2707828/files/CAM040452_d.JPG,65eee8051359426c576cd271ce9e1fd4
12518.JPG,https://zenodo.org/record/2707828/files/CAM040453_d.JPG,555ed1f5fea7b277873cf30dec2ed682
12530.JPG,https://zenodo.org/record/2707828/files/CAM040461_d.JPG,53459cb50876b4dda2ddc1d96a55a29a
12532.JPG,https://zenodo.org/record/2707828/files/CAM040462_d.JPG,1c0cf76287f8ba410036a3f2bbab20d0
12534.JPG,https://zenodo.org/record/2707828/files/CAM040463_d.JPG,a9ba2351475a9e930c356d2fa3317bf6
12536.JPG,https://zenodo.org/record/2707828/files/CAM040464_d.JPG,cd53700493a6e345cf6cb006150ec78c
12538.JPG,https://zenodo.org/record/2707828/files/CAM040465_d.JPG,3b8a04b41ec2d72ac808397dff13c287
12540.JPG,https://zenodo.org/record/2707828/files/CAM040466_d.JPG,ff8c0bf2c04c01c29f8c88938e844043
12542.JPG,https://zenodo.org/record/2707828/files/CAM040467_d.JPG,4fb2605f7687ee38538f4ef791f0b46a
12544.JPG,https://zenodo.org/record/2707828/files/CAM040468_d.JPG,8524c2b642115e424cd1cb4ce3fb2243
12546.JPG,https://zenodo.org/record/2707828/files/CAM040469_d.JPG,43a3f64bb38a4fb5ae0006bf39b41f8a
12548.JPG,https://zenodo.org/record/2707828/files/CAM040470_d.JPG,16dc80970a11c33bc4ca75dc1fedb0f7
12550.JPG,https://zenodo.org/record/2707828/files/CAM040471_d.JPG,66f8acb1e773319d46294f5e30851ed8
12552.JPG,https://zenodo.org/record/2707828/files/CAM040472_d.JPG,6439c3e72beee28ff6f68823d15fa8fd
12554.JPG,https://zenodo.org/record/2707828/files/CAM040473_d.JPG,6dcd64ddd2416083014e258e61a9c19b
12560.JPG,https://zenodo.org/record/2707828/files/CAM040476_d.JPG,1b43f7952bda75f455ef47f9b9dc0e32
12562.JPG,https://zenodo.org/record/2707828/files/CAM040477_d.JPG,998c5ce41c04a484f91e2dab2cb51844
12564.JPG,https://zenodo.org/record/2707828/files/CAM040478_d.JPG,0822fafd64df68331f5203f5103c74f6
12566.JPG,https://zenodo.org/record/2707828/files/CAM040479_d.JPG,521a27864dbc4f9147f9d357140b5563
12568.JPG,https://zenodo.org/record/2707828/files/CAM040480_d.JPG,327bb6857b102b4edce12c4c2d11d1e6
12570.JPG,https://zenodo.org/record/2707828/files/CAM040481_d.JPG,be5f477131ffb806a17f73aafff593a5
12572.JPG,https://zenodo.org/record/2707828/files/CAM040482_d.JPG,4db73b60017b8ed6aaaa5b56a7ea0ae6
12574.JPG,https://zenodo.org/record/2707828/files/CAM040483_d.JPG,b6f2e222d9f2b4afd1211ab5b09cd934
12576.JPG,https://zenodo.org/record/2707828/files/CAM040484_d.JPG,0902fdf2c34fbfa57a381fae9ae77120
12578.JPG,https://zenodo.org/record/2707828/files/CAM040485_d.JPG,b6bd58ea959454209d6812cf8c0b77f2
12580.JPG,https://zenodo.org/record/2707828/files/CAM040486_d.JPG,c9f17e539635d88b8ad035d0e43ac8e7
12582.JPG,https://zenodo.org/record/2707828/files/CAM040487_d.JPG,18cdb56538e7287880c7e161a3b343ed
12584.JPG,https://zenodo.org/record/2707828/files/CAM040488_d.JPG,0a23442f2021de208a22a91f588a97d5
12586.JPG,https://zenodo.org/record/2707828/files/CAM040489_d.JPG,11373b1627ad7390e0933ba1886cfb08
12588.JPG,https://zenodo.org/record/2707828/files/CAM040490_d.JPG,bba7421450c3e87f73d6f2637e425819
12590.JPG,https://zenodo.org/record/2707828/files/CAM040491_d.JPG,c8427343f6b6c6a454ad07630cc91b8e
12592.JPG,https://zenodo.org/record/2707828/files/CAM040492_d.JPG,8b5ba6507453ab600fd46245f48fe2eb
12594.JPG,https://zenodo.org/record/2707828/files/CAM040493_d.JPG,6844d344e65f6c340dfaac9cd2e56dc7
12596.JPG,https://zenodo.org/record/2707828/files/CAM040494_d.JPG,7a66239e1139a78c1c6bae84ee1a9f9e
12598.JPG,https://zenodo.org/record/2707828/files/CAM040495_d.JPG,1a22e58b840f917556e6e276a0a4b397
12600.JPG,https://zenodo.org/record/2707828/files/CAM040496_d.JPG,6f95e956845b3430634a98342689262f
12602.JPG,https://zenodo.org/record/2707828/files/CAM040497_d.JPG,5191ff92c93915d3ff842292524bd935
12604.JPG,https://zenodo.org/record/2707828/files/CAM040498_d.JPG,64c105aa4f11daa3bdabd60a9fa1cba9
12606.JPG,https://zenodo.org/record/2707828/files/CAM040499_d.JPG,f59f435ac24acf15358b0c6ff038e970
12608.JPG,https://zenodo.org/record/2707828/files/CAM040500_d.JPG,e71c43043aeaf56baf5b80c33060f2cf
12610.JPG,https://zenodo.org/record/2707828/files/CAM040501_d.JPG,cd59d994a8e96b98a7d502e15a3aacd3
12612.JPG,https://zenodo.org/record/2707828/files/CAM040502_d.JPG,7481adb5a67f2660152e1612047df93d
12614.JPG,https://zenodo.org/record/2707828/files/CAM040503_d.JPG,26ae6694df1444ceb94dc6842ad74ce1
12616.JPG,https://zenodo.org/record/2707828/files/CAM040504_d.JPG,d2fc789bd67f347df2d6fd1165058ba0
12618.JPG,https://zenodo.org/record/2707828/files/CAM040505_d.JPG,7097b5eaaa44778c5ff6df6612921b16
12620.JPG,https://zenodo.org/record/2707828/files/CAM040506_d.JPG,296721e4a903fbd96e66eff0f92dbbbf
12622.JPG,https://zenodo.org/record/2707828/files/CAM040507_d.JPG,d99dbeb8d5cff06ea388294214365a0a
12624.JPG,https://zenodo.org/record/2707828/files/CAM040508_d.JPG,16791adbb4ce0d34e7e95a03fdfe5b5d
12626.JPG,https://zenodo.org/record/2707828/files/CAM040509_d.JPG,d2a7a55888ba7ca8fdbe7971595552ea
12628.JPG,https://zenodo.org/record/2707828/files/CAM040510_d.JPG,a18a36217f3e080bb3a323c61fd8078e
12630.JPG,https://zenodo.org/record/2707828/files/CAM040511_d.JPG,0807569aaeee7718283b727a377e3b65
12632.JPG,https://zenodo.org/record/2707828/files/CAM040512_d.JPG,24535cfbff88d846e9fd0947f6660409
12634.JPG,https://zenodo.org/record/2707828/files/CAM040513_d.JPG,bd47a48d1d7b0b5a9227e45a9108a405
12636.JPG,https://zenodo.org/record/2707828/files/CAM040514_d.JPG,2c421397ea63443df23dc324d7d1f695
12652.JPG,https://zenodo.org/record/2707828/files/CAM040523_d.JPG,a699664e8cf56fc4774e2bc0efe5cc63
12654.JPG,https://zenodo.org/record/2707828/files/CAM040524_d.JPG,b39df962e0b688d9d80117833e23362c
12656.JPG,https://zenodo.org/record/2707828/files/CAM040525_d.JPG,0f5957005a743d09ba3c81ceb9f4bfb6
12658.JPG,https://zenodo.org/record/2707828/files/CAM040526_d.JPG,ab3fe04cac503d65dcaf69e4a7772134
12660.JPG,https://zenodo.org/record/2707828/files/CAM040527_d.JPG,681df48b16519d727fe446a564f5f81b
12680.JPG,https://zenodo.org/record/2707828/files/CAM040537_d.JPG,ee8a4e218d22d424e68b86add33cf036
12682.JPG,https://zenodo.org/record/2707828/files/CAM040538_d.JPG,b1d75697c82c6098ae5b7554ea1d6428
12684.JPG,https://zenodo.org/record/2707828/files/CAM040539_d.JPG,6428086d6c7d8852c8ef9f10244b9a54
12686.JPG,https://zenodo.org/record/2707828/files/CAM040540_d.JPG,136d456effbc7aa6cd21f51b71535963
12688.JPG,https://zenodo.org/record/2707828/files/CAM040541_d.JPG,e9c51d865503538c2162e371291874cc
12690.JPG,https://zenodo.org/record/2707828/files/CAM040542_d.JPG,814421c32855821341d1350019d2dad4
12692.JPG,https://zenodo.org/record/2707828/files/CAM040543_d.JPG,bb7f4a7c8352b8051bb4514a537e9705
12694.JPG,https://zenodo.org/record/2707828/files/CAM040544_d.JPG,659b34378ce87c2ff7f26c659a7ed1cc
12696.JPG,https://zenodo.org/record/2707828/files/CAM040545_d.JPG,fc2c409973e4f5e70c8fc0db7fa15e84
12698.JPG,https://zenodo.org/record/2707828/files/CAM040546_d.JPG,07aacc53985c60285bbc851c8b686760
12700.JPG,https://zenodo.org/record/2707828/files/CAM040547_d.JPG,592cc39882041689f7c609e25a90780c
12702.JPG,https://zenodo.org/record/2707828/files/CAM040548_d.JPG,ad81755105e9a010423b7ed63672ddd5
12704.JPG,https://zenodo.org/record/2707828/files/CAM040549_d.JPG,90316d58c9ab49c90b3b0f6cdac7276a
12706.JPG,https://zenodo.org/record/2707828/files/CAM040550_d.JPG,da2c6e70be3cb7ba984ab27b1204f695
12708.JPG,https://zenodo.org/record/2707828/files/CAM040551_d.JPG,70c9fd88829286e1a1eb7f885c3b362c
12710.JPG,https://zenodo.org/record/2707828/files/CAM040552_d.JPG,5dff91b2902007f8c8acd7787e01834c
12712.JPG,https://zenodo.org/record/2707828/files/CAM040553_d.JPG,f371ab274dc4fe34d95b97d155c917e2
12714.JPG,https://zenodo.org/record/2707828/files/CAM040554_d.JPG,8a10ad371baa47994d15651cb995bbd6
12716.JPG,https://zenodo.org/record/2707828/files/CAM040555_d.JPG,efe8c1987d445608af57c0ead469fce8
12718.JPG,https://zenodo.org/record/2707828/files/CAM040556_d.JPG,f1ce8616943d596a0a07a9595433cd5c
12720.JPG,https://zenodo.org/record/2707828/files/CAM040557_d.JPG,1fa65342e33d9b7a0a965ab1d1db72c1
12722.JPG,https://zenodo.org/record/2707828/files/CAM040558_d.JPG,4352e92c04e36464748d628f172c2f93
12724.JPG,https://zenodo.org/record/2707828/files/CAM040559_d.JPG,8b6b68a19a734ac9140a9e2664388a0f
12726.JPG,https://zenodo.org/record/2707828/files/CAM040560_d.JPG,533fdb6d7f04ab23b81121b1484e0b1e
12728.JPG,https://zenodo.org/record/2707828/files/CAM040561_d.JPG,f87a24ca05b2de55e08b9bf146cf3e51
12730.JPG,https://zenodo.org/record/2707828/files/CAM040562_d.JPG,bdea8b7eeb1abd9fff1d4048150ccbe4
12732.JPG,https://zenodo.org/record/2707828/files/CAM040563_d.JPG,9a94c44aae69fb4d5f98049bbca2a714
12740.JPG,https://zenodo.org/record/2707828/files/CAM040567_d.JPG,963b4f4b9f85bc38c19e0eb26ea40564
12742.JPG,https://zenodo.org/record/2707828/files/CAM040568_d.JPG,861e0e3dc518b6c426cbf8f85a7fc6a4
12744.JPG,https://zenodo.org/record/2707828/files/CAM040569_d.JPG,bf7d6ad19ab36116ce7c45ea765086ac
12746.JPG,https://zenodo.org/record/2707828/files/CAM040570_d.JPG,cbbb2c32b62b26b402c764f9d0aedc19
12748.JPG,https://zenodo.org/record/2707828/files/CAM040571_d.JPG,b84aeb7fd719d76cb04ee878c2359c87
12750.JPG,https://zenodo.org/record/2707828/files/CAM040572_d.JPG,2b3b468733c8577122cfb578ddc5d730
12752.JPG,https://zenodo.org/record/2707828/files/CAM040573_d.JPG,4f23ab711a5b611ce22a6482bb2bff54
12754.JPG,https://zenodo.org/record/2707828/files/CAM040574_d.JPG,5b0a34140a101f0cbca74e7bb3ddb286
12756.JPG,https://zenodo.org/record/2707828/files/CAM040575_d.JPG,2c44d5f27c3e7a90775b7a66740c4df4
12758.JPG,https://zenodo.org/record/2707828/files/CAM040576_d.JPG,ee1f53540a4226807b253e1db12bd6ae
12760.JPG,https://zenodo.org/record/2707828/files/CAM040577_d.JPG,22419c897517af8b5558624f405f7815
12762.JPG,https://zenodo.org/record/2707828/files/CAM040578_d.JPG,d4b846a0709b09972cd2e0701d184766
12764.JPG,https://zenodo.org/record/2707828/files/CAM040579_d.JPG,42276a1d1a9df49ac2832f2b8407b4fb
12766.JPG,https://zenodo.org/record/2707828/files/CAM040580_d.JPG,081a6e5ecdd1d2046c022e1b0e342332
12768.JPG,https://zenodo.org/record/2707828/files/CAM040581_d.JPG,0136753cc328d23c19293b496aed89ec
12770.JPG,https://zenodo.org/record/2707828/files/CAM040582_d.JPG,9444e0455a97dec23e090f736c5ca280
12772.JPG,https://zenodo.org/record/2707828/files/CAM040583_d.JPG,b351a68b642d32c93ccdf053d180ae66
12774.JPG,https://zenodo.org/record/2707828/files/CAM040584_d.JPG,0881ec1df8ffb74c8cf8ee7248d3efb5
12776.JPG,https://zenodo.org/record/2707828/files/CAM040585_d.JPG,54b1547aef04935af380704cd906c242
12778.JPG,https://zenodo.org/record/2707828/files/CAM040586_d.JPG,29746d5871acdd1a83827c143eae47e0
12780.JPG,https://zenodo.org/record/2707828/files/CAM040587_d.JPG,cce0396894a19354baa87603db964db3
12782.JPG,https://zenodo.org/record/2707828/files/CAM040588_d.JPG,69b649e25ccb6c4b5e7d308767e4ec43
12784.JPG,https://zenodo.org/record/2707828/files/CAM040589_d.JPG,3af272aa1bd60236b82ef9636e2b22f4
12786.JPG,https://zenodo.org/record/2707828/files/CAM040590_d.JPG,73ae73328d38c99cf07402d9fa9b2b2d
12788.JPG,https://zenodo.org/record/2707828/files/CAM040591_d.JPG,de76a045be15a428a2c46336695142b4
12790.JPG,https://zenodo.org/record/2707828/files/CAM040592_d.JPG,e106c3560542ad9b52fd9a366b586409
12792.JPG,https://zenodo.org/record/2707828/files/CAM040593_d.JPG,6d68f022c4e6cf6f5daf9393bef38835
12794.JPG,https://zenodo.org/record/2707828/files/CAM040594_d.JPG,5494eedaa762f242499f25f9e255c01a
12796.JPG,https://zenodo.org/record/2707828/files/CAM040595_d.JPG,f9ea96ac4cbe330c1d873f8b7734bedb
12798.JPG,https://zenodo.org/record/2707828/files/CAM040596_d.JPG,6c3f078f8de1f833c12ba3eff21afc0c
12800.JPG,https://zenodo.org/record/2707828/files/CAM040597_d.JPG,675f6a253ee0b737ef5b472303641d47
12824.JPG,https://zenodo.org/record/2707828/files/CAM040623_d.JPG,80af87be2da448cf5496155de0dd488c
12826.JPG,https://zenodo.org/record/2707828/files/CAM040624_d.JPG,e11de316e6b7042f16a5257c397246b9
12842.JPG,https://zenodo.org/record/2707828/files/CAM040632_d.JPG,322ae7a7ebae1bdf846f1477d51dd609
12844.JPG,https://zenodo.org/record/2707828/files/CAM040633_d.JPG,f5e9e0637da207441c84857d214f97ed
12848.JPG,https://zenodo.org/record/2707828/files/CAM040636_d.JPG,0c189758a26ff68ea7d87848a5886f57
12850.JPG,https://zenodo.org/record/2707828/files/CAM040637_d.JPG,392bf9bc5bd595a1e129dce261efc6e1
12852.JPG,https://zenodo.org/record/2707828/files/CAM040638_d.JPG,ffcdb2d4f1974a20101a0cbeb4409af3
12854.JPG,https://zenodo.org/record/2707828/files/CAM040639_d.JPG,bc52d490b2d68e1226bfea857b6459a3
12856.JPG,https://zenodo.org/record/2707828/files/CAM040640_d.JPG,1c9dd9549a2a76c1fb6f93b82b2b47a6
12874.JPG,https://zenodo.org/record/2707828/files/CAM040649_d.JPG,333bf6e468c6832c4f39fb8061a99abb
12876.JPG,https://zenodo.org/record/2707828/files/CAM040650_d.JPG,212ad1374b392a112a246a71b6285735
12882.JPG,https://zenodo.org/record/2707828/files/CAM040653_d.JPG,49d6cdc208e4ba5cde67d6c9b38c2950
12884.JPG,https://zenodo.org/record/2707828/files/CAM040654_d.JPG,332afc2dde1a28196607109197aa1814
12904.JPG,https://zenodo.org/record/2707828/files/CAM040664_d.JPG,fa56ee9cca56b9da8e281f77882dbeb0
12922.JPG,https://zenodo.org/record/2707828/files/CAM040673_d.JPG,f55ab788172c2ac89be1ca2a60c5bea1
12924.JPG,https://zenodo.org/record/2707828/files/CAM040674_d.JPG,1aeba613d5ba294f2c1a43e466f4af0b
12926.JPG,https://zenodo.org/record/2707828/files/CAM040675_d.JPG,a09615869ca9f986aadad0cc6a82c8c3
12928.JPG,https://zenodo.org/record/2707828/files/CAM040676_d.JPG,d6a7b16165e2524c8630e49e4ac2a1e4
12930.JPG,https://zenodo.org/record/2707828/files/CAM040677_d.JPG,fd8221f130a3c427867012b1c8026683
12932.JPG,https://zenodo.org/record/2707828/files/CAM040678_d.JPG,481946d4013cc1d63dc88cfd9d2ab4c5
12934.JPG,https://zenodo.org/record/2707828/files/CAM040679_d.JPG,0b0b6b6134dce29eb05f1a0e7f2d4788
12944.JPG,https://zenodo.org/record/2707828/files/CAM040684_d.JPG,33ba5062fda5ebb138853a9e49f105f7
12948.JPG,https://zenodo.org/record/2707828/files/CAM040686_d.JPG,2c00b682b4efe6d97ae4651998c1e5c8
12956.JPG,https://zenodo.org/record/2707828/files/CAM040690_d.JPG,1679f85c6998cb493f0e92a90a8bc221
12960.JPG,https://zenodo.org/record/2707828/files/CAM040692_d.JPG,5d9dd74f721f8dc132d34ed769f50273
12962.JPG,https://zenodo.org/record/2707828/files/CAM040693_d.JPG,62e83221108f1359193301462a65a9ca
12964.JPG,https://zenodo.org/record/2707828/files/CAM040694_d.JPG,fc9a2c279da0b00319f9b479c6c338ed
12966.JPG,https://zenodo.org/record/2707828/files/CAM040695_d.JPG,c44a00ffeb73c567f1b0aa884634cc08
12968.JPG,https://zenodo.org/record/2707828/files/CAM040696_d.JPG,ad62362ccb95c4ea0760e053f89574ec
12970.JPG,https://zenodo.org/record/2707828/files/CAM040697_d.JPG,4a3b46ac7f32bfea73294bbcfa0f8fc6
12972.JPG,https://zenodo.org/record/2707828/files/CAM040698_d.JPG,c328a25057aed1096557f9614179926e
12978.JPG,https://zenodo.org/record/2707828/files/CAM040701_d.JPG,a868b52769eac7ade2e80595b48858ca
12980.JPG,https://zenodo.org/record/2707828/files/CAM040702_d.JPG,15fa6897ef3a5a5123ebf19e49ec1dee
12982.JPG,https://zenodo.org/record/2707828/files/CAM040703_d.JPG,251081f4f84e43e3ce235f373ffc302a
12984.CR2,https://zenodo.org/record/2714333/files/CAM040704_d.CR2,c54519d9aff2969fc4bea74b2b0a217b
12985.JPG,https://zenodo.org/record/2714333/files/CAM040704_d.JPG,6096a3e0b9855917ac7c7823787fd76f
12988.CR2,https://zenodo.org/record/2714333/files/CAM040705_d.CR2,36a25ad8267a2b7360f35a1ec7db1295
12989.JPG,https://zenodo.org/record/2714333/files/CAM040705_d.JPG,44d7553463a08c913172b768ca816fd7
12992.CR2,https://zenodo.org/record/2714333/files/CAM040706_d.CR2,c43980d804f11e7980d45013126dffa7
12993.JPG,https://zenodo.org/record/2714333/files/CAM040706_d.JPG,e60d1d3aaf091e8f0fe44477a5656b3d
12996.CR2,https://zenodo.org/record/2714333/files/CAM040707_d.CR2,50454e2da44b1fd39e2c2c094a1749a6
12997.JPG,https://zenodo.org/record/2714333/files/CAM040707_d.JPG,f79172c5b5af69429f031efc0139d6b2
13000.CR2,https://zenodo.org/record/2714333/files/CAM040708_d.CR2,f4586d7cf09f6cd21e160bf79dd74c22
13001.JPG,https://zenodo.org/record/2714333/files/CAM040708_d.JPG,af3310652fe78b7d2e5adf0cdc0517bb
13028.CR2,https://zenodo.org/record/2714333/files/CAM040715_d.CR2,025391e489a040b764c7522a27aeb8a2
13029.JPG,https://zenodo.org/record/2714333/files/CAM040715_d.JPG,4ea125c78fc6288b0ff516a5e9ab834a
13036.CR2,https://zenodo.org/record/2714333/files/CAM040717_d.CR2,945e4f52ffa63b77fbcacfa8f120931c
13037.JPG,https://zenodo.org/record/2714333/files/CAM040717_d.JPG,ddabd17f29ad8180cb54b5b1dc47c31c
13040.CR2,https://zenodo.org/record/2714333/files/CAM040718_d.CR2,279db4690e093e76b61b374b6310ab81
13041.JPG,https://zenodo.org/record/2714333/files/CAM040718_d.JPG,7a47f07a089e37aa07449da4ede68f4e
13044.CR2,https://zenodo.org/record/2714333/files/CAM040719_d.CR2,ba8cbb5b0ad3bd3d1bea294323989122
13045.JPG,https://zenodo.org/record/2714333/files/CAM040719_d.JPG,c744d89a606bfe5652fa399ba5fead1c
13048.CR2,https://zenodo.org/record/2714333/files/CAM040720_d.CR2,591c33c859162e4570630df6ccbcf88f
13049.JPG,https://zenodo.org/record/2714333/files/CAM040720_d.JPG,ef13a06c4646b4a3b8ccef636837accb
13052.CR2,https://zenodo.org/record/2714333/files/CAM040721_d.CR2,ba40bbfd30bc14f2b285167e4001dc1a
13053.JPG,https://zenodo.org/record/2714333/files/CAM040721_d.JPG,c849caa4714cc90076aa789e09330e00
13056.CR2,https://zenodo.org/record/2714333/files/CAM040722_d.CR2,d519efb38ed28b8d071538ec20b80f3e
13057.JPG,https://zenodo.org/record/2714333/files/CAM040722_d.JPG,ac32083547c66122928bbf009ed77762
13060.CR2,https://zenodo.org/record/2714333/files/CAM040723_d.CR2,fdf189026fb1c5adc5e2c7e3c067b565
13061.JPG,https://zenodo.org/record/2714333/files/CAM040723_d.JPG,7053bc7e2e26c0a59de6cc291326ea35
13064.CR2,https://zenodo.org/record/2714333/files/CAM040724_d.CR2,52808b918c02a1a2494853da5f06911b
13065.JPG,https://zenodo.org/record/2714333/files/CAM040724_d.JPG,1cda9a5d14476cf887f6b16b1dc5dc3f
13068.CR2,https://zenodo.org/record/2714333/files/CAM040725_d.CR2,af65c990a31ae50caeb01d585c122d36
13069.JPG,https://zenodo.org/record/2714333/files/CAM040725_d.JPG,5103e03d9c48c8acb1a3478c842c80b9
13072.CR2,https://zenodo.org/record/2714333/files/CAM040726_d.CR2,a1610440244c898e446e28166fdbc8ed
13073.JPG,https://zenodo.org/record/2714333/files/CAM040726_d.JPG,37c8e8dd1f4e9893646764d0d007009d
13076.CR2,https://zenodo.org/record/2714333/files/CAM040727_d.CR2,3c202077314c2efe29ad6dd1ec253ffb
13077.JPG,https://zenodo.org/record/2714333/files/CAM040727_d.JPG,5cc54916b738e8136d4d2adf892e08ef
13080.CR2,https://zenodo.org/record/2714333/files/CAM040728_d.CR2,32bd1b823020ca4d60b4d17c3313a74e
13081.JPG,https://zenodo.org/record/2714333/files/CAM040728_d.JPG,acc3e8e07349fdaf8989688de37ccd40
13084.CR2,https://zenodo.org/record/2714333/files/CAM040729_d.CR2,c3086622025e0b6cb9c1ce96c8ab4668
13085.JPG,https://zenodo.org/record/2714333/files/CAM040729_d.JPG,adfa447cb0464b12d61fbcc7f3977a44
13092.CR2,https://zenodo.org/record/2714333/files/CAM040731_d.CR2,0befc1b6accd8252e1a3df981dbfd17f
13093.JPG,https://zenodo.org/record/2714333/files/CAM040731_d.JPG,dc7ebeb2b1d996ae4596f2cf5f551e36
13096.CR2,https://zenodo.org/record/2714333/files/CAM040732_d.CR2,bce205675846022fb460ee5df677c7d0
13097.JPG,https://zenodo.org/record/2714333/files/CAM040732_d.JPG,9180468edf22594c7eda65afb062bf26
13100.CR2,https://zenodo.org/record/2714333/files/CAM040733_d.CR2,3fc2541de3fbd7364e7077a39f8a4db8
13101.JPG,https://zenodo.org/record/2714333/files/CAM040733_d.JPG,85934a106537e1b7b4a9b6d46c661744
13126.JPG,https://zenodo.org/record/2714333/files/CAM040742_d.JPG,5ef67c961a1296c11a5399396fd2e756
13128.JPG,https://zenodo.org/record/2714333/files/CAM040743_d.JPG,368f6e3b95c5cb75019373afaf4c246c
13130.JPG,https://zenodo.org/record/2714333/files/CAM040744_d.JPG,ed31fb766a0d3ac468d6b0aaf57bac87
13132.JPG,https://zenodo.org/record/2714333/files/CAM040745_d.JPG,92335b91f0ff9354d9957fcc5c2a22fc
13134.JPG,https://zenodo.org/record/2714333/files/CAM040746_d.JPG,146a45b8097c291da65e0f3e9064aabe
13136.JPG,https://zenodo.org/record/2714333/files/CAM040747_d.JPG,53cce7a0bbe6a8226094f6f46a510da7
13138.JPG,https://zenodo.org/record/2714333/files/CAM040748_d.JPG,923d035b460040ce797fae7f3f660e81
13140.JPG,https://zenodo.org/record/2714333/files/CAM040749_d.JPG,ccc2fc7dde5a09ed34044711f44fa068
13142.JPG,https://zenodo.org/record/2714333/files/CAM040750_d.JPG,cc97783549123c165dfea55b4e260d8c
13144.JPG,https://zenodo.org/record/2714333/files/CAM040751_d.JPG,a2c8fb9d858fd2fff17b2d6fa9534b27
13146.JPG,https://zenodo.org/record/2714333/files/CAM040752_d.JPG,a91e46d906773af3846367b4d8906c5c
13148.JPG,https://zenodo.org/record/2714333/files/CAM040753_d.JPG,b36998752406da337540daf2288a66d5
13150.JPG,https://zenodo.org/record/2714333/files/CAM040754_d.JPG,9eb4df97d440ba000ef32121e656726b
13156.JPG,https://zenodo.org/record/2714333/files/CAM040757_d.JPG,c906dcdb9bd73ed2bc240727fd6cac94
13158.JPG,https://zenodo.org/record/2714333/files/CAM040758_d.JPG,a71b66af25539271c2f1e02ac053c1c5
13160.JPG,https://zenodo.org/record/2714333/files/CAM040759_d.JPG,7b05452226fefd3fa63b8c31ed92cbd8
13162.JPG,https://zenodo.org/record/2714333/files/CAM040760_d.JPG,0586cd1dc190b1048be9ac036853d5ff
13164.JPG,https://zenodo.org/record/2714333/files/CAM040761_d.JPG,f3520f3b2e8265b7352c2ef12c595530
13166.JPG,https://zenodo.org/record/2714333/files/CAM040762_d.JPG,a6854800e5f1d239288f3ad4f1a9f067
13168.JPG,https://zenodo.org/record/2714333/files/CAM040763_d.JPG,509a4e5194f8fceea3748d16be539bb2
13170.JPG,https://zenodo.org/record/2714333/files/CAM040764_d.JPG,c1cd39bcf6ce73c4d9834187ec099abe
13172.JPG,https://zenodo.org/record/2714333/files/CAM040765_d.JPG,1b4cd0bfad7ca4ce8700abd7d0c7e378
13174.JPG,https://zenodo.org/record/2714333/files/CAM040766_d.JPG,e96b51fc8002c238839f5609e017e478
13176.JPG,https://zenodo.org/record/2714333/files/CAM040767_d.JPG,e71655cf18efb7212800972718904cd1
13178.JPG,https://zenodo.org/record/2714333/files/CAM040768_d.JPG,c023abdc84ed6f89af8e1a00ef05faf8
13180.JPG,https://zenodo.org/record/2714333/files/CAM040769_d.JPG,48d1ab601d2a014cd3de726aa9cef52d
13182.JPG,https://zenodo.org/record/2714333/files/CAM040770_d.JPG,b958f9f11590ed93c18978d21e163ba7
13184.JPG,https://zenodo.org/record/2714333/files/CAM040771_d.JPG,efce0eb4018ef8f7a03fb222b2f59dba
13186.JPG,https://zenodo.org/record/2714333/files/CAM040772_d.JPG,cdb8466fe91ca3e4cc3b78cad59a1955
13188.JPG,https://zenodo.org/record/2714333/files/CAM040773_d.JPG,c1ec43ed39cec9ade6c0c1df46575f9a
13190.JPG,https://zenodo.org/record/2714333/files/CAM040774_d.JPG,b72a7ac5bbb5651920043eb88f2430da
13192.JPG,https://zenodo.org/record/2714333/files/CAM040775_d.JPG,52c08d4d530dc3bb8bd34f7ab3798b49
13194.JPG,https://zenodo.org/record/2714333/files/CAM040776_d.JPG,3cc4d2e9d780fb18813ca81db9fbfee6
13307.JPG,https://zenodo.org/record/2714333/files/CAM040833_d.JPG,2ed6aa59569e445c258d79120a57d8e1
13309.JPG,https://zenodo.org/record/2714333/files/CAM040834_d.JPG,ad6b5a3046d79fe551e3e78d0154fb89
13311.JPG,https://zenodo.org/record/2714333/files/CAM040835_d.JPG,6c2192b6fceb6e9b08ad3adbbbd1e0dc
13313.JPG,https://zenodo.org/record/2714333/files/CAM040836_d.JPG,b7f387610a441dc4ab78488c53cf3d8d
13315.JPG,https://zenodo.org/record/2714333/files/CAM040837_d.JPG,b37c4fec28800aff4c1eb5122634f56f
13317.JPG,https://zenodo.org/record/2714333/files/CAM040838_d.JPG,482810df51ce27db4e1be64290e585f0
13319.JPG,https://zenodo.org/record/2714333/files/CAM040839_d.JPG,05f5bd1369466d8201066a261061e2b5
13321.JPG,https://zenodo.org/record/2714333/files/CAM040840_d.JPG,3837a0709a1e5db6fc533db75c08c00e
13323.JPG,https://zenodo.org/record/2714333/files/CAM040841_d.JPG,8767e851c3d809f1ac45c9aeb150cb77
13325.JPG,https://zenodo.org/record/2714333/files/CAM040842_d.JPG,2c891c92b0a3be5d014bf1fcdd37c658
13327.JPG,https://zenodo.org/record/2714333/files/CAM040843_d.JPG,9bc75b2a1e12901fbe4198c654222a58
13329.JPG,https://zenodo.org/record/2714333/files/CAM040844_d.JPG,5f440693be0d325e4b9d6829352d0a86
13331.JPG,https://zenodo.org/record/2714333/files/CAM040845_d.JPG,3b3b249d3d370d0d6e695dd11fd8a5cc
13333.JPG,https://zenodo.org/record/2714333/files/CAM040846_d.JPG,233dd5ea04f0ca8d1911dc0e97405ea8
13335.JPG,https://zenodo.org/record/2714333/files/CAM040847_d.JPG,6a369449ad5cb5eddde3385ce16f56bd
13337.JPG,https://zenodo.org/record/2714333/files/CAM040848_d.JPG,4d20bfc952b798c260b4ecbc32fc30b6
13339.JPG,https://zenodo.org/record/2714333/files/CAM040849_d.JPG,a636e9b93bba0b986c1b2f7af314ca2d
13341.JPG,https://zenodo.org/record/2714333/files/CAM040850_d.JPG,64f812a5de5ca485af8d9bf2a16f7e67
13343.JPG,https://zenodo.org/record/2714333/files/CAM040851_d.JPG,88fd14488bbe7b75762a3f6cc8594b42
13345.JPG,https://zenodo.org/record/2714333/files/CAM040852_d.JPG,2887b48c00bc520e9eda728b1612ff70
13347.JPG,https://zenodo.org/record/2714333/files/CAM040853_d.JPG,36c8c55e5c659f83796f8688d3c046c3
13349.JPG,https://zenodo.org/record/2714333/files/CAM040854_d.JPG,319e9fea11bfdb985229f49e7734d6f3
13351.JPG,https://zenodo.org/record/2714333/files/CAM040855_d.JPG,ab561c770400bfea9a1f3fd9fa0d9d62
13353.JPG,https://zenodo.org/record/2714333/files/CAM040856_d.JPG,47e48f77d6083dea81e8d4054519c6c9
13355.JPG,https://zenodo.org/record/2714333/files/CAM040857_d.JPG,eba886e0a796586f3d5371fff6db22f3
13357.JPG,https://zenodo.org/record/2714333/files/CAM040858_d.JPG,f34ae6ee96cad9bcfcc0b54628059b52
13359.JPG,https://zenodo.org/record/2714333/files/CAM040859_d.JPG,cffa52818911fb6b086c5942eb03d70a
13361.JPG,https://zenodo.org/record/2714333/files/CAM040860_d.JPG,f57eb0bf83941c87e2684d130b8e8b86
13363.JPG,https://zenodo.org/record/2714333/files/CAM040861_d.JPG,dfc9349ef951e1b99aa6af44798cf865
13365.JPG,https://zenodo.org/record/2714333/files/CAM040862_d.JPG,8467615d2f2de8b49bafc9069443239a
13367.JPG,https://zenodo.org/record/2714333/files/CAM040863_d.JPG,e2ef770a25846c29ed7a77eca9bbb916
13369.JPG,https://zenodo.org/record/2714333/files/CAM040864_d.JPG,9bc313159774f52f5653707a4c0b72ac
13451.JPG,https://zenodo.org/record/2714333/files/CAM040906_d.JPG,17d4e4524c632280b489287a3a97c84f
13453.JPG,https://zenodo.org/record/2714333/files/CAM040907_d.JPG,aec254afa537a74917d736f212abd131
13459.JPG,https://zenodo.org/record/2714333/files/CAM040910_d.JPG,4abf33fbe815c8bbca142c061a2b2949
13463.JPG,https://zenodo.org/record/2714333/files/CAM040912_d.JPG,86cdfce17bea2105dbe4c0e8090daf0e
13465.JPG,https://zenodo.org/record/2714333/files/CAM040913_d.JPG,39b1f3a5e2181c0f3f814b21ec595c73
13469.JPG,https://zenodo.org/record/2714333/files/CAM040915_d.JPG,2e7c799ab5790d8332239954fb48930f
13471.JPG,https://zenodo.org/record/2714333/files/CAM040916_d.JPG,53c8876c53d93c4d28502bb47c521eeb
13473.JPG,https://zenodo.org/record/2714333/files/CAM040917_d.JPG,6c9a91eb62f2aee80e1f3e27f59e4556
13475.JPG,https://zenodo.org/record/2714333/files/CAM040918_d.JPG,bdf68fe8d4a253713916eb3b0fecd8a2
13479.JPG,https://zenodo.org/record/2714333/files/CAM040920_d.JPG,4d6f276f7a8823484ed19f73f892c385
13481.JPG,https://zenodo.org/record/2714333/files/CAM040921_d.JPG,290d0f1707be4eb41bc044db94223318
13493.JPG,https://zenodo.org/record/2714333/files/CAM040927_d.JPG,07506aad3c63448d91ae932de25b25c5
13495.JPG,https://zenodo.org/record/2714333/files/CAM040928_d.JPG,8d9912b98d173c510ff1178ac104e503
13505.JPG,https://zenodo.org/record/2714333/files/CAM040933_d.JPG,1e7b71942ddcecd3eac44ab446189ba5
13507.JPG,https://zenodo.org/record/2714333/files/CAM040934_d.JPG,6a22d87bdf4b1cb9e5de0be446e968d4
13509.JPG,https://zenodo.org/record/2714333/files/CAM040935_d.JPG,7a6f813b7ab5814ec5c5a6c5771df8e6
13511.JPG,https://zenodo.org/record/2714333/files/CAM040936_d.JPG,c2c22a1ee11dbcbebd85c70969bd76f2
13513.JPG,https://zenodo.org/record/2714333/files/CAM040937_d.JPG,a0b12bc74130772afa3e71881617f007
13515.JPG,https://zenodo.org/record/2714333/files/CAM040938_d.JPG,bda829a4c1e2c0dc74f858941c3da35a
13517.JPG,https://zenodo.org/record/2714333/files/CAM040939_d.JPG,63f0505cdc8bc6d68bcc5963f7d682de
13519.JPG,https://zenodo.org/record/2714333/files/CAM040940_d.JPG,d71d461cefec5f6a5d51ebfaeacc5798
13521.JPG,https://zenodo.org/record/2714333/files/CAM040941_d.JPG,d38ca7749de0c2703d0d6089834f3f11
13523.JPG,https://zenodo.org/record/2714333/files/CAM040942_d.JPG,b34f4a1a5946b6c911fcd89a52da0f39
13525.JPG,https://zenodo.org/record/2714333/files/CAM040943_d.JPG,ca43f16352595dfafb815e340eb23941
13533.JPG,https://zenodo.org/record/2714333/files/CAM040947_d.JPG,d5a68c3fd7657d0fb249017a5604f0ca
13535.JPG,https://zenodo.org/record/2714333/files/CAM040948_d.JPG,6ef6ca494e5b28ee11d3c5c0f27cf15d
13537.JPG,https://zenodo.org/record/2714333/files/CAM040949_d.JPG,2586c6962216716e8b3874b28bcbfa32
13539.JPG,https://zenodo.org/record/2714333/files/CAM040950_d.JPG,1571590d9ad0aefdf17e006610710661
13541.JPG,https://zenodo.org/record/2714333/files/CAM040951_d.JPG,b41a6882587e1c4364bb9bf0ccbaa6dc
13543.JPG,https://zenodo.org/record/2714333/files/CAM040952_d.JPG,4d9701e2c355db4034ef4bd3e4922e73
13545.JPG,https://zenodo.org/record/2714333/files/CAM040953_d.JPG,9bb45f4917ebf2b53b09ab7c79d3b14f
13547.JPG,https://zenodo.org/record/2714333/files/CAM040954_d.JPG,4b94bb7e595682696f4bddc94636819c
13549.JPG,https://zenodo.org/record/2714333/files/CAM040955_d.JPG,44157fba297059bd93a693c8f2d9a269
13551.JPG,https://zenodo.org/record/2714333/files/CAM040956_d.JPG,e93c6cc6a8f2c6f1a6d980e68566332c
13553.JPG,https://zenodo.org/record/2714333/files/CAM040957_d.JPG,26d640522ada83f8021dbfcdcd78d274
13555.JPG,https://zenodo.org/record/2714333/files/CAM040958_d.JPG,2338bc2dbdf63e6091354db6042d7bd5
13557.JPG,https://zenodo.org/record/2714333/files/CAM040959_d.JPG,ddca8f0fb970a9f8e37d9253db3c2fd4
13559.JPG,https://zenodo.org/record/2714333/files/CAM040960_d.JPG,17c02b2e0ef73abe55bc52d37cad9329
13561.JPG,https://zenodo.org/record/2714333/files/CAM040961_d.JPG,f3930d6d3c31dfcab48a264dc31d0a8a
13563.JPG,https://zenodo.org/record/2714333/files/CAM040962_d.JPG,051218cf7f1fe079e53c48e1da47d60e
13565.JPG,https://zenodo.org/record/2714333/files/CAM040963_d.JPG,eb68a00eb15f09c3ba3852c7baa28980
13567.JPG,https://zenodo.org/record/2714333/files/CAM040964_d.JPG,eede1bac9eade9cc271cfa5feb079d8c
13569.JPG,https://zenodo.org/record/2714333/files/CAM040965_d.JPG,c6ccc22dfead1ed2330ca17e0f201e55
13573.JPG,https://zenodo.org/record/2714333/files/CAM040967_d.JPG,531a4d3f1e48fa0157a4d5c690218b08
13575.JPG,https://zenodo.org/record/2714333/files/CAM040968_d.JPG,d850c51800c7d4d1ee728d508f0e8188
13577.JPG,https://zenodo.org/record/2714333/files/CAM040969_d.JPG,e01d3d8f9a3d385c2e909ed4b3554e34
13579.JPG,https://zenodo.org/record/2714333/files/CAM040970_d.JPG,f0026e5eeff64406339d3efb3ff79e29
13581.JPG,https://zenodo.org/record/2714333/files/CAM040971_d.JPG,4368b60ef3047061ac80c5c5afac22d6
13583.JPG,https://zenodo.org/record/2714333/files/CAM040972_d.JPG,0f17a42503d350ae663844aef96abec6
13585.JPG,https://zenodo.org/record/2714333/files/CAM040973_d.JPG,f8d5712c1a4da2e20c257bc9c9c0b7fd
13587.JPG,https://zenodo.org/record/2714333/files/CAM040974_d.JPG,01fe49416420bfea4988c9152a2bf305
13589.JPG,https://zenodo.org/record/2714333/files/CAM040975_d.JPG,448b5b610ade67d05c5d974edb5ff10f
13591.JPG,https://zenodo.org/record/2714333/files/CAM040976_d.JPG,4bb221036449e241620dc8e7f252dbda
13593.JPG,https://zenodo.org/record/2714333/files/CAM040977_d.JPG,dacbb28e352d0cb0c78a59ca424294ae
13595.JPG,https://zenodo.org/record/2714333/files/CAM040978_d.JPG,8e062bca6749dd5ab826cd21abbe6675
13597.JPG,https://zenodo.org/record/2714333/files/CAM040979_d.JPG,70d9e3a3bde46ddb7e6df827838e5f95
13599.JPG,https://zenodo.org/record/2714333/files/CAM040980_d.JPG,843dcb75a00ea51b38669284878c7a0b
13601.JPG,https://zenodo.org/record/2714333/files/CAM040981_d.JPG,ac46f0e58732e5759433a191ba2dee8d
13603.JPG,https://zenodo.org/record/2714333/files/CAM040982_d.JPG,9f2e2b23fcd1f859d176a34128ca369b
13605.JPG,https://zenodo.org/record/2714333/files/CAM040983_d.JPG,f321af2d5a8845437c7fc5bde184793c
13607.JPG,https://zenodo.org/record/2714333/files/CAM040984_d.JPG,7c53b93895ad219be98ad314d79ba633
13609.JPG,https://zenodo.org/record/2714333/files/CAM040985_d.JPG,ff7b629af1c51ce97e562ed1352a715e
13611.JPG,https://zenodo.org/record/2714333/files/CAM040986_d.JPG,eb3e058eb00367ef013d7d13d23cf3bd
13613.JPG,https://zenodo.org/record/2714333/files/CAM040987_d.JPG,1eb416697ad060fb59a280a1f77bc497
13615.JPG,https://zenodo.org/record/2714333/files/CAM040988_d.JPG,922b64e204788ab9afed3ff755d4c25f
13617.JPG,https://zenodo.org/record/2714333/files/CAM040989_d.JPG,f06b80e077415a14a280ce8e01848ffd
13619.JPG,https://zenodo.org/record/2714333/files/CAM040990_d.JPG,3e5859f68c9ff79c33393c2d215f05e5
13621.JPG,https://zenodo.org/record/2714333/files/CAM040991_d.JPG,47252766ff5396de3bdd20d2187ae65f
13623.JPG,https://zenodo.org/record/2714333/files/CAM040992_d.JPG,88dd0f005b87d39c5b162d43b23667b5
13625.JPG,https://zenodo.org/record/2714333/files/CAM040993_d.JPG,e01a8767dd282804faa5b336d6c39497
13627.JPG,https://zenodo.org/record/2714333/files/CAM040994_d.JPG,bb11c942643030d9bec9ecbfed48c09e
13629.JPG,https://zenodo.org/record/2714333/files/CAM040995_d.JPG,70a604b10c30f6435a54c1bca0216462
13635.JPG,https://zenodo.org/record/2714333/files/CAM040998_d.JPG,dbb0f554e770f610a2b4ca2ee840ab0f
13637.JPG,https://zenodo.org/record/2714333/files/CAM040999_d.JPG,c97aef4b32427e0cac5bbf6c0fdcce35
13639.JPG,https://zenodo.org/record/2714333/files/CAM041000_d.JPG,9449fc3416ef193287129c908e6adba8
13641.JPG,https://zenodo.org/record/2714333/files/CAM041001_d.JPG,5643540ed77f64f42f2f1bdbb19883d8
13643.JPG,https://zenodo.org/record/2714333/files/CAM041002_d.JPG,87e4c78241f84025806bdede2199b44c
13645.JPG,https://zenodo.org/record/2714333/files/CAM041003_d.JPG,0808403de14707bd62a20144c412743b
13647.JPG,https://zenodo.org/record/2714333/files/CAM041004_d.JPG,3e867c26bae3e90f75f9b50e8717e25f
13649.JPG,https://zenodo.org/record/2714333/files/CAM041005_d.JPG,32c29935cdc1c2de3a039a55c6e144b1
13651.JPG,https://zenodo.org/record/2714333/files/CAM041006_d.JPG,f733055e94d8532b1c3a939337877e96
13653.JPG,https://zenodo.org/record/2714333/files/CAM041007_d.JPG,9886533b3283e51b923ac7c142712e35
13655.JPG,https://zenodo.org/record/2714333/files/CAM041008_d.JPG,96aedc299c74e53a421a374aa6424b53
13665.JPG,https://zenodo.org/record/2714333/files/CAM041013_d.JPG,8ea6b3cd6378a5721104f62ed63017fc
13667.JPG,https://zenodo.org/record/2714333/files/CAM041014_d.JPG,53c9018c885f195af40e0f4e02d53239
13669.JPG,https://zenodo.org/record/2714333/files/CAM041015_d.JPG,25330fdd22155b8404b92f97e8ad3ed7
13673.JPG,https://zenodo.org/record/2714333/files/CAM041017_d.JPG,a0d5a42fd9b38248b7e2b5c0645b506c
13675.JPG,https://zenodo.org/record/2714333/files/CAM041018_d.JPG,195153ed6822952fb99dfe84182dae12
13677.JPG,https://zenodo.org/record/2714333/files/CAM041019_d.JPG,e01fddeafe0da63d698c2a90d26e8afd
13679.JPG,https://zenodo.org/record/2714333/files/CAM041020_d.JPG,db5c2cc5861031706692264279405ebc
13681.JPG,https://zenodo.org/record/2714333/files/CAM041021_d.JPG,09abefb161df7569913e471f4ee7a8e9
13687.JPG,https://zenodo.org/record/2714333/files/CAM041024_d.JPG,7dd6da231a6270000989e135dfa954c7
13689.JPG,https://zenodo.org/record/2714333/files/CAM041025_d.JPG,033e7a5cc488a2b86c1b94d2ed4e3a94
13693.JPG,https://zenodo.org/record/2714333/files/CAM041027_d.JPG,602bea1e78fa3ee950d5119d773d1a8c
13699.JPG,https://zenodo.org/record/2714333/files/CAM041030_d.JPG,2d2325572daa151aec4fa10452b08048
13701.JPG,https://zenodo.org/record/2714333/files/CAM041031_d.JPG,72ef2aeec5958301ed364373a27e313e
13709.JPG,https://zenodo.org/record/2714333/files/CAM041035_d.JPG,e13c09adc8413ef5a4c7daced49f1688
13711.JPG,https://zenodo.org/record/2714333/files/CAM041036_d.JPG,f568add83bea79efafbd0ce62f39dfc0
13713.JPG,https://zenodo.org/record/2714333/files/CAM041037_d.JPG,7581bbfd0dbaa2235dc4f92a6edd3834
13715.JPG,https://zenodo.org/record/2714333/files/CAM041038_d.JPG,a8cbbefc91ce423439f7b2f7ffe29421
13719.JPG,https://zenodo.org/record/2714333/files/CAM041040_d.JPG,fcde2f9969be82e486d72690691f955c
13723.JPG,https://zenodo.org/record/2714333/files/CAM041042_d.JPG,a0b19625b57bfe89c64a2b74df51fe82
13727.JPG,https://zenodo.org/record/2714333/files/CAM041044_d.JPG,e55ec7b4de30d51d40eb585c2aabd15c
13731.JPG,https://zenodo.org/record/2714333/files/CAM041046_d.JPG,28e0e5466a054d4ac331d7480bc99718
13733.JPG,https://zenodo.org/record/2714333/files/CAM041047_d.JPG,77b10af149cbb1590f5c155631b852ac
13735.JPG,https://zenodo.org/record/2714333/files/CAM041048_d.JPG,6173ecdfe748ceaf9b93c02143f2bdfd
13737.JPG,https://zenodo.org/record/2714333/files/CAM041049_d.JPG,5050de5a33eeae38ba9457b1bff6bf47
13739.JPG,https://zenodo.org/record/2714333/files/CAM041050_d.JPG,adc6dcc3c67c6cb640bdbbd1932bc3c1
13741.JPG,https://zenodo.org/record/2714333/files/CAM041051_d.JPG,b60568baac29c5259f2d1230d94ed1f0
13743.JPG,https://zenodo.org/record/2714333/files/CAM041052_d.JPG,895deb801bf528075b185ecda1b61632
13745.JPG,https://zenodo.org/record/2714333/files/CAM041053_d.JPG,37b934c26a361adc9f6a187ecdd14fd9
13747.JPG,https://zenodo.org/record/2714333/files/CAM041054_d.JPG,ec37947a31d0f6a2107b0fc8a9653bf4
13759.JPG,https://zenodo.org/record/2714333/files/CAM041060_d.JPG,b22e954df41a81d38b6428c3ea8a471f
13761.JPG,https://zenodo.org/record/2714333/files/CAM041061_d.JPG,777e513682964fdd7c44660909116695
13763.JPG,https://zenodo.org/record/2714333/files/CAM041062_d.JPG,94db71fc71a9ff87a7186500668990d7
13765.JPG,https://zenodo.org/record/2714333/files/CAM041063_d.JPG,e3cd5a33f793bd9572fdb8e10ac97407
13767.JPG,https://zenodo.org/record/2714333/files/CAM041064_d.JPG,29ceaa19d48db8f4d1710b1ee3c5dda2
13769.JPG,https://zenodo.org/record/2714333/files/CAM041065_d.JPG,e551823551ebdf0ee6a3fc40a9de4b7e
13771.JPG,https://zenodo.org/record/2714333/files/CAM041066_d.JPG,52fbaf69149d00bbadf9411235bd7fa0
13773.JPG,https://zenodo.org/record/2714333/files/CAM041067_d.JPG,2ceaadc75567d159ca1d039923d90f20
13775.JPG,https://zenodo.org/record/2714333/files/CAM041068_d.JPG,18d4e4a350fd0bce3c3812248552f39d
13777.JPG,https://zenodo.org/record/2714333/files/CAM041069_d.JPG,7173495d948f733c697468cd91be33aa
13779.JPG,https://zenodo.org/record/2714333/files/CAM041070_d.JPG,8212ae94e75fe8b0eb21f0f263e5410d
13781.JPG,https://zenodo.org/record/2714333/files/CAM041071_d.JPG,3999d43669284919a53165ecd60d4c83
13783.JPG,https://zenodo.org/record/2714333/files/CAM041072_d.JPG,3dcd652c153093fdc50f3e7110b96aa4
13808.JPG,https://zenodo.org/record/2714333/files/CAM041085_d.JPG,9ce445b7799fd9f83b049e1deaf1460f
13810.JPG,https://zenodo.org/record/2714333/files/CAM041086_d.JPG,052c3d31cb10c678160356cbb210f4a9
13812.JPG,https://zenodo.org/record/2714333/files/CAM041087_d.JPG,fcb896dc1b09c97f9541ee7c6722c763
13814.JPG,https://zenodo.org/record/2714333/files/CAM041088_d.JPG,3c230afab4fae242b0a1d8773f3fd0db
13820.JPG,https://zenodo.org/record/2714333/files/CAM041091_d.JPG,1315ebf6730e39062e4e83673f2b3e2c
13822.JPG,https://zenodo.org/record/2714333/files/CAM041092_d.JPG,815b59fefc68771079051d5bcd898c40
13824.JPG,https://zenodo.org/record/2714333/files/CAM041093_d.JPG,cdfc59035d3630cfb67425dcb36dc2ea
13826.JPG,https://zenodo.org/record/2714333/files/CAM041094_d.JPG,e8e769b698cb1beadec93dd22eb9626f
13828.JPG,https://zenodo.org/record/2714333/files/CAM041095_d.JPG,ced99f60bf572d21049f962c20e6acea
13830.JPG,https://zenodo.org/record/2714333/files/CAM041096_d.JPG,f94da695b1c1f8c0d4ac0e70652090a3
13838.JPG,https://zenodo.org/record/2714333/files/CAM041100_d.JPG,cee208835a9c2f88666f892d4db11124
13840.JPG,https://zenodo.org/record/2714333/files/CAM041101_d.JPG,542699983f9d13bab2cc3cdb8ae1c639
13842.JPG,https://zenodo.org/record/2714333/files/CAM041102_d.JPG,cd74b7a80f4b6c365b85fc24d782d94a
13844.JPG,https://zenodo.org/record/2714333/files/CAM041103_d.JPG,e31b81deaf382931eb845389b7c54615
13846.JPG,https://zenodo.org/record/2714333/files/CAM041104_d.JPG,ca655aa8fb0aa0ebe8acff52dfeb5236
13862.JPG,https://zenodo.org/record/2714333/files/CAM041112_d.JPG,a9db1d5311e294ac9114b20527aa0f1e
13864.JPG,https://zenodo.org/record/2714333/files/CAM041113_d.JPG,50e5ac54f935d071b795aeb318fd92b5
13866.JPG,https://zenodo.org/record/2714333/files/CAM041114_d.JPG,c842e4c19e2e313e67f10fc423149363
13868.JPG,https://zenodo.org/record/2714333/files/CAM041115_d.JPG,a338b6ecc6f59fe4191dcf8f82cf5a04
13870.JPG,https://zenodo.org/record/2714333/files/CAM041116_d.JPG,12b79184f173e34aea2234bf7a117de6
13874.JPG,https://zenodo.org/record/2714333/files/CAM041118_d.JPG,8612d7400fb9f64cc426b5d330d092c6
13876.JPG,https://zenodo.org/record/2714333/files/CAM041119_d.JPG,67989ea6866e3ed30f3096a749807cb3
13878.JPG,https://zenodo.org/record/2714333/files/CAM041120_d.JPG,da2a518b5f26970d4c567482750c37d0
13880.JPG,https://zenodo.org/record/2714333/files/CAM041121_d.JPG,14ebfb934784160764cdc10ab18a17f5
13890.JPG,https://zenodo.org/record/2714333/files/CAM041126_d.JPG,d2e8d9f816d5fd677c236b54059f6b6c
13896.JPG,https://zenodo.org/record/2714333/files/CAM041129_d.JPG,47eaf84216db4102681c5d3511b8a767
13906.JPG,https://zenodo.org/record/2714333/files/CAM041134_d.JPG,c43c9b95bde6996b4a60de374aac67e3
13908.JPG,https://zenodo.org/record/2714333/files/CAM041135_d.JPG,e17d96499b811ee3923013cc1449e3f9
13910.JPG,https://zenodo.org/record/2714333/files/CAM041136_d.JPG,2f7ab410414326a3ff6d3229fac9b573
13912.JPG,https://zenodo.org/record/2714333/files/CAM041137_d.JPG,12c3cc742b276cb6a0190afbb5aac209
13914.JPG,https://zenodo.org/record/2714333/files/CAM041138_d.JPG,bf08505002ef01b708e42b07a1771cf9
13916.JPG,https://zenodo.org/record/2714333/files/CAM041139_d.JPG,c089c9c37691887149281f7e23512ee7
13918.JPG,https://zenodo.org/record/2714333/files/CAM041140_d.JPG,fcec65193d864163fec6b48cc3a9abd6
13920.JPG,https://zenodo.org/record/2714333/files/CAM041141_d.JPG,ba7c2643890adfe9dfdff03c8f074844
13922.JPG,https://zenodo.org/record/2714333/files/CAM041142_d.JPG,5941521a5c8bed47f02df84fac2ab211
13923.JPG,https://zenodo.org/record/2714333/files/CAM041143_d.JPG,52b0921596527a52080f859d7be42c9f
13925.JPG,https://zenodo.org/record/2714333/files/CAM041144_d.JPG,cd4ebcda04403cb38fd735da504e29e3
13927.JPG,https://zenodo.org/record/2714333/files/CAM041145_d.JPG,1fd60f6759df2f18980cb55b20426cbc
13929.JPG,https://zenodo.org/record/2714333/files/CAM041146_d.JPG,0aad424a883916cf6364f0e77e1b2641
13931.JPG,https://zenodo.org/record/2714333/files/CAM041147_d.JPG,adb85529c30014e94bd30aa5e284664d
13933.JPG,https://zenodo.org/record/2714333/files/CAM041148_d.JPG,b73d45d4beee472a318071b5bda007de
13935.JPG,https://zenodo.org/record/2714333/files/CAM041149_d.JPG,659799a9fbeff2ca8c3d70118464e1c4
13937.JPG,https://zenodo.org/record/2714333/files/CAM041150_d.JPG,5a469a304cce33b7ee877d47292f6e21
13939.JPG,https://zenodo.org/record/2714333/files/CAM041151_d.JPG,72d3d1eb07fef638e7256c3ab09f44a2
13943.JPG,https://zenodo.org/record/2714333/files/CAM041153_d.JPG,7d26b57015faca632387fa8483d85ae4
13945.JPG,https://zenodo.org/record/2714333/files/CAM041154_d.JPG,a9f411c3a5b77c2a67b8cddd019771d7
13947.JPG,https://zenodo.org/record/2714333/files/CAM041155_d.JPG,6bb4468a82d61def8b6bbf3e29aedf5a
13951.JPG,https://zenodo.org/record/2714333/files/CAM041157_d.JPG,7a43f537572d51aad293beb0fa0400dc
13953.JPG,https://zenodo.org/record/2714333/files/CAM041158_d.JPG,2f62e9024af5a21ac3ac1eea2ccc932a
13955.JPG,https://zenodo.org/record/2714333/files/CAM041159_d.JPG,4fa064e6bc7198ffeacc1569cbfa9df3
13963.JPG,https://zenodo.org/record/2714333/files/CAM041163_d.JPG,98395b8db9f76e05d2fb874ecf4e22de
13965.JPG,https://zenodo.org/record/2714333/files/CAM041164_d.JPG,a406c8a62e499c1c2acb6086e76ef530
13969.JPG,https://zenodo.org/record/2714333/files/CAM041166_d.JPG,89da8d8003006c5ea34a8879d8aef2ae
13971.JPG,https://zenodo.org/record/2714333/files/CAM041167_d.JPG,dd54259bd07f76b7428e1553d59ae9a4
13973.JPG,https://zenodo.org/record/2714333/files/CAM041168_d.JPG,8aade039616dfcc9cc001d28fe5d15ed
13975.JPG,https://zenodo.org/record/2714333/files/CAM041169_d.JPG,fb3998164212244070319df5f24a9d62
13981.JPG,https://zenodo.org/record/2714333/files/CAM041172_d.JPG,5c6e42dc305ea6020106b048fa84b7b4
13985.JPG,https://zenodo.org/record/2714333/files/CAM041174_d.JPG,e5dcaf2434f9a9845df3dd7ff69298a2
13987.JPG,https://zenodo.org/record/2714333/files/CAM041175_d.JPG,b0ee0a98215eaaaf58c77f354010d9ea
13989.JPG,https://zenodo.org/record/2714333/files/CAM041176_d.JPG,a0183a5fc3e2f8d2a035da234d1028f0
13991.JPG,https://zenodo.org/record/2714333/files/CAM041177_d.JPG,be8bbf3bfe7c17ee2c5f42601bd7cd9b
13993.JPG,https://zenodo.org/record/2714333/files/CAM041178_d.JPG,0f5556abc4f6f59de03c583b1a93429e
13995.JPG,https://zenodo.org/record/2714333/files/CAM041179_d.JPG,4c28f5ae3ccf293c876e4e33903f39cf
13997.JPG,https://zenodo.org/record/2714333/files/CAM041180_d.JPG,f0ef911e373519fe1dfb7dd51c100832
13999.JPG,https://zenodo.org/record/2714333/files/CAM041181_d.JPG,f82d2c5836b1c94facbac5ee846bfddf
14001.JPG,https://zenodo.org/record/2714333/files/CAM041182_d.JPG,6986b886f12f3324129b1c7e70912ca2
14003.JPG,https://zenodo.org/record/2714333/files/CAM041183_d.JPG,e7cf3402e98ca9cd8ace9c0baa617350
14005.JPG,https://zenodo.org/record/2714333/files/CAM041184_d.JPG,3fe73dd0fcee8403323dbda464e31c4e
14007.JPG,https://zenodo.org/record/2714333/files/CAM041185_d.JPG,9b4ba92f11bc44ca3e9febe741692a9e
14009.JPG,https://zenodo.org/record/2714333/files/CAM041186_d.JPG,1c36d3cffca5bf6b21f0aa62d1fbac80
14011.JPG,https://zenodo.org/record/2714333/files/CAM041187_d.JPG,3e94cb9069901ee6694d925e6cfd20ca
14013.JPG,https://zenodo.org/record/2714333/files/CAM041188_d.JPG,cd271445af5e05ee163712abd4ae0565
14015.JPG,https://zenodo.org/record/2714333/files/CAM041189_d.JPG,8b725254aad4f11d4bfe793a2ba5724a
14017.JPG,https://zenodo.org/record/2714333/files/CAM041190_d.JPG,699df130564f709ad0e5200dd5efe554
14019.JPG,https://zenodo.org/record/2714333/files/CAM041191_d.JPG,c458a7228ad667ab41a819fe2a0ab2d6
14029.JPG,https://zenodo.org/record/2714333/files/CAM041196_d.JPG,d986125126781ca1bf76ca653875818c
14031.JPG,https://zenodo.org/record/2714333/files/CAM041197_d.JPG,9e3a74b476fbac06801d95b20e0a226a
14033.JPG,https://zenodo.org/record/2714333/files/CAM041198_d.JPG,d1ab20e4825b84d200428253ea571f17
14035.JPG,https://zenodo.org/record/2714333/files/CAM041199_d.JPG,effe671def1b0030489915ce77d08777
14037.JPG,https://zenodo.org/record/2714333/files/CAM041200_d.JPG,e5c0aec11b550bae23de6593819dee37
14039.JPG,https://zenodo.org/record/2714333/files/CAM041201_d.JPG,a036b48d910141cbaed7a3374c750edb
14041.JPG,https://zenodo.org/record/2714333/files/CAM041202_d.JPG,89bafa088017efa3380aee3bc3443737
14043.JPG,https://zenodo.org/record/2714333/files/CAM041203_d.JPG,7af7aaffe3b046e869ba25e44ccd32b4
14045.JPG,https://zenodo.org/record/2714333/files/CAM041204_d.JPG,e3c3bccebf7af211cd6b33a3d0e76c72
14047.JPG,https://zenodo.org/record/2714333/files/CAM041205_d.JPG,55c7d5df02c78b8172d3039155cc6331
14049.JPG,https://zenodo.org/record/2714333/files/CAM041206_d.JPG,29d99ad186058ecec8147d633f097fa1
14051.JPG,https://zenodo.org/record/2714333/files/CAM041207_d.JPG,355d7ab42cd2b165cfd32a7e546696c2
14053.JPG,https://zenodo.org/record/2714333/files/CAM041208_d.JPG,d2a0a2f8322a6448e8bb6c61328d7a02
14055.JPG,https://zenodo.org/record/2714333/files/CAM041209_d.JPG,4ed1b35a7e921c3741dcfbe8780b5a54
14057.JPG,https://zenodo.org/record/2714333/files/CAM041210_d.JPG,587328c18d82cbcbc6d43d8867997f28
14059.JPG,https://zenodo.org/record/2714333/files/CAM041211_d.JPG,1ca6ed9fa8483c2ffd07cbbd7ab32bf7
14061.JPG,https://zenodo.org/record/2714333/files/CAM041212_d.JPG,e436f45c281e3c61e6dec025486130fe
14063.JPG,https://zenodo.org/record/2714333/files/CAM041213_d.JPG,2161e31ae7359b344970e09a40307598
14065.JPG,https://zenodo.org/record/2714333/files/CAM041214_d.JPG,1056d3ee17531cfcb080f37e6bbce356
14067.JPG,https://zenodo.org/record/2714333/files/CAM041215_d.JPG,24821e2211bf6917d25772f2db1cbf47
14069.JPG,https://zenodo.org/record/2714333/files/CAM041216_d.JPG,472a5bbc1769bff19fe9e7bd693292cb
14071.JPG,https://zenodo.org/record/2714333/files/CAM041217_d.JPG,5d0f5de73e53d48cd59afc73751673b9
14073.JPG,https://zenodo.org/record/2714333/files/CAM041218_d.JPG,d38369773c6bc8ae3f8266e85d868659
14075.JPG,https://zenodo.org/record/2714333/files/CAM041219_d.JPG,9cd853744df476a0b47c191da841d8b5
14077.JPG,https://zenodo.org/record/2714333/files/CAM041220_d.JPG,a69be8629584838c4a68e5dc956ace68
14079.JPG,https://zenodo.org/record/2714333/files/CAM041221_d.JPG,c8bb525075f46f0ac3ed301ae3bf79b8
14081.JPG,https://zenodo.org/record/2714333/files/CAM041222_d.JPG,17a8a008e06af673223591c822d5c1e3
14083.JPG,https://zenodo.org/record/2714333/files/CAM041223_d.JPG,90351d9a6886d01278ffd98657341afa
14085.JPG,https://zenodo.org/record/2714333/files/CAM041224_d.JPG,5efbb6f20f9fc193db4f3c22cd1f45e8
14087.JPG,https://zenodo.org/record/2714333/files/CAM041225_d.JPG,94147bb530a7d0e836d134520c8e951b
14089.JPG,https://zenodo.org/record/2714333/files/CAM041226_d.JPG,f856f5cec0cf8c02de8c653758f41f5d
14091.JPG,https://zenodo.org/record/2714333/files/CAM041227_d.JPG,e6def632524bd819d79bb7a82ab1f963
14093.JPG,https://zenodo.org/record/2714333/files/CAM041228_d.JPG,fb2f16e0e75b6a3c8730b00699aa2a8c
14097.JPG,https://zenodo.org/record/2714333/files/CAM041230_d.JPG,2d3ee39733761eaab4062658c67ad747
14099.JPG,https://zenodo.org/record/2714333/files/CAM041231_d.JPG,8ab6d155b473e5e6635de378596791bb
14101.JPG,https://zenodo.org/record/2714333/files/CAM041232_d.JPG,9a9bc6b9320a330536534034408963b5
14149.JPG,https://zenodo.org/record/2714333/files/CAM041256_d.JPG,a5f253323c40331699c72d52410f5485
14151.JPG,https://zenodo.org/record/2714333/files/CAM041257_d.JPG,d979ae4300810aee817e36c82b695040
14153.JPG,https://zenodo.org/record/2714333/files/CAM041258_d.JPG,2cdf4aad2574bd9fcde55796756dbaa7
14155.JPG,https://zenodo.org/record/2714333/files/CAM041259_d.JPG,21865d664a7df5cf73cbec32b8a2fd70
14157.JPG,https://zenodo.org/record/2714333/files/CAM041260_d.JPG,b61dd32b5f353991188e3c25b012ec56
14159.JPG,https://zenodo.org/record/2714333/files/CAM041261_d.JPG,8d56014fcd0f68edddd8d0072151d35e
14161.JPG,https://zenodo.org/record/2714333/files/CAM041262_d.JPG,7f843988873aa9851b6be43ef738c919
14163.JPG,https://zenodo.org/record/2714333/files/CAM041263_d.JPG,3e67e4d9766506ba29d0260eda085144
14165.JPG,https://zenodo.org/record/2714333/files/CAM041264_d.JPG,820bd17b8153448b4a3a4fc6dc51b6e1
14167.JPG,https://zenodo.org/record/2714333/files/CAM041265_d.JPG,a0fba7f77c32abc3c64ef3e91557146b
14169.JPG,https://zenodo.org/record/2714333/files/CAM041266_d.JPG,f10c8f82b700e4ccb869d621ae4b5c41
14170.JPG,https://zenodo.org/record/2714333/files/CAM041267_d.JPG,4477e435ff9878aa9e9807f6bddd8889
14172.JPG,https://zenodo.org/record/2714333/files/CAM041268_d.JPG,69fdd49837738c10637071f9ad88a5c2
14174.JPG,https://zenodo.org/record/2714333/files/CAM041269_d.JPG,8d3d890dad9077c054d68e645f799e5e
14176.JPG,https://zenodo.org/record/2714333/files/CAM041270_d.JPG,f97ee99537bb7158b5547f1a5b40f45a
14178.JPG,https://zenodo.org/record/2714333/files/CAM041271_d.JPG,dcfde5587e079f919b3372482b5b9a00
14180.JPG,https://zenodo.org/record/2714333/files/CAM041272_d.JPG,1dc8df4fb4c34cda701e2280bd8cc663
14182.JPG,https://zenodo.org/record/2714333/files/CAM041273_d.JPG,1ffbd8dfce6683e773f992bb7e1cb665
14184.JPG,https://zenodo.org/record/2714333/files/CAM041274_d.JPG,f893d352cfaa2a99c92e4df296efc07f
14186.JPG,https://zenodo.org/record/2714333/files/CAM041275_d.JPG,ff9fcce11d7502659e33cace48cdd352
14188.JPG,https://zenodo.org/record/2714333/files/CAM041276_d.JPG,8c81de671ec307f5c158425d45c82c51
14190.JPG,https://zenodo.org/record/2714333/files/CAM041277_d.JPG,4f2e891017b3829273894c949b63198b
14192.JPG,https://zenodo.org/record/2714333/files/CAM041278_d.JPG,a5dc849870a30d7e5d9b1dd7f285c555
14210.JPG,https://zenodo.org/record/2714333/files/CAM041287_d.JPG,6fce6cebabe796198a5da0db5b55bbd8
14212.JPG,https://zenodo.org/record/2714333/files/CAM041288_d.JPG,bb34c29a8d5807b1f1975778537ee077
14214.JPG,https://zenodo.org/record/2714333/files/CAM041289_d.JPG,47cfe6e203b2a9d18220a488235cffeb
14216.JPG,https://zenodo.org/record/2714333/files/CAM041290_d.JPG,8b0afeb082417e685d45153046d4da0c
14218.JPG,https://zenodo.org/record/2714333/files/CAM041291_d.JPG,a9ed1fd8fa984c40653b491c2992bfae
14220.JPG,https://zenodo.org/record/2714333/files/CAM041292_d.JPG,4d3c206f27825b7419a044f03eb8d3a6
14222.JPG,https://zenodo.org/record/2714333/files/CAM041293_d.JPG,059b8a77729237391b2c2034b2bc1f4a
14224.JPG,https://zenodo.org/record/2714333/files/CAM041294_d.JPG,72edb93f0cc618e32ba7ea74a8307f48
14226.JPG,https://zenodo.org/record/2714333/files/CAM041295_d.JPG,318deb277847d21ccc27f67a60bf3b72
14228.JPG,https://zenodo.org/record/2714333/files/CAM041296_d.JPG,34f4fcb7df5b65c02a26188e6997b204
14230.JPG,https://zenodo.org/record/2714333/files/CAM041297_d.JPG,2dda4ff160bcb8f701a6778d703046d7
14232.JPG,https://zenodo.org/record/2714333/files/CAM041298_d.JPG,ce55b98ef15fcd941ec7bcf0ec132c0a
14234.JPG,https://zenodo.org/record/2714333/files/CAM041299_d.JPG,526876e3fd1873133d7706ae38e20c0b
14236.JPG,https://zenodo.org/record/2714333/files/CAM041300_d.JPG,f4014fc5ac9b2ca89ece709420f205de
14238.JPG,https://zenodo.org/record/2714333/files/CAM041301_d.JPG,24cb6e2dff49fcd97d3ca67066bccd2f
14246.JPG,https://zenodo.org/record/2714333/files/CAM041305_d.JPG,8cc7b37eb55120d148dd244b9f002a78
14248.JPG,https://zenodo.org/record/2714333/files/CAM041306_d.JPG,2aa0f6778851c844e7a8062cc978e293
14250.JPG,https://zenodo.org/record/2714333/files/CAM041307_d.JPG,207d49080231610715345d1f6132fd86
14252.JPG,https://zenodo.org/record/2714333/files/CAM041308_d.JPG,bd2d27bbdb82001eb0e3010a867684af
14254.JPG,https://zenodo.org/record/2714333/files/CAM041309_d.JPG,96870f76e962b23ee7387a2b14d93baf
14256.JPG,https://zenodo.org/record/2714333/files/CAM041310_d.JPG,eae9aaa7684ebd5fbe0944d7e64e3213
14274.JPG,https://zenodo.org/record/2714333/files/CAM041319_d.JPG,132c9c5da94c5b0bc365bce4e4a9a6dd
14276.JPG,https://zenodo.org/record/2714333/files/CAM041320_d.JPG,540f18a1bb8201549fdcf96ec2237b53
14278.JPG,https://zenodo.org/record/2714333/files/CAM041321_d.JPG,e03009a79b84f9b033067f70edfdfafb
14280.JPG,https://zenodo.org/record/2714333/files/CAM041322_d.JPG,2563a6ee41c32067bb9ea36cabd0457e
14282.JPG,https://zenodo.org/record/2714333/files/CAM041323_d.JPG,0a8f786249dc0dd2f588e44e0adce9e2
14284.JPG,https://zenodo.org/record/2714333/files/CAM041324_d.JPG,d004e8922eeda78409caff50e7d5cb61
14286.JPG,https://zenodo.org/record/2714333/files/CAM041325_d.JPG,975008ad2cf045a64c63bc2fe5b5844a
14288.JPG,https://zenodo.org/record/2714333/files/CAM041326_d.JPG,daa0f94583dea4aa7c1882e2aaa66150
14290.JPG,https://zenodo.org/record/2714333/files/CAM041327_d.JPG,948d2b2cf26ff06d5a66987b929427bc
14292.JPG,https://zenodo.org/record/2714333/files/CAM041328_d.JPG,2f1a3cb0225c382ab27e87b857be6659
14294.JPG,https://zenodo.org/record/2714333/files/CAM041329_d.JPG,7508b90ae77181a1be0b5292c08d6866
14296.JPG,https://zenodo.org/record/2714333/files/CAM041330_d.JPG,d137e4ee5fd4f0436b235566b7e1239e
14298.JPG,https://zenodo.org/record/2714333/files/CAM041331_d.JPG,4b487782833960c758a05cb109503a07
14300.JPG,https://zenodo.org/record/2714333/files/CAM041332_d.JPG,b150b92c3aff023eada0eeb145f10f9d
14302.JPG,https://zenodo.org/record/2714333/files/CAM041333_d.JPG,15abc74052ba47718393c7b3f06b6d2b
14304.JPG,https://zenodo.org/record/2714333/files/CAM041334_d.JPG,730eda60987cc3623c57a89264f29e8c
14306.JPG,https://zenodo.org/record/2714333/files/CAM041335_d.JPG,7a055db4cf31a2704e4ed0f744722c50
14308.JPG,https://zenodo.org/record/2714333/files/CAM041336_d.JPG,b12b3357ab54d779bf7af6edd5ff9855
14310.JPG,https://zenodo.org/record/2714333/files/CAM041337_d.JPG,b57cc51378e3914f491a8d05e6fa2f87
14312.JPG,https://zenodo.org/record/2714333/files/CAM041338_d.JPG,ca2ef036364e5843490d618fbc1b28c4
14314.JPG,https://zenodo.org/record/2714333/files/CAM041339_d.JPG,faee8fdc363f03380b2214e14d0f2011
14346.JPG,https://zenodo.org/record/2813153/files/CS004030_d.JPG,b875af8303b30974060a27b2aee2760b
14350.JPG,https://zenodo.org/record/2813153/files/CS004032_d.JPG,86cbf7fb87addfde9828a70531d7b71d
14354.JPG,https://zenodo.org/record/2813153/files/CS004034_d.JPG,a126fd320322a2f5f4e15594a4c01c0c
14362.JPG,https://zenodo.org/record/2813153/files/CS004038_d.JPG,432ec979157021c2babe6161e3531f73
14364.JPG,https://zenodo.org/record/2813153/files/CS004039_d.JPG,1c8ed3dfbcaa15f80f971a84897ad8ae
14370.JPG,https://zenodo.org/record/2813153/files/CS004046_d.JPG,776fde5fd01b3dbc85a9e75867d04a7d
14372.JPG,https://zenodo.org/record/2813153/files/CS004047_d.JPG,53b13798d51be031842d08a2f1df5641
14374.JPG,https://zenodo.org/record/2813153/files/CS004048_d.JPG,b762e41ef008ccd5b784ad8570d30e2c
14376.JPG,https://zenodo.org/record/2813153/files/CS004049_d.JPG,2b9f9b5a344dec0e370ee35ee5529425
14386.JPG,https://zenodo.org/record/2813153/files/CS004060_d.JPG,b3d08b4913121ec580dd7bb30948fec4
14388.JPG,https://zenodo.org/record/2813153/files/CS004061_d.JPG,4740368b5247d9f3b5e9d3a57ef11ecf
14390.JPG,https://zenodo.org/record/2813153/files/CS004062_d.JPG,3f5d307fc43323d6cc2265c23ce4586d
14392.JPG,https://zenodo.org/record/2813153/files/CS004063_d.JPG,8ee813cf1df76c79fe169eaec8a7634e
14394.JPG,https://zenodo.org/record/2813153/files/CS004064_d.JPG,59f2f594e870e2934f3b456a35993cbb
14396.JPG,https://zenodo.org/record/2813153/files/CS004065_d.JPG,9673363c86a77a8846e35051f5a1b636
14398.JPG,https://zenodo.org/record/2813153/files/CS004066_d.JPG,942629d3742017a0b0d519b1386cbcf6
14400.JPG,https://zenodo.org/record/2813153/files/CS004067_d.JPG,ce4061f477d331ee45cb12c72eeb3660
14402.JPG,https://zenodo.org/record/2813153/files/CS004068_d.JPG,409c7dfbfb17ee93f7ff0ee3e22b20d4
14404.JPG,https://zenodo.org/record/2813153/files/CS004295_d.JPG,1badd4ebd56da455b03186bd2e74265e
14406.JPG,https://zenodo.org/record/2813153/files/CS004296_d.JPG,d7241a8bdc55757d90d54a355d9f3b31
14408.JPG,https://zenodo.org/record/2813153/files/CS004297_d.JPG,b43f9e6bf1659c72436b930876834d43
14412.JPG,https://zenodo.org/record/2813153/files/CS004308_d.JPG,595c6c943d803de4fa1d4f937f1af9f8
14414.JPG,https://zenodo.org/record/2813153/files/CS004310_d.JPG,ab3d1c2c045afcb97c09812703257c64
14459.CR2,https://zenodo.org/record/2813153/files/CAM016520_d.CR2,c47e6430385b9dc4055c166fe9657978
14460.CR2,https://zenodo.org/record/2813153/files/CAM016520_v.CR2,b1d1b424cd47294882e817911a742fb5
14881.JPG,https://zenodo.org/record/2813153/files/CAM020840_d.JPG,3021ebd08896479271a69ce8c3645e66
14883.JPG,https://zenodo.org/record/2813153/files/CAM120424_d.JPG,46a9b44aa94ef820ced15946abc8a790
14885.JPG,https://zenodo.org/record/2813153/files/CAM120448_d.JPG,1e163a4c5a15141824fe78f60f33f106
14887.JPG,https://zenodo.org/record/2813153/files/CAM120473_d.JPG,723b5bf466817bc89c946c86da5f7118
14889.JPG,https://zenodo.org/record/2813153/files/CAM120474_d.JPG,43df907ea4835086d6a8d58e586f86ee
14891.JPG,https://zenodo.org/record/2813153/files/CAM120557_d.JPG,3eab6e804b51fe0eda07b931b37c72c4
14893.JPG,https://zenodo.org/record/2813153/files/CAM120589_d.JPG,8b4b3fcd9ef2a021194914508fbb54d5
14895.JPG,https://zenodo.org/record/2813153/files/CAM120738_d.JPG,86b290238516c715e5ebbbe1ef1f0656
14897.JPG,https://zenodo.org/record/2813153/files/CAM120739_d.JPG,eb0c9a09ce357ef1c0cb7a35a8e642ba
14899.JPG,https://zenodo.org/record/2813153/files/CAM120740_d.JPG,69dcf7ead604d9d4665a733d6b942cb7
14903.JPG,https://zenodo.org/record/2813153/files/SHM000018_d.JPG,44906c1697c9e770c3e373b866cc5c5f
14909.JPG,https://zenodo.org/record/2813153/files/SHM000101_d.JPG,4fda83a0bc9d493cd1b0897f29f8e9c2
14911.JPG,https://zenodo.org/record/2813153/files/SHM000112_d.JPG,74737867208af21f2b3cd2f97af64c9e
14917.JPG,https://zenodo.org/record/2813153/files/SHM000154_d.JPG,f78ad8c0b3e175de2990e3de2ec0952c
14923.JPG,https://zenodo.org/record/2813153/files/SHM000248_d.JPG,3b9883877713112aea5fc0fe61bf2c2c
14925.JPG,https://zenodo.org/record/2813153/files/SHM000261_d.JPG,3cc71ff1fd17ee4ba3f59e7c1092f182
14929.JPG,https://zenodo.org/record/2813153/files/SHM000340_d.JPG,a6715d58b53a9e6233f83cad79a9582c
14931.JPG,https://zenodo.org/record/2813153/files/SHM000341_d.JPG,f3f4b324d0afe7d521489bed0088fc65
15157.JPG,https://zenodo.org/record/4289223/files/15N016_d.JPG,792e5af4cf090f4c57f1fe27f3508f96
15159.JPG,https://zenodo.org/record/4289223/files/15N017_d.JPG,d722d370e110ddff0cb1bc2ab5d90840
15258.CR2,https://zenodo.org/record/1748277/files/CAM017449_d_whitestandard.CR2,d52cbc7f1622ede0e65cf7b55fa0ccde
15259.JPG,https://zenodo.org/record/1748277/files/CAM017449_d_whitestandard.JPG,905945299b1221506a79b91912042080
15282.CR2,https://zenodo.org/record/1748277/files/CAM017455_d_whitestandard.CR2,96d8a6fbb1be18a7bc240c0a474135e8
15283.JPG,https://zenodo.org/record/1748277/files/CAM017455_d_whitestandard.JPG,b178b75db75e0e181166374396b629de
15306.CR2,https://zenodo.org/record/1748277/files/CAM017461_d_whitestandard.CR2,86c0c98ac5d0dd67d1747506aadb66f7
15307.JPG,https://zenodo.org/record/1748277/files/CAM017461_d_whitestandard.JPG,db49bc83f5adbd50700584763b346a28
15310.CR2,https://zenodo.org/record/1748277/files/CAM017462_d_whitestandard.CR2,2ecc6900efe0d2a35789eae1400f6fa4
15311.JPG,https://zenodo.org/record/1748277/files/CAM017462_d_whitestandard.JPG,829db28ae2ae4ff4901f8bcc362da813
15314.CR2,https://zenodo.org/record/1748277/files/CAM017463_d_whitestandard.CR2,eb042d8aeb16418c5140104ccfbf5139
15315.JPG,https://zenodo.org/record/1748277/files/CAM017463_d_whitestandard.JPG,6577c0ce35e117a554d10a9ad20f7ef4
15318.CR2,https://zenodo.org/record/1748277/files/CAM017464_d_whitestandard.CR2,26cb5e650cc7303648053f5ef30cdd55
15319.JPG,https://zenodo.org/record/1748277/files/CAM017464_d_whitestandard.JPG,275e51ed3432605ca890ac0f47a503d9
15322.CR2,https://zenodo.org/record/1748277/files/CAM017465_d_whitestandard.CR2,294e4948fc7bb5c388ac07f3d75c4322
15323.JPG,https://zenodo.org/record/1748277/files/CAM017465_d_whitestandard.JPG,c7a370dc77880b598be9b91d18ee6059
15326.CR2,https://zenodo.org/record/1748277/files/CAM017466_d_whitestandard.CR2,cd256ac86c121dbc0dc3056bffeae582
15327.JPG,https://zenodo.org/record/1748277/files/CAM017466_d_whitestandard.JPG,6b2febca31c996ccaab6b4a0e30bddc7
15330.CR2,https://zenodo.org/record/1748277/files/CAM017467_d_whitestandard.CR2,bb9758aa46a3959bc34092df4517250a
15331.JPG,https://zenodo.org/record/1748277/files/CAM017467_d_whitestandard.JPG,cd3ec249c4af4956a80f34ef547750ed
15334.CR2,https://zenodo.org/record/1748277/files/CAM017468_d_whitestandard.CR2,4b0177f22488e0ea488290c8e65bf601
15335.JPG,https://zenodo.org/record/1748277/files/CAM017468_d_whitestandard.JPG,a9e914fd92f6ec1d4f07663bdaedded6
15338.CR2,https://zenodo.org/record/1748277/files/CAM017469_d_whitestandard.CR2,471fff81b7de63897e6ae83b6a0f9950
15339.JPG,https://zenodo.org/record/1748277/files/CAM017469_d_whitestandard.JPG,7a4f5599cc431954d3c2a1df5b5c4466
15342.CR2,https://zenodo.org/record/1748277/files/CAM017470_d_whitestandard.CR2,8467e635d63eb615cae5b6b824bf8cb5
15343.JPG,https://zenodo.org/record/1748277/files/CAM017470_d_whitestandard.JPG,46293bc02135baf28eaf116218715aeb
15346.CR2,https://zenodo.org/record/1748277/files/CAM017471_d_whitestandard.CR2,896c9924224ba9a18a03904a4a5ecd96
15347.JPG,https://zenodo.org/record/1748277/files/CAM017471_d_whitestandard.JPG,ffa5ea3c67cfb9657608cbfcddb095f7
15350.CR2,https://zenodo.org/record/1748277/files/CAM017472_d_whitestandard.CR2,3a7c543cba44e0eb608a7163259f0470
15351.JPG,https://zenodo.org/record/1748277/files/CAM017472_d_whitestandard.JPG,6d8847c21a26f2f98dc3670e4a1d55b4
15354.CR2,https://zenodo.org/record/1748277/files/CAM017473_d_whitestandard.CR2,21659d32d8960f0162208867e5e907f4
15355.JPG,https://zenodo.org/record/1748277/files/CAM017473_d_whitestandard.JPG,e5e8d16a6b5f1993cc0fff69efe87bc1
15358.CR2,https://zenodo.org/record/1748277/files/CAM017474_d_whitestandard.CR2,85038c504bb0d9aec74a7ba1ae29b79d
15359.JPG,https://zenodo.org/record/1748277/files/CAM017474_d_whitestandard.JPG,def04b04c8b92f3d5d299b2b01e9defb
15362.CR2,https://zenodo.org/record/1748277/files/CAM017475_d_whitestandard.CR2,17017b0a91302208a31e27deaa54cf14
15363.JPG,https://zenodo.org/record/1748277/files/CAM017475_d_whitestandard.JPG,8d6f2794ce99d2d01ffbb2130afed3d6
15366.CR2,https://zenodo.org/record/1748277/files/CAM017476_d_whitestandard.CR2,5e215eed78c00a728916ce13790ca791
15367.JPG,https://zenodo.org/record/1748277/files/CAM017476_d_whitestandard.JPG,28e30bd06815638c5058c31b4a83a384
15370.CR2,https://zenodo.org/record/1748277/files/CAM017477_d_whitestandard.CR2,06852ae01f980569f1729ea128abe94f
15371.JPG,https://zenodo.org/record/1748277/files/CAM017477_d_whitestandard.JPG,d24d89ec9598df48e25aa5d604dd8e1e
15374.CR2,https://zenodo.org/record/1748277/files/CAM017478_d_whitestandard.CR2,3d7d187ca67358d2ba30c8924a9289f1
15375.JPG,https://zenodo.org/record/1748277/files/CAM017478_d_whitestandard.JPG,a21a02e4d76c5b3c10d1547f24aac436
15378.CR2,https://zenodo.org/record/1748277/files/CAM017479_d_whitestandard.CR2,e4ed546a775893c11f1a8bc9373c3484
15379.JPG,https://zenodo.org/record/1748277/files/CAM017479_d_whitestandard.JPG,29f7c146c6e8bf49964c276c46fd3b9b
15382.CR2,https://zenodo.org/record/1748277/files/CAM017480_d_whitestandard.CR2,8618d4fedefe3c32d7ebec9cef8a13ed
15383.JPG,https://zenodo.org/record/1748277/files/CAM017480_d_whitestandard.JPG,988a75deb016f1c4d727588738e5ff43
15386.CR2,https://zenodo.org/record/1748277/files/CAM017481_d_whitestandard.CR2,724e7d9770c6654f727b6f1324c1f60f
15387.JPG,https://zenodo.org/record/1748277/files/CAM017481_d_whitestandard.JPG,ad9a54a076f51e8f345bc3cd753388d6
15390.CR2,https://zenodo.org/record/1748277/files/CAM017482_d_whitestandard.CR2,0def129f2391266597bf39645ef85857
15391.JPG,https://zenodo.org/record/1748277/files/CAM017482_d_whitestandard.JPG,2cf553fe2785c7c2aaf08419e5e8a91f
15394.CR2,https://zenodo.org/record/1748277/files/CAM017483_d_whitestandard.CR2,212b0810fe7ea6030fcb77047ab1538c
15395.JPG,https://zenodo.org/record/1748277/files/CAM017483_d_whitestandard.JPG,c79e3a0f9f35b0694d3e56b640b96b81
15398.CR2,https://zenodo.org/record/1748277/files/CAM017484_d_whitestandard.CR2,f889089732e84e501761a1a9809d27e3
15399.JPG,https://zenodo.org/record/1748277/files/CAM017484_d_whitestandard.JPG,ed0101e234acf83962342a05eaa05648
15402.CR2,https://zenodo.org/record/1748277/files/CAM017485_d_whitestandard.CR2,900014f8d1154dccff660ada71c7bb61
15403.JPG,https://zenodo.org/record/1748277/files/CAM017485_d_whitestandard.JPG,1bc66b7fd5846f45f4d03ca044951327
15406.CR2,https://zenodo.org/record/1748277/files/CAM017486_d_whitestandard.CR2,22d84515d5d5f804086ed5d2f9c4456d
15407.JPG,https://zenodo.org/record/1748277/files/CAM017486_d_whitestandard.JPG,115570e1a7a43ca34a03d238c0489be9
15410.CR2,https://zenodo.org/record/1748277/files/CAM017487_d_whitestandard.CR2,4ef3d06fd74d761ee18908996619d312
15411.JPG,https://zenodo.org/record/1748277/files/CAM017487_d_whitestandard.JPG,ea71a6bc9c6d3a3a92a8b9092109f482
15414.CR2,https://zenodo.org/record/1748277/files/CAM017488_d_whitestandard.CR2,e83cccdae27b0fe5e34995bbd4894235
15415.JPG,https://zenodo.org/record/1748277/files/CAM017488_d_whitestandard.JPG,f86b1331863343763b3d5fc674a2ca4d
15426.CR2,https://zenodo.org/record/1748277/files/CAM017491_d_whitestandard.CR2,e0ee2cd7a04a0bd1f5914a64046ea7c7
15427.JPG,https://zenodo.org/record/1748277/files/CAM017491_d_whitestandard.JPG,de9f6a479ba16a4165fba0e43f677264
15430.CR2,https://zenodo.org/record/1748277/files/CAM017492_d_whitestandard.CR2,bcbd5f89fc5c541666e295c62b9ccf87
15431.JPG,https://zenodo.org/record/1748277/files/CAM017492_d_whitestandard.JPG,685c86e210975e74c66ef2135e45a31a
15434.CR2,https://zenodo.org/record/1748277/files/CAM017493_d_whitestandard.CR2,ec176c376b6aef1662e0e6f446f63a66
15435.JPG,https://zenodo.org/record/1748277/files/CAM017493_d_whitestandard.JPG,c60ffb9854b423242df8a644e3c603ff
15438.CR2,https://zenodo.org/record/1748277/files/CAM017494_d_whitestandard.CR2,a8915d2fc54da9c00000e646f5c32525
15439.JPG,https://zenodo.org/record/1748277/files/CAM017494_d_whitestandard.JPG,76190721c9a54478619a4c12e960117a
15442.CR2,https://zenodo.org/record/1748277/files/CAM017495_d_whitestandard.CR2,b2c2e88a22f59506913041434005493f
15443.JPG,https://zenodo.org/record/1748277/files/CAM017495_d_whitestandard.JPG,e57bf369b4fb2683809990d9a75249b6
15446.CR2,https://zenodo.org/record/1748277/files/CAM017496_d_whitestandard.CR2,03ccad80936979ef77cdd80a5a3f2fbb
15447.JPG,https://zenodo.org/record/1748277/files/CAM017496_d_whitestandard.JPG,0087fda65444cbf144568999c9340342
15450.CR2,https://zenodo.org/record/1748277/files/CAM017497_d_whitestandard.CR2,0d9b277bb6743809dea0ad2968695420
15451.JPG,https://zenodo.org/record/1748277/files/CAM017497_d_whitestandard.JPG,9d9852ac85f3b752030df827d7715652
15454.CR2,https://zenodo.org/record/1748277/files/CAM017498_d_whitestandard.CR2,7e689f99cb78c5cd39dcabd37dad048a
15455.JPG,https://zenodo.org/record/1748277/files/CAM017498_d_whitestandard.JPG,5caa4e2747b2047ced737a6c67b4644c
15458.CR2,https://zenodo.org/record/1748277/files/CAM017499_d_whitestandard.CR2,8d8ca96f02fe2696f85db5a639210502
15459.JPG,https://zenodo.org/record/1748277/files/CAM017499_d_whitestandard.JPG,8e7a29d743fa3607959fdfc0e6671fac
15462.CR2,https://zenodo.org/record/1748277/files/CAM017500_d_whitestandard.CR2,93f2f24cb7b32eab5e364cabf2322f60
15463.JPG,https://zenodo.org/record/1748277/files/CAM017500_d_whitestandard.JPG,d55bcd94e0aacd1303b87578fca3c171
15466.CR2,https://zenodo.org/record/1748277/files/CAM017501_d_whitestandard.CR2,0b3adc3c412e93e021b1715eab095b02
15467.JPG,https://zenodo.org/record/1748277/files/CAM017501_d_whitestandard.JPG,114e157ca8392c8fe3a9cabd8b111791
15470.CR2,https://zenodo.org/record/1748277/files/CAM017502_d_whitestandard.CR2,edca5a5857869fa90e525877b9f7335e
15471.JPG,https://zenodo.org/record/1748277/files/CAM017502_d_whitestandard.JPG,686b8c50d6c57d1e89cd7d577dcc267d
15474.CR2,https://zenodo.org/record/1748277/files/CAM017503_d_whitestandard.CR2,dae2f31bcabb6389a58ba301876a34c4
15475.JPG,https://zenodo.org/record/1748277/files/CAM017503_d_whitestandard.JPG,189e69a149378a81f47504e43fbd4e3a
15478.CR2,https://zenodo.org/record/1748277/files/CAM017504_d_whitestandard.CR2,7b7a227a4ad7857bed6423a7b4e66cb2
15479.JPG,https://zenodo.org/record/1748277/files/CAM017504_d_whitestandard.JPG,49aa6c1eb0b976c483a4820e459f3201
15482.CR2,https://zenodo.org/record/1748277/files/CAM017505_d_whitestandard.CR2,3f7c011cc719f04b5f5dc72aaeaf9d21
15483.JPG,https://zenodo.org/record/1748277/files/CAM017505_d_whitestandard.JPG,257cb3b42a827ddd506f971087b7b068
15502.CR2,https://zenodo.org/record/1748277/files/CAM017510_d_whitestandard.CR2,925c310c437393aa00230788d0306aff
15503.JPG,https://zenodo.org/record/1748277/files/CAM017510_d_whitestandard.JPG,a8d7f0e6a4dd600107727bf4bf7e359a
15506.CR2,https://zenodo.org/record/1748277/files/CAM017511_d_whitestandard.CR2,6663306e4412f6360044718a4fff6a0a
15507.JPG,https://zenodo.org/record/1748277/files/CAM017511_d_whitestandard.JPG,3816b64532ac9ec34e73741b76b3dc4e
15510.CR2,https://zenodo.org/record/1748277/files/CAM017512_d_whitestandard.CR2,6d06120a48ec4b8f19cba477cfe26895
15511.JPG,https://zenodo.org/record/1748277/files/CAM017512_d_whitestandard.JPG,6821e82d4c13910ec8dfab4ffa54738b
15514.CR2,https://zenodo.org/record/1748277/files/CAM017513_d_whitestandard.CR2,b58eb90a68c8028b05bedbaeeb75d1d0
15515.JPG,https://zenodo.org/record/1748277/files/CAM017513_d_whitestandard.JPG,213fe4fc1d7f2d40bae690f9f06908fa
15518.CR2,https://zenodo.org/record/1748277/files/CAM017514_d_whitestandard.CR2,b6d17aba1f90722b540af82547dbe7e7
15519.JPG,https://zenodo.org/record/1748277/files/CAM017514_d_whitestandard.JPG,ee1d07dbcfab107fa6cbf5416c98931a
15522.CR2,https://zenodo.org/record/1748277/files/CAM017515_d_whitestandard.CR2,e208ec4ee993fb6c632a759ba1582c12
15523.JPG,https://zenodo.org/record/1748277/files/CAM017515_d_whitestandard.JPG,b9abbd28f15d23c3447df79c76a0d21d
15526.CR2,https://zenodo.org/record/1748277/files/CAM017516_d_whitestandard.CR2,2d91bf463ada054f48840f80eee68f74
15527.JPG,https://zenodo.org/record/1748277/files/CAM017516_d_whitestandard.JPG,64dd25e65dfba844e6eb94b02f317af1
15542.CR2,https://zenodo.org/record/1748277/files/CAM017520_d_whitestandard.CR2,35445a9d4ee064c4595871bc12d1aac7
15543.JPG,https://zenodo.org/record/1748277/files/CAM017520_d_whitestandard.JPG,1b37382a5ed05065ed409e985ccda865
15550.CR2,https://zenodo.org/record/1748277/files/CAM017522_d_whitestandard.CR2,b94303d0a381fb46fb04ea8491dff178
15551.JPG,https://zenodo.org/record/1748277/files/CAM017522_d_whitestandard.JPG,717798c67101b277522189d09d956ac8
15578.CR2,https://zenodo.org/record/1748277/files/CAM017529_d_whitestandard.CR2,2302a0d5b1aaae5873a34f5196003970
15579.JPG,https://zenodo.org/record/1748277/files/CAM017529_d_whitestandard.JPG,3f2c8ca996c3513a4e8c6072ef2fbdc1
15582.CR2,https://zenodo.org/record/1748277/files/CAM017530_d_whitestandard.CR2,60132690609d25f5594be170327c0214
15583.JPG,https://zenodo.org/record/1748277/files/CAM017530_d_whitestandard.JPG,fc0c12dff08fc31e6aded9a07d42e64e
15586.CR2,https://zenodo.org/record/1748277/files/CAM017531_d_whitestandard.CR2,423d33e019e708638d2b2d955dca1160
15587.JPG,https://zenodo.org/record/1748277/files/CAM017531_d_whitestandard.JPG,7a7b3aa4f5c7ac943c5028e4f6d3e2ea
15590.CR2,https://zenodo.org/record/1748277/files/CAM017532_d_whitestandard.CR2,687e322f6c1dbf0bcf57b6bb10fcbebf
15591.JPG,https://zenodo.org/record/1748277/files/CAM017532_d_whitestandard.JPG,9f8def545c121d3ba101647219fb9847
15594.CR2,https://zenodo.org/record/1748277/files/CAM017533_d_whitestandard.CR2,ccc4b10ae633a7f722f77a22e3f93012
15595.JPG,https://zenodo.org/record/1748277/files/CAM017533_d_whitestandard.JPG,709ff7739f503339cb6a4e644093bd7e
15598.CR2,https://zenodo.org/record/1748277/files/CAM017534_d_whitestandard.CR2,effe5d1f00ab28c67c55b2b483efd39b
15599.JPG,https://zenodo.org/record/1748277/files/CAM017534_d_whitestandard.JPG,16cb2425f64024bdcfb8424579361a19
15602.CR2,https://zenodo.org/record/1748277/files/CAM017535_d_whitestandard.CR2,6f822f79cdc9b0d4f963b7035a47067d
15603.JPG,https://zenodo.org/record/1748277/files/CAM017535_d_whitestandard.JPG,f65fb7ccd614b6ae7bd3f244c118c274
15606.CR2,https://zenodo.org/record/1748277/files/CAM017536_d_whitestandard.CR2,d3400ae3ac071e99d069d8d28c6d2f10
15607.JPG,https://zenodo.org/record/1748277/files/CAM017536_d_whitestandard.JPG,930d0b9d2bd4037896b3d184592f6712
15622.CR2,https://zenodo.org/record/1748277/files/CAM017540_d_whitestandard.CR2,79badeb12592f2b3feb59db0c0712cab
15623.JPG,https://zenodo.org/record/1748277/files/CAM017540_d_whitestandard.JPG,402df601fd1510ace776730cad838abf
15626.CR2,https://zenodo.org/record/1748277/files/CAM017541_d_whitestandard.CR2,04cda46c0c8d15e7520934667de11757
15627.JPG,https://zenodo.org/record/1748277/files/CAM017541_d_whitestandard.JPG,b8ad9b53ef4dfc855d83b73a4b7743f8
15630.CR2,https://zenodo.org/record/1748277/files/CAM017542_d_whitestandard.CR2,61256485ccea31792b1744ce70567f1b
15631.JPG,https://zenodo.org/record/1748277/files/CAM017542_d_whitestandard.JPG,1047e16c7d175a743751a6e4d9c711a3
15634.CR2,https://zenodo.org/record/1748277/files/CAM017543_d_whitestandard.CR2,4f5497254ce7ac35f6c067f462c90687
15635.JPG,https://zenodo.org/record/1748277/files/CAM017543_d_whitestandard.JPG,ca78b605b3bec7f84365474423d34932
15638.CR2,https://zenodo.org/record/1748277/files/CAM017544_d_whitestandard.CR2,94b3891c88f5049c2f695f4fb1151b2e
15639.JPG,https://zenodo.org/record/1748277/files/CAM017544_d_whitestandard.JPG,d5e08bc63d3644db750b7888634ac6e5
15642.CR2,https://zenodo.org/record/1748277/files/CAM017545_d_whitestandard.CR2,db025c085d2c3550494578d43ea21710
15643.JPG,https://zenodo.org/record/1748277/files/CAM017545_d_whitestandard.JPG,4cdfc77fb5166179f6c48b94ec3a359e
15646.CR2,https://zenodo.org/record/1748277/files/CAM017546_d_whitestandard.CR2,646e519a1056f9a6d67beb52eff2bb0e
15647.JPG,https://zenodo.org/record/1748277/files/CAM017546_d_whitestandard.JPG,b4f3330d5cc138d9062f8891a99fd951
15650.CR2,https://zenodo.org/record/1748277/files/CAM017547_d_whitestandard.CR2,27a455b4ec2d826dfc6b3eb0d12f6daa
15651.JPG,https://zenodo.org/record/1748277/files/CAM017547_d_whitestandard.JPG,4c092a163a9f02b39c756c07fd30ae0c
15654.CR2,https://zenodo.org/record/1748277/files/CAM017548_d_whitestandard.CR2,17ed1cb54a2b44ddfcd88d888bd48750
15655.JPG,https://zenodo.org/record/1748277/files/CAM017548_d_whitestandard.JPG,22a3f2cbc20fb32d66e58ee5f093ba15
15674.CR2,https://zenodo.org/record/1748277/files/CAM017553_d_whitestandard.CR2,03361aa05516be3b4e3f7a581b837a97
15675.JPG,https://zenodo.org/record/1748277/files/CAM017553_d_whitestandard.JPG,5169cb88a1731028900329c9f10901b2
15678.CR2,https://zenodo.org/record/1748277/files/CAM017554_d_whitestandard.CR2,36f3544bf8a9d6f43cf3308742c3d040
15679.JPG,https://zenodo.org/record/1748277/files/CAM017554_d_whitestandard.JPG,e1a24033fd463515694f7a73e397f4b8
15682.CR2,https://zenodo.org/record/1748277/files/CAM017555_d_whitestandard.CR2,f654d992331d2cb0ccca67e0f5c7f97d
15683.JPG,https://zenodo.org/record/1748277/files/CAM017555_d_whitestandard.JPG,e198c69b91992ed0b9f2e7de0fe28dc4
15686.CR2,https://zenodo.org/record/1748277/files/CAM017556_d_whitestandard.CR2,cd08dc65e9088bdca672f426afa7111e
15687.JPG,https://zenodo.org/record/1748277/files/CAM017556_d_whitestandard.JPG,83bbd3183579a9146c1b916912265237
15702.CR2,https://zenodo.org/record/1748277/files/CAM017560_d_whitestandard.CR2,caf264b1e5608c6e2ea869c9241c4d19
15703.JPG,https://zenodo.org/record/1748277/files/CAM017560_d_whitestandard.JPG,33a53dc47383a73a209b264d7584d71e
15706.CR2,https://zenodo.org/record/1748277/files/CAM017561_d_whitestandard.CR2,d7a45eecf5cd58c73cb193cf30024cf6
15707.JPG,https://zenodo.org/record/1748277/files/CAM017561_d_whitestandard.JPG,6801d197feb76b97160c21492e0b9a1a
15710.CR2,https://zenodo.org/record/1748277/files/CAM017562_d_whitestandard.CR2,ab58e227dbe3e3d75602e2b3028fa9d9
15711.JPG,https://zenodo.org/record/1748277/files/CAM017562_d_whitestandard.JPG,34c1df3052c330c4cddce9e53b8028fd
15714.CR2,https://zenodo.org/record/1748277/files/CAM017563_d_whitestandard.CR2,d61eb9e89a7df436bd70151d1dbb5722
15715.JPG,https://zenodo.org/record/1748277/files/CAM017563_d_whitestandard.JPG,f4b26c8b494bbe7f1f0f09f931984a9b
15722.CR2,https://zenodo.org/record/1748277/files/CAM017565_d_whitestandard.CR2,b0c4d5b148b79123eece7c9c779641e1
15723.JPG,https://zenodo.org/record/1748277/files/CAM017565_d_whitestandard.JPG,a0f2c3f1e80320c54d304b63122feaa8
15726.CR2,https://zenodo.org/record/1748277/files/CAM017566_d_whitestandard.CR2,908d8cba89d00e609e446461761b411f
15727.JPG,https://zenodo.org/record/1748277/files/CAM017566_d_whitestandard.JPG,582abec4755679e3648954ec83847976
15730.CR2,https://zenodo.org/record/1748277/files/CAM017567_d_whitestandard.CR2,a9b6e3f25c7b7a3565bd760fac920483
15731.JPG,https://zenodo.org/record/1748277/files/CAM017567_d_whitestandard.JPG,771e15fe906ea4aed5ed1c75674d72dd
15734.CR2,https://zenodo.org/record/1748277/files/CAM017568_d_whitestandard.CR2,ec4558a2553369607f32a5fa30848d1d
15735.JPG,https://zenodo.org/record/1748277/files/CAM017568_d_whitestandard.JPG,11486259198e0a7ff75622d09a32551f
15738.CR2,https://zenodo.org/record/1748277/files/CAM017569_d_whitestandard.CR2,33add8ee8b61ba2a83cddb994cd874d4
15739.JPG,https://zenodo.org/record/1748277/files/CAM017569_d_whitestandard.JPG,50e3ef75342d0efc564b425bb574d326
15742.CR2,https://zenodo.org/record/1748277/files/CAM017570_d_whitestandard.CR2,af760ec3fee23d89c1b7760b396e9006
15743.JPG,https://zenodo.org/record/1748277/files/CAM017570_d_whitestandard.JPG,9ca4d07607dca2250808183c4f6536bb
15786.CR2,https://zenodo.org/record/1748277/files/CAM017581_d_whitestandard.CR2,f63404a9cadfdbdfac3de0c30835026b
15787.JPG,https://zenodo.org/record/1748277/files/CAM017581_d_whitestandard.JPG,afd1cdc3e04420907467311c2ae27e8c
15790.CR2,https://zenodo.org/record/1748277/files/CAM017582_d_whitestandard.CR2,991244c98fe5b01119485a56397c3af4
15791.JPG,https://zenodo.org/record/1748277/files/CAM017582_d_whitestandard.JPG,8e335ad087e5c3ddcbcd58a042104511
15814.CR2,https://zenodo.org/record/1748277/files/CAM017588_d_whitestandard.CR2,735ce565c563fcac858ca7f9464e2843
15815.JPG,https://zenodo.org/record/1748277/files/CAM017588_d_whitestandard.JPG,086c045926c3dd81eca90452b7f2f60c
15818.CR2,https://zenodo.org/record/1748277/files/CAM017589_d_whitestandard.CR2,61fe528b6b01e83234ae1e8f813984ba
15819.JPG,https://zenodo.org/record/1748277/files/CAM017589_d_whitestandard.JPG,5702a2c9337dd965ae3146bce33837ea
15830.CR2,https://zenodo.org/record/1748277/files/CAM017592_d_whitestandard.CR2,3bb7fa8673240b2d39a3b9d5ea6e4cf2
15831.JPG,https://zenodo.org/record/1748277/files/CAM017592_d_whitestandard.JPG,b6af9ba38a1878df5692009f419fb9b8
15858.CR2,https://zenodo.org/record/1748277/files/CAM017599_d_whitestandard.CR2,19898bc57dd885039c280454115666a3
15859.JPG,https://zenodo.org/record/1748277/files/CAM017599_d_whitestandard.JPG,09cc3bc2877e95ace1b9f3332fc1e0f5
15862.CR2,https://zenodo.org/record/1748277/files/CAM017600_d_whitestandard.CR2,9dd73977d73536786b5978737228e467
15863.JPG,https://zenodo.org/record/1748277/files/CAM017600_d_whitestandard.JPG,8ce7f15ef85e045680d5b1eda72703a0
15870.CR2,https://zenodo.org/record/1748277/files/CAM017652_d_whitestandard.CR2,97382802b6d24fe358b8fedc15e81226
15871.JPG,https://zenodo.org/record/1748277/files/CAM017652_d_whitestandard.JPG,cb36e7219c49acbbed20d99d61ba3d56
15874.CR2,https://zenodo.org/record/1748277/files/CAM017653_d_whitestandard.CR2,c97bc6abf46ba1051b88b9baebb02c84
15875.JPG,https://zenodo.org/record/1748277/files/CAM017653_d_whitestandard.JPG,d369ddd8118419dcdddfa463cea26878
15878.CR2,https://zenodo.org/record/1748277/files/CAM017654_d_whitestandard.CR2,cad47188f995b977eeb8e6280a9f7a79
15879.JPG,https://zenodo.org/record/1748277/files/CAM017654_d_whitestandard.JPG,687c61795ef5dffa2b955a822465964a
15882.CR2,https://zenodo.org/record/1748277/files/CAM017655_d_whitestandard.CR2,e8054c64c03823562002c07d30ed8f66
15883.JPG,https://zenodo.org/record/1748277/files/CAM017655_d_whitestandard.JPG,ea750b39da634bced6019ffeff9df7c3
15886.CR2,https://zenodo.org/record/1748277/files/CAM017656_d_whitestandard.CR2,8706305f0e2fd3c00712f0e080d2d80f
15887.JPG,https://zenodo.org/record/1748277/files/CAM017656_d_whitestandard.JPG,cd4fb92fd2ca959419cc81fe4472beb5
15890.CR2,https://zenodo.org/record/1748277/files/CAM017657_d_whitestandard.CR2,383605b5aa4dcb75247a9c63d8327e7c
15891.JPG,https://zenodo.org/record/1748277/files/CAM017657_d_whitestandard.JPG,c6da7768b149ef44169ba8858537d396
15898.CR2,https://zenodo.org/record/1748277/files/CAM017659_d_whitestandard.CR2,16d639e6c8a59e98cee7fa9bb96685fe
15899.JPG,https://zenodo.org/record/1748277/files/CAM017659_d_whitestandard.JPG,441828794427453e74c15ffa3532077e
15902.CR2,https://zenodo.org/record/1748277/files/CAM017660_d_whitestandard.CR2,ac3cae22521af0b751882769af6cecbd
15903.JPG,https://zenodo.org/record/1748277/files/CAM017660_d_whitestandard.JPG,880700f4329cb274959703920745647e
15922.CR2,https://zenodo.org/record/1748277/files/CAM017665_d_whitestandard.CR2,1efa0588f158ca7092e7e8a9dfe0c2c3
15923.JPG,https://zenodo.org/record/1748277/files/CAM017665_d_whitestandard.JPG,da32c930c185a1e1925ee50999dae828
15926.CR2,https://zenodo.org/record/1748277/files/CAM017666_d_whitestandard.CR2,7209332d95d11c40eb38e97374b554b7
15927.JPG,https://zenodo.org/record/1748277/files/CAM017666_d_whitestandard.JPG,40f1d56d47df7b4cdf42a37403b77c9c
15930.CR2,https://zenodo.org/record/1748277/files/CAM017667_d_whitestandard.CR2,dfe24128f498aa42510a4563da5b99fb
15931.JPG,https://zenodo.org/record/1748277/files/CAM017667_d_whitestandard.JPG,22344ed4008ec8119786e09a39de639e
15938.CR2,https://zenodo.org/record/1748277/files/CAM017669_d_whitestandard.CR2,2a1d35e7a0faf7635babfe2b6bc3870d
15939.JPG,https://zenodo.org/record/1748277/files/CAM017669_d_whitestandard.JPG,bcf35eedf33b2a5d229bbd9280257686
15942.CR2,https://zenodo.org/record/1748277/files/CAM017670_d_whitestandard.CR2,d6974c9186a869b9fd7261e011d0e517
15943.JPG,https://zenodo.org/record/1748277/files/CAM017670_d_whitestandard.JPG,11f51d59f82df39dee85c42c712d5441
15954.CR2,https://zenodo.org/record/1748277/files/CAM017673_d_whitestandard.CR2,257c03374622244497770d54f98b2d61
15955.JPG,https://zenodo.org/record/1748277/files/CAM017673_d_whitestandard.JPG,91f3b3de7db77a4b72dadc953e684669
15958.CR2,https://zenodo.org/record/1748277/files/CAM017674_d_whitestandard.CR2,c0b991c2782560a0a8ddf8174a634eea
15959.JPG,https://zenodo.org/record/1748277/files/CAM017674_d_whitestandard.JPG,6e924fb5ca93df79a98eecd9920e33d2
15974.CR2,https://zenodo.org/record/1748277/files/CAM017678_d_whitestandard.CR2,a44a224a3f4c58cfaea6ac0082837965
15975.JPG,https://zenodo.org/record/1748277/files/CAM017678_d_whitestandard.JPG,134a639a985bd410c0a1015a7e6d2231
15978.CR2,https://zenodo.org/record/1748277/files/CAM017679_d_whitestandard.CR2,3dba8385a60651b3d0671c0e624b5191
15979.JPG,https://zenodo.org/record/1748277/files/CAM017679_d_whitestandard.JPG,2b9f7f4c04eada29c7e20101de298f26
15982.CR2,https://zenodo.org/record/1748277/files/CAM017680_d_whitestandard.CR2,4ac7e640387575cbd3ccc2fd09de4de9
15983.JPG,https://zenodo.org/record/1748277/files/CAM017680_d_whitestandard.JPG,d89f17dbca21f7606d08f0e015db2daf
15986.CR2,https://zenodo.org/record/1748277/files/CAM017681_d_whitestandard.CR2,cd4755c3095430f2d4fb0f07549b7186
15987.JPG,https://zenodo.org/record/1748277/files/CAM017681_d_whitestandard.JPG,819c2d3362d8155c4051e963e464c3ca
15990.CR2,https://zenodo.org/record/1748277/files/CAM017682_d_whitestandard.CR2,cb240cd4a7a4563e24d34f8763d09a21
15991.JPG,https://zenodo.org/record/1748277/files/CAM017682_d_whitestandard.JPG,44385d9435f442c67744364481dd283b
15994.CR2,https://zenodo.org/record/1748277/files/CAM017683_d_whitestandard.CR2,4d0929ef12dbb0cd0d7693bb5e2a2ac2
15995.JPG,https://zenodo.org/record/1748277/files/CAM017683_d_whitestandard.JPG,093b63a4336e9fff6987b64137a6d0b6
16038.CR2,https://zenodo.org/record/1748277/files/CAM017694_d_whitestandard.CR2,80a2ede898c847757591714ff0bdc42a
16039.JPG,https://zenodo.org/record/1748277/files/CAM017694_d_whitestandard.JPG,4380b2525bb0a3a3757f3f810f727f9f
16042.CR2,https://zenodo.org/record/1748277/files/CAM017695_d_whitestandard.CR2,a62894516c67a71ad263ac9c4ab936ad
16043.JPG,https://zenodo.org/record/1748277/files/CAM017695_d_whitestandard.JPG,b88ef067d0f183d245c1f997f5540999
16046.CR2,https://zenodo.org/record/1748277/files/CAM017696_d_whitestandard.CR2,a755179df1bc783b57bf5484176d9c37
16047.JPG,https://zenodo.org/record/1748277/files/CAM017696_d_whitestandard.JPG,9c2675fb7bfd50c70b1da650b2542124
16062.CR2,https://zenodo.org/record/1748277/files/CAM017700_d_whitestandard.CR2,3a55b2bf01cb6741764bef19f2427f60
16063.JPG,https://zenodo.org/record/1748277/files/CAM017700_d_whitestandard.JPG,7829d7f139756578fe67a3603df20601
16086.CR2,https://zenodo.org/record/1748277/files/CAM017706_d_whitestandard.CR2,6b739a46c05046f32892419367c165a6
16087.JPG,https://zenodo.org/record/1748277/files/CAM017706_d_whitestandard.JPG,4b543e72163d945503a0a0209c52519d
16094.CR2,https://zenodo.org/record/1748277/files/CAM017708_d_whitestandard.CR2,ef7ee290edc88401e612f4f1248c184b
16095.JPG,https://zenodo.org/record/1748277/files/CAM017708_d_whitestandard.JPG,d8b3f27598f844918ab77ed6d294dc4d
16098.CR2,https://zenodo.org/record/1748277/files/CAM017709_d_whitestandard.CR2,b7bef6d45fb76eeaf40c393e5eb88e5a
16099.JPG,https://zenodo.org/record/1748277/files/CAM017709_d_whitestandard.JPG,91ccb8dcbcb4068c6edd6cc11d318578
16102.CR2,https://zenodo.org/record/1748277/files/CAM017710_d_whitestandard.CR2,c8905cb5fb8e7e4986a566fd6055d134
16103.JPG,https://zenodo.org/record/1748277/files/CAM017710_d_whitestandard.JPG,7f4cb42582653010bbda8fecfde4138f
16106.CR2,https://zenodo.org/record/1748277/files/CAM017711_d_whitestandard.CR2,2184c4dc4a67beee0bce2f1bfd7d96ce
16107.JPG,https://zenodo.org/record/1748277/files/CAM017711_d_whitestandard.JPG,b02751a28cc40eb45d23b7c7a6a92278
16122.CR2,https://zenodo.org/record/1748277/files/CAM017716_d_whitestandard.CR2,8943db4cc70dc805c7d98f616d243e91
16123.JPG,https://zenodo.org/record/1748277/files/CAM017716_d_whitestandard.JPG,97163a48f050b74a16ef6211f2cae6b0
16126.CR2,https://zenodo.org/record/1748277/files/CAM017717_d_whitestandard.CR2,a89def2f89868fbf1370a2d90f158789
16127.JPG,https://zenodo.org/record/1748277/files/CAM017717_d_whitestandard.JPG,705d807889343928ce18f3834ac80e7c
16130.CR2,https://zenodo.org/record/1748277/files/CAM017718_d_whitestandard.CR2,0bcb351f68d41921c11f8422ad84180a
16131.JPG,https://zenodo.org/record/1748277/files/CAM017718_d_whitestandard.JPG,cfb46f7e52b22da0e8b64f83c3c8dd89
16134.CR2,https://zenodo.org/record/1748277/files/CAM017719_d_whitestandard.CR2,3aeac125a4ac19780e4ee7c1c8a9c403
16135.JPG,https://zenodo.org/record/1748277/files/CAM017719_d_whitestandard.JPG,e7442fda08657be07961db0f64c76350
16138.CR2,https://zenodo.org/record/1748277/files/CAM017720_d_whitestandard.CR2,23118613830b079967bb3358c8a59507
16139.JPG,https://zenodo.org/record/1748277/files/CAM017720_d_whitestandard.JPG,974cdbc2e6d6668f1484a689149c30be
16142.CR2,https://zenodo.org/record/1748277/files/CAM017721_d_whitestandard.CR2,2e8a4e9ea572311d1183263fda17115c
16143.JPG,https://zenodo.org/record/1748277/files/CAM017721_d_whitestandard.JPG,78a7c2fd64a0cfc1c3d3951652756f7e
16162.CR2,https://zenodo.org/record/1748277/files/CAM017726_d_whitestandard.CR2,30b46591af6179e8e978b9f304f92e7f
16163.JPG,https://zenodo.org/record/1748277/files/CAM017726_d_whitestandard.JPG,ea5edb47bd63e698cba1fa4c99e01d80
16166.CR2,https://zenodo.org/record/1748277/files/CAM017727_d_whitestandard.CR2,8dbd15da1945f27e11e5d907358ca818
16167.JPG,https://zenodo.org/record/1748277/files/CAM017727_d_whitestandard.JPG,800c59a2c7081029d2c8a9b6a7b4d064
16170.CR2,https://zenodo.org/record/1748277/files/CAM017728_d_whitestandard.CR2,4a3b908b9843b02b39b8ccb78573f11b
16171.JPG,https://zenodo.org/record/1748277/files/CAM017728_d_whitestandard.JPG,06673d7b48ec144452bd4055e89c98bd
16174.CR2,https://zenodo.org/record/1748277/files/CAM017729_d_whitestandard.CR2,bc706de290d5330c9e928704231632d9
16175.JPG,https://zenodo.org/record/1748277/files/CAM017729_d_whitestandard.JPG,c8b21483a19bc3e7f012183db843a035
16182.CR2,https://zenodo.org/record/1748277/files/CAM017731_d_whitestandard.CR2,50b5797622ce7b4905d9d69f8cf8ef31
16183.JPG,https://zenodo.org/record/1748277/files/CAM017731_d_whitestandard.JPG,a3c8c96b5eb2b1d801639468459e0e97
16214.CR2,https://zenodo.org/record/1748277/files/CAM017739_v_whitestandard.CR2,b7605f3556d233789dba1008b6de0c1a
16215.JPG,https://zenodo.org/record/1748277/files/CAM017739_v_whitestandard.JPG,8c6f73a74b09fa84c7b1bc9742122a49
16222.CR2,https://zenodo.org/record/1748277/files/CAM017741_v_whitestandard.CR2,203999dd48e441ee83f7ebfe86091745
16223.JPG,https://zenodo.org/record/1748277/files/CAM017741_v_whitestandard.JPG,7eb5e19a0a5c84fabae7a7a9f5b44a3b
16226.CR2,https://zenodo.org/record/1748277/files/CAM017742_v_whitestandard.CR2,b3ca0d58a206cacae08a480ef066e0a9
16227.JPG,https://zenodo.org/record/1748277/files/CAM017742_v_whitestandard.JPG,2326ca717022f0da445f91598dbbb1e5
16282.CR2,https://zenodo.org/record/1748277/files/CAM017756_v_whitestandard.CR2,a19037a7ae0cbb3d8804a7cb972141d6
16283.JPG,https://zenodo.org/record/1748277/files/CAM017756_v_whitestandard.JPG,e5222232adf62f42fb2c26db04850d16
16302.CR2,https://zenodo.org/record/1748277/files/CAM017761_v_whitestandard.CR2,5961cf1093d07a541bf95073a16f35e2
16303.JPG,https://zenodo.org/record/1748277/files/CAM017761_v_whitestandard.JPG,289d9dcde55aba2f0e22d9be9d15cb8b
16310.CR2,https://zenodo.org/record/1748277/files/CAM017763_v_whitestandard.CR2,740fa5f202c946752d2e4e289a1ae227
16311.JPG,https://zenodo.org/record/1748277/files/CAM017763_v_whitestandard.JPG,61128fbfc5e14f666d10964c92909ebb
16314.CR2,https://zenodo.org/record/1748277/files/CAM017764_v_whitestandard.CR2,04f8a03cb0cff73b2ea61a773db06484
16315.JPG,https://zenodo.org/record/1748277/files/CAM017764_v_whitestandard.JPG,a8633dc8fad82d9849536c1d28c7c98e
16318.CR2,https://zenodo.org/record/1748277/files/CAM017765_v_whitestandard.CR2,171da17429bee6fe7783b5fbb03c1e49
16319.JPG,https://zenodo.org/record/1748277/files/CAM017765_v_whitestandard.JPG,4e450b7cb84937803db1fb8c44cf99d0
16358.CR2,https://zenodo.org/record/1748277/files/CAM017775_v_whitestandard.CR2,3ea212193f3eeb3f6994c3bea1afcdb7
16359.JPG,https://zenodo.org/record/1748277/files/CAM017775_v_whitestandard.JPG,d1196bfdedad5a2b97c856ad674177e2
16366.CR2,https://zenodo.org/record/1748277/files/CAM017777_v_whitestandard.CR2,41a14974f520a21fba7d2c97ece04b05
16367.JPG,https://zenodo.org/record/1748277/files/CAM017777_v_whitestandard.JPG,5b315c13cab33017a26fb8bcaf1038ee
16386.CR2,https://zenodo.org/record/1748277/files/CAM017782_v_whitestandard.CR2,03d9e13842ff3eb82563df9c64d18b9b
16387.JPG,https://zenodo.org/record/1748277/files/CAM017782_v_whitestandard.JPG,ec40a051bf63cb08b914acaff5a450e8
16390.CR2,https://zenodo.org/record/1748277/files/CAM017783_v_whitestandard.CR2,2ae7e4278ac048eb0fa82395c0aca92d
16391.JPG,https://zenodo.org/record/1748277/files/CAM017783_v_whitestandard.JPG,7ec7a7181a1c2ab43b7b779f53278059
16402.CR2,https://zenodo.org/record/1748277/files/CAM017786_v_whitestandard.CR2,31a44bcba3480a5e5c6a55017a9e90e8
16403.JPG,https://zenodo.org/record/1748277/files/CAM017786_v_whitestandard.JPG,efde0969aef89fb0a2bdd22e27e41c71
16406.CR2,https://zenodo.org/record/1748277/files/CAM017787_v_whitestandard.CR2,80b8040b45ae3b84b9b0437e2fa53a5f
16407.JPG,https://zenodo.org/record/1748277/files/CAM017787_v_whitestandard.JPG,74291fa36da4e57fedb0f8ea9716ab5c
16410.CR2,https://zenodo.org/record/1748277/files/CAM017788_v_whitestandard.CR2,580ed5872e3c07478b7b314af2f7fb06
16411.JPG,https://zenodo.org/record/1748277/files/CAM017788_v_whitestandard.JPG,f767ffdd2bf9102b9e7b44ba13e167b4
16414.CR2,https://zenodo.org/record/1748277/files/CAM017789_v_whitestandard.CR2,95c6948e407224848d01299380252871
16415.JPG,https://zenodo.org/record/1748277/files/CAM017789_v_whitestandard.JPG,8bf6cd015cfd0ab5c06f859f4095227a
16418.CR2,https://zenodo.org/record/1748277/files/CAM017790_v_whitestandard.CR2,09bc953ebf2387bb1d206d7038b4c4ef
16419.JPG,https://zenodo.org/record/1748277/files/CAM017790_v_whitestandard.JPG,1f712930a43af94710d12fdea6881fc8
16422.CR2,https://zenodo.org/record/1748277/files/CAM017791_v_whitestandard.CR2,186707488ec464994c023b7c94bb64c1
16423.JPG,https://zenodo.org/record/1748277/files/CAM017791_v_whitestandard.JPG,8a15207f33b64fac785ed501ff939825
16426.CR2,https://zenodo.org/record/1748277/files/CAM017792_v_whitestandard.CR2,5c45b2c9ee2c2d0e2822ab20f6c0730b
16427.JPG,https://zenodo.org/record/1748277/files/CAM017792_v_whitestandard.JPG,2fa2fe9b25e7171b4a6b8551a0c9be44
16434.CR2,https://zenodo.org/record/1748277/files/CAM017794_v_whitestandard.CR2,8cec5bd870172441a02c1ec84ac04c69
16435.JPG,https://zenodo.org/record/1748277/files/CAM017794_v_whitestandard.JPG,54b69a24856226029bd8eab364869150
16442.CR2,https://zenodo.org/record/1748277/files/CAM017796_v_whitestandard.CR2,bcf9df84a7aaab7fe917cae8d3ee977a
16443.JPG,https://zenodo.org/record/1748277/files/CAM017796_v_whitestandard.JPG,117ffcd4539f79f2438e89b82ddacc00
16446.CR2,https://zenodo.org/record/1748277/files/CAM017797_v_whitestandard.CR2,4874579d599861ebcfa2c29d934f01e3
16447.JPG,https://zenodo.org/record/1748277/files/CAM017797_v_whitestandard.JPG,ab2f0fd1996863afa6c767e25b2f4c1c
16482.CR2,https://zenodo.org/record/1748277/files/CAM017806_v_whitestandard.CR2,063a1c8b9e72cc5e59a32823b466c81d
16483.JPG,https://zenodo.org/record/1748277/files/CAM017806_v_whitestandard.JPG,96961bc28191be55b0e9a208e00ca4d0
16498.CR2,https://zenodo.org/record/1748277/files/CAM017810_v_whitestandard.CR2,b7fd2add1d85c676c392aea2f0d5146f
16499.JPG,https://zenodo.org/record/1748277/files/CAM017810_v_whitestandard.JPG,e29a0fe1c9acdc198c4aabd5328eeece
16530.CR2,https://zenodo.org/record/1748277/files/CAM017818_v_whitestandard.CR2,51a40cc76de39085cf3a1b9362856fb9
16531.JPG,https://zenodo.org/record/1748277/files/CAM017818_v_whitestandard.JPG,c086ef6551475b86a97632d276de20db
16566.CR2,https://zenodo.org/record/1748277/files/CAM017827_v_whitestandard.CR2,fb8920d8701e091c053db00f0fe5bb95
16567.JPG,https://zenodo.org/record/1748277/files/CAM017827_v_whitestandard.JPG,963aa4f2531123e2c01788e0ae7b4603
16614.CR2,https://zenodo.org/record/1748277/files/CAM017840_v_whitestandard.CR2,305d1b8c861013fff0db78e9c57a1fc4
16615.JPG,https://zenodo.org/record/1748277/files/CAM017840_v_whitestandard.JPG,6bac3c0683716d96677bc89fb1f1c81c
16650.CR2,https://zenodo.org/record/1748277/files/CAM017849_v_whitestandard.CR2,00214469a0072d63c4fa1c08c03b2300
16651.JPG,https://zenodo.org/record/1748277/files/CAM017849_v_whitestandard.JPG,18848b57afdc03b72403d593727c8d6f
16670.CR2,https://zenodo.org/record/1748277/files/CAM017854_v_whitestandard.CR2,5e91f07403e72c9316ab8b83d2ec7156
16671.JPG,https://zenodo.org/record/1748277/files/CAM017854_v_whitestandard.JPG,39db0d7a8c71ac44ec232687f4c7754c
16682.CR2,https://zenodo.org/record/1748277/files/CAM017857_v_whitestandard.CR2,0f919d10acaf51903ecb5673f59b416c
16683.JPG,https://zenodo.org/record/1748277/files/CAM017857_v_whitestandard.JPG,5493250bb8ca16405bc21461b1fbd7a7
16686.CR2,https://zenodo.org/record/1748277/files/CAM017858_v_whitestandard.CR2,0453a156c1ee1f0c43d90534d2c72a99
16687.JPG,https://zenodo.org/record/1748277/files/CAM017858_v_whitestandard.JPG,5fba0491e6c7f1187e7a178a78442f2d
16702.CR2,https://zenodo.org/record/1748277/files/CAM017862_v_whitestandard.CR2,5bcf453cfac16903c4e550547c84c0ec
16703.JPG,https://zenodo.org/record/1748277/files/CAM017862_v_whitestandard.JPG,9d70ca770530212987d3e519359286a8
16738.CR2,https://zenodo.org/record/1748277/files/CAM017871_v_whitestandard.CR2,88efed43d7649791a235787410527b3b
16739.JPG,https://zenodo.org/record/1748277/files/CAM017871_v_whitestandard.JPG,08bd81ba85e7665c695b3f885b290821
16742.CR2,https://zenodo.org/record/1748277/files/CAM017872_v_whitestandard.CR2,1e2f08fbbfd908fe5a1a02c3097dab62
16743.JPG,https://zenodo.org/record/1748277/files/CAM017872_v_whitestandard.JPG,f6740bbc1512123cea96ea91dcca9232
16782.CR2,https://zenodo.org/record/1748277/files/CAM017882_v_whitestandard.CR2,bba7f6252b68bdc4e4f611cacbd1da83
16783.JPG,https://zenodo.org/record/1748277/files/CAM017882_v_whitestandard.JPG,9086476a6021ca21545679ca8240ca6f
16810.CR2,https://zenodo.org/record/1748277/files/CAM017889_v_whitestandard.CR2,89f6d0608adbfcf61ed927ebd0b54edb
16811.JPG,https://zenodo.org/record/1748277/files/CAM017889_v_whitestandard.JPG,2e123980be6a0740e505051beaaeefb2
16814.CR2,https://zenodo.org/record/1748277/files/CAM017890_v_whitestandard.CR2,0f9484caf8d659fb6c72a2b557bdfb53
16815.JPG,https://zenodo.org/record/1748277/files/CAM017890_v_whitestandard.JPG,63a0f5cb3238ffc7662665e29df24fee
16886.CR2,https://zenodo.org/record/1748277/files/CAM017908_v_whitestandard.CR2,1cebe2bab1d3471838e442d662ead4a6
16887.JPG,https://zenodo.org/record/1748277/files/CAM017908_v_whitestandard.JPG,919f1003bf8cef7d2d11cf96dd675bb9
16934.CR2,https://zenodo.org/record/1748277/files/CAM017920_v_whitestandard.CR2,4794ebd5777279d076791acb71cf74ad
16935.JPG,https://zenodo.org/record/1748277/files/CAM017920_v_whitestandard.JPG,e485f22708b77857c83c787129107ee4
16938.CR2,https://zenodo.org/record/1748277/files/CAM017921_v_whitestandard.CR2,7bacaaf54d00d84db6cbb1375eda9b3e
16939.JPG,https://zenodo.org/record/1748277/files/CAM017921_v_whitestandard.JPG,fe87ad2fc652f9c58ee279c14ddfa307
16942.CR2,https://zenodo.org/record/1748277/files/CAM017922_v_whitestandard.CR2,baff88ae0ad4b7e3f84358be4cb4df05
16943.JPG,https://zenodo.org/record/1748277/files/CAM017922_v_whitestandard.JPG,097327308d486e19b0033500f31ee0b4
17090.CR2,https://zenodo.org/record/1748277/files/CAM017959_v_whitestandard.CR2,8b8dc94929c85ac32b47524f806e4268
17091.JPG,https://zenodo.org/record/1748277/files/CAM017959_v_whitestandard.JPG,a40761a7303cab0f306ffa01ac84e4de
17150.CR2,https://zenodo.org/record/1748277/files/CAM017974_v_whitestandard.CR2,f385cf50db7a81a10b186d70501596ce
17151.JPG,https://zenodo.org/record/1748277/files/CAM017974_v_whitestandard.JPG,933e85ff2a9c7f4ec083dfcc2cc3950d
17154.CR2,https://zenodo.org/record/1748277/files/CAM017975_v_whitestandard.CR2,67769d3d8cfaa407d7e1b2ce14828f2f
17155.JPG,https://zenodo.org/record/1748277/files/CAM017975_v_whitestandard.JPG,136b378693b5c42ff59a0f3e4135ad40
17448.CR2,https://zenodo.org/record/2548678/files/CAM018255_v_whitestandard.CR2,310fe302f4302853ffe55f19338c1d81
17449.JPG,https://zenodo.org/record/2548678/files/CAM018255_v_whitestandard.JPG,9703d8614f67fc5e9f53eeec9cd4c4ca
17496.CR2,https://zenodo.org/record/2548678/files/CAM018267_v_whitestandard.CR2,df95144320c3978aa95809af705da0b2
17497.JPG,https://zenodo.org/record/2548678/files/CAM018267_v_whitestandard.JPG,6c73cb4815027367bd1d8ffcb5ce514e
17524.CR2,https://zenodo.org/record/2548678/files/CAM018274_v_whitestandard.CR2,f90ea66cafcf9738ec9b8a138263a097
17525.JPG,https://zenodo.org/record/2548678/files/CAM018274_v_whitestandard.JPG,4b92694513b189ecc7a6e61cb7dca23c
17556.CR2,https://zenodo.org/record/2548678/files/CAM018282_v_whitestandard.CR2,b1227a07d8f27b0c62c6a8ccd323b015
17557.JPG,https://zenodo.org/record/2548678/files/CAM018282_v_whitestandard.JPG,ecc02f59a49c0aa2c071730a11823931
17588.CR2,https://zenodo.org/record/2548678/files/CAM018291_v_whitestandard.CR2,37a3f58a619408013c8893f39902d299
17589.JPG,https://zenodo.org/record/2548678/files/CAM018291_v_whitestandard.JPG,e3a7bf83bdb9f11c035873a623a31345
17624.CR2,https://zenodo.org/record/2548678/files/CAM018300_v_whitestandard.CR2,735eb18cc0b944bcf998d09373ffdc7c
17625.JPG,https://zenodo.org/record/2548678/files/CAM018300_v_whitestandard.JPG,4e69734b589a7798285218e816dd33c9
17656.CR2,https://zenodo.org/record/2548678/files/CAM018308_v_whitestandard.CR2,40c6c590979a37c45a3a1bf59b226ef5
17657.JPG,https://zenodo.org/record/2548678/files/CAM018308_v_whitestandard.JPG,f623d367d73299d54a9c660cc8ceda90
17780.CR2,https://zenodo.org/record/2548678/files/CAM018341_v_whitestandard.CR2,619843784d426fa58e8d915a9eea1796
17781.JPG,https://zenodo.org/record/2548678/files/CAM018341_v_whitestandard.JPG,a32e89d53eb55be82f8560e3d48bc48d
17828.CR2,https://zenodo.org/record/2548678/files/CAM018353_v_whitestandard.CR2,cf447baaaa79f91a942ccbb59886fd0e
17829.JPG,https://zenodo.org/record/2548678/files/CAM018353_v_whitestandard.JPG,3bae517931266642ca56625e9f171449
17864.CR2,https://zenodo.org/record/2548678/files/CAM018362_v_whitestandard.CR2,56dd4c7bb0ad86bc808563ce0b4ff4c9
17865.JPG,https://zenodo.org/record/2548678/files/CAM018362_v_whitestandard.JPG,5640ce3d2f7134816706d191028c9fa9
17868.CR2,https://zenodo.org/record/2548678/files/CAM018363_v_whitestandard.CR2,17c6a1f1a8f0efb039609f789547c29d
17869.JPG,https://zenodo.org/record/2548678/files/CAM018363_v_whitestandard.JPG,fa3b529761f0888b06068957e4602e16
17888.CR2,https://zenodo.org/record/2548678/files/CAM018368_v_whitestandard.CR2,af5f651c71dbe02e1575372a68af39b0
17889.JPG,https://zenodo.org/record/2548678/files/CAM018368_v_whitestandard.JPG,74f399fbecfa7dae46e8ba297486ff82
17892.CR2,https://zenodo.org/record/2548678/files/CAM018369_v_whitestandard.CR2,a2d8e218a018f2eb5d0b6416d381fde6
17893.JPG,https://zenodo.org/record/2548678/files/CAM018369_v_whitestandard.JPG,a6dd92b2c8def3425a8b8fe087c6e8f1
17912.CR2,https://zenodo.org/record/2548678/files/CAM018374_v_whitestandard.CR2,f9f2337f0eab83fcec71718429b86b74
17913.JPG,https://zenodo.org/record/2548678/files/CAM018374_v_whitestandard.JPG,f002ace8f1bafd37ed355ee20f9d06e3
17924.CR2,https://zenodo.org/record/2548678/files/CAM018377_v_whitestandard.CR2,fbfaaec4e1d9156f40bd58f8396e12d3
17925.JPG,https://zenodo.org/record/2548678/files/CAM018377_v_whitestandard.JPG,30781c03fbcc69cc68f2a0c41d0ad86f
17956.CR2,https://zenodo.org/record/2548678/files/CAM018386_v_whitestandard.CR2,d14ff8a7063b756a422e2026b07f5afa
17957.JPG,https://zenodo.org/record/2548678/files/CAM018386_v_whitestandard.JPG,a723e8e3faab65d7c570e70101107c91
17984.CR2,https://zenodo.org/record/2548678/files/CAM018393_v_whitestandard.CR2,88c7f7bb197bf81e8d6af60bb287566c
17985.JPG,https://zenodo.org/record/2548678/files/CAM018393_v_whitestandard.JPG,dff4225781e48b999bb6ac3bc00c131a
17988.CR2,https://zenodo.org/record/2548678/files/CAM018394_v_whitestandard.CR2,d5d7727c3c0e4b92d8f0490c43bf49a3
17989.JPG,https://zenodo.org/record/2548678/files/CAM018394_v_whitestandard.JPG,344cc56b54c86abe4d35485a31d282b8
17992.CR2,https://zenodo.org/record/2548678/files/CAM018395_v_whitestandard.CR2,66dd0a92d2c69d85c76ce08560ac9137
17993.JPG,https://zenodo.org/record/2548678/files/CAM018395_v_whitestandard.JPG,abd05603c7ec7f0ad48c53a945e7e150
18044.CR2,https://zenodo.org/record/2548678/files/CAM018408_v_whitestandard.CR2,e2269b6494d17cca13503c59686ca491
18045.JPG,https://zenodo.org/record/2548678/files/CAM018408_v_whitestandard.JPG,6e4d84d236dadbb29110f5a681f65a68
18056.CR2,https://zenodo.org/record/2548678/files/CAM018411_v_whitestandard.CR2,cbd46592e30ac34688c7d65834da9bf0
18057.JPG,https://zenodo.org/record/2548678/files/CAM018411_v_whitestandard.JPG,5f12c94765bf5061742298d2c6561bba
18164.CR2,https://zenodo.org/record/2548678/files/CAM018438_v_whitestandard.CR2,c55ce182554b4813d30e099e962c910b
18165.JPG,https://zenodo.org/record/2548678/files/CAM018438_v_whitestandard.JPG,052255c8265de51559b725f58fe74e31
18248.CR2,https://zenodo.org/record/2548678/files/CAM018459_v_whitestandard.CR2,f0a744b863f2ff51dedf488f34a7e3d4
18249.JPG,https://zenodo.org/record/2548678/files/CAM018459_v_whitestandard.JPG,d0f5bf88335ac25f8d172a145a323123
18336.CR2,https://zenodo.org/record/2548678/files/CAM018481_v_whitestandard.CR2,4a608c4eff8bfecc15cb124c1bf96eae
18337.JPG,https://zenodo.org/record/2548678/files/CAM018481_v_whitestandard.JPG,4924b117219697878ea11779a51f0758
18344.CR2,https://zenodo.org/record/2548678/files/CAM018483_v_whitestandard.CR2,9e453138701b870ae1ae6af10965467f
18345.JPG,https://zenodo.org/record/2548678/files/CAM018483_v_whitestandard.JPG,cc5710faa39294b9c0dd8181deced9b9
18436.CR2,https://zenodo.org/record/2548678/files/CAM018506_v_whitestandard.CR2,c451fcce450cd6f9ed2d04e7cf0f42f3
18437.JPG,https://zenodo.org/record/2548678/files/CAM018506_v_whitestandard.JPG,2cee0bc6a1a0e35e567955a66cdffe12
18452.CR2,https://zenodo.org/record/2548678/files/CAM018510_v_whitestandard.CR2,8a3508ac21b9fbd7f665deacb488671f
18453.JPG,https://zenodo.org/record/2548678/files/CAM018510_v_whitestandard.JPG,73600d2ddd30c2f249ebb122f2243d67
18456.CR2,https://zenodo.org/record/2548678/files/CAM018511_v_whitestandard.CR2,90065c0ef01d2ddf45d65ad661392b23
18457.JPG,https://zenodo.org/record/2548678/files/CAM018511_v_whitestandard.JPG,266b1cef60a3325c096b67e046f56c81
18496.CR2,https://zenodo.org/record/2548678/files/CAM018521_v_whitestandard.CR2,66d4178abf8cd46761b120c0b7d14a1b
18497.JPG,https://zenodo.org/record/2548678/files/CAM018521_v_whitestandard.JPG,483915ce792a256fe15ffddcbfc31936
18524.CR2,https://zenodo.org/record/2548678/files/CAM018528_v_whitestandard.CR2,9e4c52502009f7c30a650695e6c77009
18525.JPG,https://zenodo.org/record/2548678/files/CAM018528_v_whitestandard.JPG,c51cb37bac20511e2793a5cf632a17e7
18861.CR2,https://zenodo.org/record/4153502/files/CAM016302_d.CR2,58a6a2f263358029ba1327db5cdbbc0c
18862.JPG,https://zenodo.org/record/4153502/files/CAM016302_d.JPG,deb9df52beb6975810fe8d38f0922826
18865.CR2,https://zenodo.org/record/4153502/files/CAM016307_d.CR2,b63f3e9def44b6dddef6fd876722d3d8
18866.JPG,https://zenodo.org/record/4153502/files/CAM016307_d.JPG,ea30f4570b019572588a1ca60f761671
18867.CR2,https://zenodo.org/record/4153502/files/CAM016314_d.CR2,dff1423194b3c6e91877c6fba57b9c78
18868.JPG,https://zenodo.org/record/4153502/files/CAM016314_d.JPG,5f28751738ae0b3d2a4aaa3db7dda4e2
18875.CR2,https://zenodo.org/record/4153502/files/CAM016446_d.CR2,1c436f655760734ce1bea995542c564b
18876.JPG,https://zenodo.org/record/4153502/files/CAM016446_d.JPG,be99f4a9eeb4a7c06cbe9ed7352412a3
18877.CR2,https://zenodo.org/record/4153502/files/CAM016451_d.CR2,ed609c56cd1a6812f40dec6e7e79b222
18878.JPG,https://zenodo.org/record/4153502/files/CAM016451_d.JPG,695f83a62916f7a8ec5c7183b94c836f
18879.CR2,https://zenodo.org/record/4153502/files/CAM016454_d.CR2,b5a1c42ed1051b7aef70971706f1e6cc
18880.JPG,https://zenodo.org/record/4153502/files/CAM016454_d.JPG,95abb083db12de5239a65ed40ae14a6a
18881.CR2,https://zenodo.org/record/4153502/files/CAM016457_d.CR2,cd549bb783e7bfb83f89e523f4508055
18882.JPG,https://zenodo.org/record/4153502/files/CAM016457_d.JPG,9413c4f94f75349265f5d616b037101c
18883.CR2,https://zenodo.org/record/4153502/files/CAM016460_d.CR2,b04f4707e584245c31c65641ca0f5ae7
18884.JPG,https://zenodo.org/record/4153502/files/CAM016460_d.JPG,424f197413132dcc50d9d561f995d73c
18885.CR2,https://zenodo.org/record/4153502/files/CAM016467_d.CR2,56156ce39933317b64dacbc6271ecf54
18886.JPG,https://zenodo.org/record/4153502/files/CAM016467_d.JPG,f179891b50b01747187c40f051bf19b9
18889.CR2,https://zenodo.org/record/4153502/files/CAM016553_d.CR2,256ae3fc024ad47168b6ea4154f28535
18890.JPG,https://zenodo.org/record/4153502/files/CAM016553_d.JPG,f14a27664f67482ff65df29d972b73fe
18891.CR2,https://zenodo.org/record/4153502/files/CAM016556_d.CR2,9374e8e55a5933fd170dcef5fad0570a
18892.JPG,https://zenodo.org/record/4153502/files/CAM016556_d.JPG,1f9497e01acec19aa6c0c7d7452b5442
18901.CR2,https://zenodo.org/record/4153502/files/CAM016634_d.CR2,ff327ab365a9152c21aee68be3ab8bfa
18902.JPG,https://zenodo.org/record/4153502/files/CAM016634_d.JPG,cee7cc85ed995b292419e3794130a518
18903.CR2,https://zenodo.org/record/4153502/files/CAM016638_d.CR2,163b1c3f45536ca1c6123df8cd98f10e
18904.JPG,https://zenodo.org/record/4153502/files/CAM016638_d.JPG,e620f0ecc74ee09dbdd45c612fe7f4b7
18905.CR2,https://zenodo.org/record/4153502/files/CAM016640_d.CR2,4db5cd4f485e8503542e2a1bde3b72ba
18906.JPG,https://zenodo.org/record/4153502/files/CAM016640_d.JPG,4417b4723a7c44853d7ca979f31bb862
18907.CR2,https://zenodo.org/record/4153502/files/CAM016642_d.CR2,2f304fec1935e195c740041311d4de9e
18908.JPG,https://zenodo.org/record/4153502/files/CAM016642_d.JPG,a5ca8fd8acf1424231bab8fb9b3c8917
19039.CR2,https://zenodo.org/record/4153502/files/CAM017394_d.CR2,f93afc175abc01bbd1ced835207c5c4a
19040.JPG,https://zenodo.org/record/4153502/files/CAM017394_d.JPG,05f7ab020582b4f13444005125444635
19041.CR2,https://zenodo.org/record/4153502/files/CAM017396_d.CR2,89d963f5b55e050dea75a4bea1950860
19042.JPG,https://zenodo.org/record/4153502/files/CAM017396_d.JPG,45a723a634b42764c98981e0c9a67684
19043.CR2,https://zenodo.org/record/4153502/files/CAM017397_d.CR2,a9e8b0bdc0d17967bfcffd287dbb6b24
19044.JPG,https://zenodo.org/record/4153502/files/CAM017397_d.JPG,7371764a6f02d19204a09a1c581b9050
19045.CR2,https://zenodo.org/record/4153502/files/CAM017406_d.CR2,a3ae748e40398e6f11ad6bda86722b96
19046.JPG,https://zenodo.org/record/4153502/files/CAM017406_d.JPG,675f09612181559e401401c316d81e02
19047.CR2,https://zenodo.org/record/4153502/files/CAM017409_d.CR2,9908cf042e0eecbd64ca5bbff1333f0b
19048.JPG,https://zenodo.org/record/4153502/files/CAM017409_d.JPG,d1ca33af7639aff21f8d54a6e616714d
19071.CR2,https://zenodo.org/record/4153502/files/CAM016208_D.CR2,ab7e4db3b526820346ad17884fdab420
19072.JPG,https://zenodo.org/record/4153502/files/CAM016208_D.JPG,981730952b83c054bf11254d765e85cf
19073.CR2,https://zenodo.org/record/4153502/files/CAM016212_D.CR2,c2d8d465de15cdd5558dc05d7a412043
19074.JPG,https://zenodo.org/record/4153502/files/CAM016212_D.JPG,d36b27b79c970ae7acafeb05068a4833
19075.CR2,https://zenodo.org/record/4153502/files/CAM016213_D.CR2,83f9df8e40a0262cf484200d281ce6dc
19076.JPG,https://zenodo.org/record/4153502/files/CAM016213_D.JPG,4b8299a1ab9e69db7dfff7d0b3680286
19077.CR2,https://zenodo.org/record/4153502/files/CAM016215_D.CR2,64b5f5057f00c98772ccb6004d8f8091
19078.JPG,https://zenodo.org/record/4153502/files/CAM016215_D.JPG,cc9d96aa27f8de5f38e6a83942b999fa
19079.CR2,https://zenodo.org/record/4153502/files/CAM016221_D.CR2,2ae4cc3cff4bb85a031b78c91766134d
19080.JPG,https://zenodo.org/record/4153502/files/CAM016221_D.JPG,4b50183ef52b5f55cf3158a1d0c0d842
19081.CR2,https://zenodo.org/record/4153502/files/CAM016229_D.CR2,2c5325646f4c822913ba72200d88a71d
19082.JPG,https://zenodo.org/record/4153502/files/CAM016229_D.JPG,9be99cd4758f7644f80a3e3c8c4f225b
19083.CR2,https://zenodo.org/record/4153502/files/CAM016231_D.CR2,ebe169d631958c98a3a59fba90ad8507
19084.JPG,https://zenodo.org/record/4153502/files/CAM016231_D.JPG,2264b00d1635255c3f5e0e4ca7ef966f
19085.CR2,https://zenodo.org/record/4153502/files/CAM016232_D.CR2,c175b535e6e132e2ca84835162a34c35
19086.JPG,https://zenodo.org/record/4153502/files/CAM016232_D.JPG,f0e3f9c7c6f5cf3458ab5cd85d841cfa
19087.CR2,https://zenodo.org/record/4153502/files/CAM016233_D.CR2,387f661b558b677dd1a45b43d5eec43c
19088.JPG,https://zenodo.org/record/4153502/files/CAM016233_D.JPG,e9a0364027479dc34612cdfa0e0819b8
19089.CR2,https://zenodo.org/record/4153502/files/CAM016236_D.CR2,6f76df30d897d7bd06835e1c3835b29c
19090.JPG,https://zenodo.org/record/4153502/files/CAM016236_D.JPG,64124243ba494cf37d4104888eb329bc
19091.CR2,https://zenodo.org/record/4153502/files/CAM016256_D.CR2,168353da70190e99b48f56991c0d8648
19092.JPG,https://zenodo.org/record/4153502/files/CAM016256_D.JPG,37c651b5278c0a6e61b1f5f1615ac8fb
19093.CR2,https://zenodo.org/record/4153502/files/CAM016258_D.CR2,5c907e484640df7fb6926de86c090591
19094.JPG,https://zenodo.org/record/4153502/files/CAM016258_D.JPG,1b4b19e350089a91800c41f80e30b998
19095.CR2,https://zenodo.org/record/4153502/files/CAM016259_D.CR2,553c57fe9e101a25bbdd1271115b2e51
19096.JPG,https://zenodo.org/record/4153502/files/CAM016259_D.JPG,56785c2c055f8fb4b2173671ddc9871c
19097.CR2,https://zenodo.org/record/4153502/files/CAM016261_D.CR2,272a58619dd4b91fa1511a40f3d75877
19098.JPG,https://zenodo.org/record/4153502/files/CAM016261_D.JPG,8de5b093c183eecf31682cfa46720ac8
19099.CR2,https://zenodo.org/record/4153502/files/CAM016262_D.CR2,0348ffa241494a0a1ece21da096828b0
19100.JPG,https://zenodo.org/record/4153502/files/CAM016262_D.JPG,1677a5fbff361d5f680764e1a3f72b1e
19101.CR2,https://zenodo.org/record/4153502/files/CAM016265_D.CR2,74d2a9c7d523b16e5480e97b0db0fd4b
19102.JPG,https://zenodo.org/record/4153502/files/CAM016265_D.JPG,733ca327ded15eb77b6dbfb9864c6959
19103.CR2,https://zenodo.org/record/4153502/files/CAM016271_D.CR2,0d149ffadc8ef193217708d432284c19
19104.JPG,https://zenodo.org/record/4153502/files/CAM016271_D.JPG,db6b5f89cf83affd6581953c6f5d5e92
19107.CR2,https://zenodo.org/record/4153502/files/CAM016303_D.CR2,576b13d012e981503c5969c97b12c918
19108.JPG,https://zenodo.org/record/4153502/files/CAM016303_D.JPG,e6e9efa0290227d43840b6c63d8bc60a
19109.CR2,https://zenodo.org/record/4153502/files/CAM016308_D.CR2,69e8a10c12dfea9b89335b046a4cadd0
19110.JPG,https://zenodo.org/record/4153502/files/CAM016308_D.JPG,c6f9fea10d63b9ee86701979a6e2a5b8
19111.CR2,https://zenodo.org/record/4153502/files/CAM016310_D.CR2,9562bc56fd054e5a4fcc095831e367e2
19112.JPG,https://zenodo.org/record/4153502/files/CAM016310_D.JPG,dc048e5c48af63a1daf09a21e1c35124
19113.CR2,https://zenodo.org/record/4153502/files/CAM016311_D.CR2,47907e838d9625003643013f8e2b3184
19114.JPG,https://zenodo.org/record/4153502/files/CAM016311_D.JPG,849cb7c577e1e572b68147f02f98f79c
19117.CR2,https://zenodo.org/record/4153502/files/CAM016316_D.CR2,040b4858584c2247500e4b16ab66d3db
19118.JPG,https://zenodo.org/record/4153502/files/CAM016316_D.JPG,3f00699e6d78aa6f2002659cb9a43f20
19119.CR2,https://zenodo.org/record/4153502/files/CAM016317_D.CR2,45551cc4dc7f357ff96451fe9d16c4f3
19120.JPG,https://zenodo.org/record/4153502/files/CAM016317_D.JPG,63d714bdc3ada8021078f419f9c114a1
19133.JPG,https://zenodo.org/record/4288311/files/18N0602_d.JPG,7e2b7b3d871ada9ab2eb6e71f873d934
19135.JPG,https://zenodo.org/record/4288311/files/18N0614_d.JPG,aa85cbbcd609da6f08a6876adc4beb38
19137.JPG,https://zenodo.org/record/4288311/files/18N0651_d.JPG,e3ab668f6bbcc874049af1fe67da8f6c
19139.JPG,https://zenodo.org/record/4288311/files/19N0000_d.JPG,33187605d9ab121a2d2e7b38c09a2b97
19147.JPG,https://zenodo.org/record/4288311/files/19N0004_d.JPG,78940c56da0a8db66cb2f837d2cf1066
19149.JPG,https://zenodo.org/record/4288311/files/19N0005_d.JPG,1bf4f4704bd376655304588378a81ad3
19151.JPG,https://zenodo.org/record/4288311/files/19N0006_d.JPG,d848629d3445038ec73d11bcaf94aaaa
19153.JPG,https://zenodo.org/record/4288311/files/19N0007_d.JPG,bf43ad9c75875048a9dd558240d4e699
19155.JPG,https://zenodo.org/record/4288311/files/19N0008_d.JPG,956f673e3c9204c159dd69a6205c305d
19157.JPG,https://zenodo.org/record/4288311/files/19N0009_d.JPG,ad9348454673bf99f16cd0f06a77eb8d
19159.JPG,https://zenodo.org/record/4288311/files/19N0010_d.JPG,1ea7f504d0441e2123409bad7e13835f
19161.JPG,https://zenodo.org/record/4288311/files/19N0011_d.JPG,8b6798770207a394fb5024431137bd35
19163.JPG,https://zenodo.org/record/4288311/files/19N0012_d.JPG,999b8b86b3872a05be0b6cff321a076a
19165.JPG,https://zenodo.org/record/4288311/files/19N0013_d.JPG,bb1f8746722784c9a6f6b5d716796f5d
19167.JPG,https://zenodo.org/record/4288311/files/19N0014_d.JPG,b9aa8b9af0b4b1e1a5c64b42f115d1d2
19169.JPG,https://zenodo.org/record/4288311/files/19N0015_d.JPG,d8e65d4ef4b1805cca0f980c8bd6abb1
19171.JPG,https://zenodo.org/record/4288311/files/19N0016_d.JPG,afecef5d0017673351da06c54040ac1a
19173.JPG,https://zenodo.org/record/4288311/files/19N0017_d.JPG,1b66c19ab48e207056733ea5c7df987c
19175.JPG,https://zenodo.org/record/4288311/files/19N0018_d.JPG,d26bb045c5d592994921af7242f43b81
19177.JPG,https://zenodo.org/record/4288311/files/19N0019_d.JPG,b07883b17efbbe733e36c24f2dd4379b
19179.JPG,https://zenodo.org/record/4288311/files/19N0020_d.JPG,c44f30c61c88ef367a77daf7c418e454
19181.JPG,https://zenodo.org/record/4288311/files/19N0021_d.JPG,c110a95f5d1896c120a3aba2e4b86b47
19183.JPG,https://zenodo.org/record/4288311/files/19N0022_d.JPG,044ca19d0f7582071263620016a200ea
19185.JPG,https://zenodo.org/record/4288311/files/19N0023_d.JPG,8de8ca865f876ab9605e118f82a2f82b
19189.JPG,https://zenodo.org/record/4288311/files/19N0025_d.JPG,948f068442edf5307291d03c123706d6
19191.JPG,https://zenodo.org/record/4288311/files/19N0026_d.JPG,9794b260709319d9e05d52cf3716322f
19194.JPG,https://zenodo.org/record/4288311/files/19N0027_d.JPG,d54fb5999b19d50afea01bc9fc817d16
19196.JPG,https://zenodo.org/record/4288311/files/19N0028_d.JPG,0258dc3f18602ffe3f848712914764cd
19198.JPG,https://zenodo.org/record/4288311/files/19N0029_d.JPG,5a78dd225b987f4b6a385397b614eae6
19200.JPG,https://zenodo.org/record/4288311/files/19N0030_d.JPG,83ec5649364be7ef0ae1a5bc289be032
19202.JPG,https://zenodo.org/record/4288311/files/19N0031_d.JPG,3ba4d7a7a542920fa37510e69e0822d1
19204.JPG,https://zenodo.org/record/4288311/files/19N0032_d.JPG,7cc43f7b3012e55342bf69bc3d9df0fd
19206.JPG,https://zenodo.org/record/4288311/files/19N0033_d.JPG,32b79418b46190e7cf61463081193378
19208.JPG,https://zenodo.org/record/4288311/files/19N0034_d.JPG,1a16a9e313006c0efaa9912268fda4e6
19210.JPG,https://zenodo.org/record/4288311/files/19N0035_d.JPG,391e870910a3879112d266bd7e3ee1c5
19214.JPG,https://zenodo.org/record/4288311/files/19N0037_d.JPG,1080040de0a2425bf9b372ecc28155ff
19216.JPG,https://zenodo.org/record/4288311/files/19N0038_d.JPG,79308820f48947eeb8bce001a572be85
19218.JPG,https://zenodo.org/record/4288311/files/19N0039_d.JPG,ee022f16ae51923e76f9063cdb5a68d5
19220.JPG,https://zenodo.org/record/4288311/files/19N0040_d.JPG,b2fd72a984c2ad026e6ff08d6a4c320e
19222.JPG,https://zenodo.org/record/4288311/files/19N0041_d.JPG,985f411e344249536282504c4c7a82c4
19224.JPG,https://zenodo.org/record/4288311/files/19N0042_d.JPG,b3ff407164d95c841578c98875ede3f8
19226.JPG,https://zenodo.org/record/4288311/files/19N0043_d.JPG,e2a791ed3971746bb0bdd1bc68f75148
19228.JPG,https://zenodo.org/record/4288311/files/19N0044_d.JPG,adc191e72168601c2139aea1b4e06dc0
19230.JPG,https://zenodo.org/record/4288311/files/19N0045_d.JPG,31747ac8bdd94fa281dacea74e294e65
19232.JPG,https://zenodo.org/record/4288311/files/19N0046_d.JPG,dd75198aa5d48490096b7ba40e6de040
19234.JPG,https://zenodo.org/record/4288311/files/19N0047_d.JPG,6767ab05525804d0f1b632f4e04b0668
19238.JPG,https://zenodo.org/record/4288311/files/19N0049_d.JPG,60d22bae4e26e9996f3810075e909b7a
19240.JPG,https://zenodo.org/record/4288311/files/19N0050_d.JPG,4221b041335de0be56f6421a7977814c
19242.CR2,https://zenodo.org/record/4288311/files/19N0051_d.CR2,f9fd9f8a8f81e2f16c912a785ddfffdd
19243.JPG,https://zenodo.org/record/4288311/files/19N0051_d.JPG,42cfa1d321296989404c7f43b89d9f63
19248.JPG,https://zenodo.org/record/4288311/files/19N0053_d.JPG,9d2f76571cd03c4a1d0bcd9debe79b2b
19250.JPG,https://zenodo.org/record/4288311/files/19N0054_d.JPG,199e81e41c7fa50b176559447b45bf78
19252.JPG,https://zenodo.org/record/4288311/files/19N0055_d.JPG,e31afa0da8505d2a0649bd2bfd70bdcb
19254.JPG,https://zenodo.org/record/4288311/files/19N0056_d.JPG,3d25daa194301c4eacec6e1963e01c90
19256.CR2,https://zenodo.org/record/4288311/files/19N0057_d.CR2,33c4cd16dbfcc85f6feac57eb1172405
19257.JPG,https://zenodo.org/record/4288311/files/19N0057_d.JPG,894c921115e524936bd1035cf79d590b
19260.JPG,https://zenodo.org/record/4288311/files/19N0058_d.JPG,94d28857fd475eb514c060bae088d6be
19264.JPG,https://zenodo.org/record/4288311/files/19N0060_d.JPG,e43f17738c93e02bcbebad4c8ff4f535
19267.JPG,https://zenodo.org/record/4288311/files/19N0061_d.JPG,85f010b8614778402534b12e85600dc1
19269.JPG,https://zenodo.org/record/4288311/files/19N0062_d.JPG,56d9e3a0832462cd0c04ad2fca632276
19271.JPG,https://zenodo.org/record/4288311/files/19N0063_d.JPG,2fc14064be17adcd92570b1bc55c78c8
19273.JPG,https://zenodo.org/record/4288311/files/19N0064_d.JPG,6ff9401634f35bd840d753c2a5e470b8
19275.JPG,https://zenodo.org/record/4288311/files/19N0065_d.JPG,a697b6cbcbaf47801d6fbb086b61c647
19277.JPG,https://zenodo.org/record/4288311/files/19N0066_d.JPG,95d930b34e596d868e5c746a2bfb0cec
19279.JPG,https://zenodo.org/record/4288311/files/19N0067_d.JPG,9d8e2f4fd018af099764fcc1c39f3d97
19281.JPG,https://zenodo.org/record/4288311/files/19N0068_d.JPG,dc37674ba1e0e15b0243f67cc5547386
19283.JPG,https://zenodo.org/record/4288311/files/19N0069_d.JPG,4d4b84e5e4c8009d5729b87e83ee9437
19285.JPG,https://zenodo.org/record/4288311/files/19N0070_d.JPG,92371ddc201f425e3c2520c4676ebe28
19287.JPG,https://zenodo.org/record/4288311/files/19N0071_d.JPG,0ea4d8606f55431272f1a2e458fd7c2e
19289.JPG,https://zenodo.org/record/4288311/files/19N0072_d.JPG,d1382965afbd91c41233406a50c30953
19291.JPG,https://zenodo.org/record/4288311/files/19N0073_d.JPG,03592fa7003a2b0e14e614ece5d09d9b
19293.JPG,https://zenodo.org/record/4288311/files/19N0074_d.JPG,9028e724536e57dfe9b637d048472e08
19295.JPG,https://zenodo.org/record/4288311/files/19N0075_d.JPG,1da6af065c01e86491ca19677a976f3d
19297.JPG,https://zenodo.org/record/4288311/files/19N0076_d.JPG,d8c3be7f2fbbbaeb9b967185fe27fb2d
19299.JPG,https://zenodo.org/record/4288311/files/19N0077_d.JPG,a6b28f3c4f3f52ce0e04fed46cc5e93d
19303.JPG,https://zenodo.org/record/4288311/files/19N0079_d.JPG,3c39640623c9684c28c79cc49b41f254
19305.JPG,https://zenodo.org/record/4288311/files/19N0080_d.JPG,8b6f9849e564b3d3917647fa1ec7bfe3
19307.JPG,https://zenodo.org/record/4288311/files/19N0081_d.JPG,b2fc5ebd6b42fa279db649fcee2945cf
19309.JPG,https://zenodo.org/record/4288311/files/19N0082_d.JPG,4c565f6e64e16330871ced6a132bb215
19311.JPG,https://zenodo.org/record/4288311/files/19N0083_d.JPG,121e93125299908f80f4adeeb7af60a3
19313.JPG,https://zenodo.org/record/4288311/files/19N0084_d.JPG,503399a6d4060519da007d8da4d384ef
19315.JPG,https://zenodo.org/record/4288311/files/19N0085_d.JPG,d3f683b1a0a870d83dc94fd9ccf521bf
19317.JPG,https://zenodo.org/record/4288311/files/19N0086_d.JPG,1da61da301d0a142be41b9c229b3d4ae
19319.JPG,https://zenodo.org/record/4288311/files/19N0087_d.JPG,4afb4d293dd21d927b3b9a4f45723108
19321.JPG,https://zenodo.org/record/4288311/files/19N0088_d.JPG,f76d090c7b501a4df1f505dcf3474628
19323.JPG,https://zenodo.org/record/4288311/files/19N0089_d.JPG,1eb9ada4620b4fc4dd8e07ef3fb526a7
19325.JPG,https://zenodo.org/record/4288311/files/19N0090_d.JPG,e29b5ab5a8d435df063c0a35512e6be6
19327.JPG,https://zenodo.org/record/4288311/files/19N0091_d.JPG,18283360bffcb4f104a0f3e6d58371f8
19329.JPG,https://zenodo.org/record/4288311/files/19N0092_d.JPG,f41e2dd40d0ed2d2c38fe5df425dedc7
19331.JPG,https://zenodo.org/record/4288311/files/19N0093_d.JPG,7286f380db4d7dc05183fac724ae83ef
19333.JPG,https://zenodo.org/record/4288311/files/19N0094_d.JPG,1696693a2ddbc88a2ed22104a3430842
19335.JPG,https://zenodo.org/record/4288311/files/19N0095_d.JPG,6057f7cf6404617ee8e0d1a5f976b1b5
19339.JPG,https://zenodo.org/record/4288311/files/19N0097_d.JPG,baaa0aaa3131674ad3c9e3e0885d4935
19341.JPG,https://zenodo.org/record/4288311/files/19N0098_d.JPG,7d179857001ab70fcdfb9deacb91a415
19345.JPG,https://zenodo.org/record/4288311/files/19N0100_d.JPG,13669f6c0b4000798e2d48ddc3092225
19347.JPG,https://zenodo.org/record/4288311/files/19N0101_d.JPG,9f06a2b36d549f134d632713f5a0d17f
19349.JPG,https://zenodo.org/record/4288311/files/19N0102_d.JPG,c3ac30b5be2c5b26d1cf1bc08782586d
19351.JPG,https://zenodo.org/record/4288311/files/19N0103_d.JPG,07c864c86797a81ba98c82449ffdad0a
19353.JPG,https://zenodo.org/record/4288311/files/19N0104_d.JPG,6084877c14bc6b81e9e378e25ace32e0
19355.JPG,https://zenodo.org/record/4288311/files/19N0105_d.JPG,00edeb90add603b83b0e63608fb25b65
19357.JPG,https://zenodo.org/record/4288311/files/19N0106_d.JPG,9959882f05d4921191d98f6afddc239b
19359.JPG,https://zenodo.org/record/4288311/files/19N0107_d.JPG,975bee6ebfc2559ff56cac22f8606d06
19361.JPG,https://zenodo.org/record/4288311/files/19N0108_d.JPG,d97500cb82324ec48d5a985599e64a35
19363.JPG,https://zenodo.org/record/4288311/files/19N0109_d.JPG,2771b2c8eb0e78a2183e23fb0f5d82ae
19365.JPG,https://zenodo.org/record/4288311/files/19N0110_d.JPG,cfc38268c114ad672b27506aece8245b
19367.JPG,https://zenodo.org/record/4288311/files/19N0111_d.JPG,48f93682fceee2c60a84dbb51c2d4d1e
19369.JPG,https://zenodo.org/record/4288311/files/19N0112_d.JPG,5d439a4fe7e1ecbaa994131dc5017e0a
19371.JPG,https://zenodo.org/record/4288311/files/19N0113_d.JPG,4c07d639e4aea1f68d4a78243f2ee925
19373.JPG,https://zenodo.org/record/4288311/files/19N0114_d.JPG,602f12828a5940db5ba64929a3cd4326
19375.JPG,https://zenodo.org/record/4288311/files/19N0115_d.JPG,c7fe339bba6c943eff878e8a24d5be23
19377.JPG,https://zenodo.org/record/4288311/files/19N0116_d.JPG,2699a1ccf7fe9778e09d800806d85011
19381.JPG,https://zenodo.org/record/4288311/files/19N0118_d.JPG,82fc961ad64000cd13c8e6699e2a6236
19385.JPG,https://zenodo.org/record/4288311/files/19N0120_d.JPG,f4c13ad0925ba8bbdbb2fe52d9f9f86f
19387.JPG,https://zenodo.org/record/4288311/files/19N0121_d.JPG,814acedb96397d4f6af5ddfd4ed3f385
19389.JPG,https://zenodo.org/record/4288311/files/19N0122_d.JPG,fec82edf7342eb9deb1fbddc3b8ebabe
19391.JPG,https://zenodo.org/record/4288311/files/19N0123_d.JPG,35824ec37ef9664a203e10cb3af0a0b7
19393.JPG,https://zenodo.org/record/4288311/files/19N0124_d.JPG,e4a58637bd56b75dcbd3bcb0400b00fc
19395.JPG,https://zenodo.org/record/4288311/files/19N0125_d.JPG,663ac660f2311624795e51301925b0db
19397.JPG,https://zenodo.org/record/4288311/files/19N0126_d.JPG,4ad31061746e35fa6d03f62c9b98d899
19399.JPG,https://zenodo.org/record/4288311/files/19N0127_d.JPG,3088e55612e17b4bfd5901cbc82ffb44
19401.JPG,https://zenodo.org/record/4288311/files/19N0128_d.JPG,b05454cef9b0ae5d6b7521bcd0c5e66f
19403.JPG,https://zenodo.org/record/4288311/files/19N0129_d.JPG,5c806f5547b240cce636b8e58d4f056d
19405.JPG,https://zenodo.org/record/4288311/files/19N0130_d.JPG,f5beedcfccde63545241f61c0b05fef4
19407.JPG,https://zenodo.org/record/4288311/files/19N0131_d.JPG,e56b6b116fe8255ef3a6d737dbc94e0b
19409.JPG,https://zenodo.org/record/4288311/files/19N0132_d.JPG,057b8562f32f54fd29fe3cd5b629329c
19411.JPG,https://zenodo.org/record/4288311/files/19N0133_d.JPG,9894b600945b9afef6f524cbeb45b432
19413.JPG,https://zenodo.org/record/4288311/files/19N0134_d.JPG,4741c09f1f212ed37ee8d9282dc26d83
19415.JPG,https://zenodo.org/record/4288311/files/19N0135_d.JPG,ab841d160d69cfe25bec0e6446fba91e
19417.JPG,https://zenodo.org/record/4288311/files/19N0136_d.JPG,c827936e5c446b0bc6e109865af65f20
19419.JPG,https://zenodo.org/record/4288311/files/19N0137_d.JPG,4b7e4289071383f22c0ddf31d5f7ed25
19421.JPG,https://zenodo.org/record/4288311/files/19N0138_d.JPG,acdcac014a3975ab08134740a305c5e1
19425.JPG,https://zenodo.org/record/4288311/files/19N0140_d.JPG,a14e57fe5a5349e72c0efbb642c253a7
19427.JPG,https://zenodo.org/record/4288311/files/19N0141_d.JPG,ab660b37684207fe14164e0716728b26
19429.JPG,https://zenodo.org/record/4288311/files/19N0142_d.JPG,8b86147dc33657d7ecb18bebcc67848d
19431.JPG,https://zenodo.org/record/4288311/files/19N0143_d.JPG,165f5f5194680e62bdb2ec995048cf55
19433.JPG,https://zenodo.org/record/4288311/files/19N0144_d.JPG,57513929800f9f29e4e027cd978c4f14
19435.JPG,https://zenodo.org/record/4288311/files/19N0145_d.JPG,dd540c2a690902b650576f23313e0f59
19437.JPG,https://zenodo.org/record/4288311/files/19N0146_d.JPG,e52a99ea4f87fcef211f3bf9b547d90a
19439.JPG,https://zenodo.org/record/4288311/files/19N0147_d.JPG,42daa007d606a67f544e03e8d8df5764
19441.JPG,https://zenodo.org/record/4288311/files/19N0148_d.JPG,71863f05e34475aa7884b8f47360dcd0
19443.JPG,https://zenodo.org/record/4288311/files/19N0149_d.JPG,8e3db0724625d80ee9ad779403c89af2
19445.JPG,https://zenodo.org/record/4288311/files/19N0150_d.JPG,e2375f3e909b236a9e7f5e44e6bd924b
19447.JPG,https://zenodo.org/record/4288311/files/19N0151_d.JPG,e885258a954078001c98c8b6215856c6
19449.JPG,https://zenodo.org/record/4288311/files/19N0152_d.JPG,6e4e269a6540508cc53c3f8a800f9b54
19451.JPG,https://zenodo.org/record/4288311/files/19N0153_d.JPG,6936e1df973f226f877201ebcd4755d4
19453.JPG,https://zenodo.org/record/4288311/files/19N0154_d.JPG,613bb08172eb5e7ed512167355273aa7
19455.JPG,https://zenodo.org/record/4288311/files/19N0155_d.JPG,80b1051e2cc425b2c1e006dca8c43131
19457.JPG,https://zenodo.org/record/4288311/files/19N0156_d.JPG,2f1bf2b5fbb1942f9c3927e7e6e3da1c
19459.JPG,https://zenodo.org/record/4288311/files/19N0157_d.JPG,d0e31734ed08bfa65811e89e44b06804
19461.JPG,https://zenodo.org/record/4288311/files/19N0158_d.JPG,ac4c1f9e6c909f4efc144ced47878b37
19463.JPG,https://zenodo.org/record/4288311/files/19N0159_d.JPG,64d15ffa92c81d94c6c192a2c4643130
19465.JPG,https://zenodo.org/record/4288311/files/19N0160_d.JPG,66dcb12a14d3c8b7c50015720baff8ec
19467.JPG,https://zenodo.org/record/4288311/files/19N0161_d.JPG,47a06900e9fc0fded291429f44e36605
19469.JPG,https://zenodo.org/record/4288311/files/19N0162_d.JPG,9f1d2617dc9b70a2b0aeca1125b6ed23
19471.JPG,https://zenodo.org/record/4288311/files/19N0163_d.JPG,bd5585a2df42680eddce2f0303315161
19473.JPG,https://zenodo.org/record/4288311/files/19N0164_d.JPG,7d2ba681c587b557aa70ea76e50b09f5
19475.JPG,https://zenodo.org/record/4288311/files/19N0165_d.JPG,b1bde84299a21af85cef3773764060f7
19477.JPG,https://zenodo.org/record/4288311/files/19N0166_d.JPG,5d406abcbd90d2999992afaf0f6b6875
19479.JPG,https://zenodo.org/record/4288311/files/19N0167_d.JPG,5d6de206c1e04b6e49da2684eaa3f8a6
19481.JPG,https://zenodo.org/record/4288311/files/19N0168_d.JPG,d3863a41cf402381a88001dac1f5093b
19483.JPG,https://zenodo.org/record/4288311/files/19N0169_d.JPG,2a993c87b9bb8efc72bfd5315c5cb387
19485.JPG,https://zenodo.org/record/4288311/files/19N0170_d.JPG,0ccc5c32b983531e3f8fe57b1c1a919d
19487.JPG,https://zenodo.org/record/4288311/files/19N0171_d.JPG,c8de7db44c0e3d8d33d7e2af6c61712a
19489.JPG,https://zenodo.org/record/4288311/files/19N0172_d.JPG,7d1b436b01a802a0c68c7b3d730d4352
19491.JPG,https://zenodo.org/record/4288311/files/19N0173_d.JPG,ffaf512f0ad58cf3e08d5d50b2b8f28d
19493.JPG,https://zenodo.org/record/4288311/files/19N0174_d.JPG,edd2b3304a962299bfc891e7bb68e585
19495.JPG,https://zenodo.org/record/4288311/files/19N0175_d.JPG,37391c6b32bd6cd6cbf97c46a4676afb
19497.JPG,https://zenodo.org/record/4288311/files/19N0176_d.JPG,3c1ca18a3816db5e9e01917db81f5eec
19499.JPG,https://zenodo.org/record/4288311/files/19N0177_d.JPG,2cad14607b6180ac2f2c2f41e2ef3963
19501.JPG,https://zenodo.org/record/4288311/files/19N0178_d.JPG,9e6c0b1a41a14eaafc48439d095b94dc
19503.JPG,https://zenodo.org/record/4288311/files/19N0179_d.JPG,f750f17ce9bed0c76e537a8f40656e54
19505.JPG,https://zenodo.org/record/4288311/files/19N0180_d.JPG,84a5663d4d8f3456217dc95f57d2c45b
19507.JPG,https://zenodo.org/record/4288311/files/19N0181_d.JPG,c90a8bb79b5d184e4410812721fbba6c
19509.JPG,https://zenodo.org/record/4288311/files/19N0182_d.JPG,a6e2f859037a598a301f85f33693dbe3
19511.JPG,https://zenodo.org/record/4288311/files/19N0183_d.JPG,990bfa74c73407fe940d70684ad9d398
19513.JPG,https://zenodo.org/record/4288311/files/19N0184_d.JPG,725e47725ac45a642e0a7812374a7e3f
19515.JPG,https://zenodo.org/record/4288311/files/19N0185_d.JPG,4821edbbfded711df96147cdb73b5b24
19517.JPG,https://zenodo.org/record/4288311/files/19N0186_d.JPG,5b3463d708d90b4385f7689f30c0ddf7
19519.JPG,https://zenodo.org/record/4288311/files/19N0187_d.JPG,69fd62a4141eaf90dfd26303397915bb
19521.JPG,https://zenodo.org/record/4288311/files/19N0188_d.JPG,531a8449ab2db19bd2086eaf8c20dc6c
19523.JPG,https://zenodo.org/record/4288311/files/19N0189_d.JPG,b0af57b13090647694bc88adf405f922
19525.JPG,https://zenodo.org/record/4288311/files/19N0190_d.JPG,c2f61562c4fa2bc48ba0e9025753a897
19527.JPG,https://zenodo.org/record/4288311/files/19N0191_d.JPG,9b8ac62515f2f3dcc4e7697906016dce
19529.JPG,https://zenodo.org/record/4288311/files/19N0192_d.JPG,4b3094ee022cf707ab2e7ae53e252f59
19531.JPG,https://zenodo.org/record/4288311/files/19N0193_d.JPG,2aae2f9dbeadd8e22c9270625cebb082
19535.JPG,https://zenodo.org/record/4288311/files/19N0195_d.JPG,6c24108b9bcb6c7fb2ccbcedce1fa543
19537.JPG,https://zenodo.org/record/4288311/files/19N0196_d.JPG,f663667ba063786e9f42b2363b9bc16d
19539.JPG,https://zenodo.org/record/4288311/files/19N0197_d.JPG,d16390c97bbf22f72a84b03a9d8207a9
19541.JPG,https://zenodo.org/record/4288311/files/19N0198_d.JPG,6fde768caa82ab7bd42add7c0f37b19a
19543.JPG,https://zenodo.org/record/4288311/files/19N0199_d.JPG,0f92d4fa6c76128eabef3965e8860ec0
19545.JPG,https://zenodo.org/record/4288311/files/19N0200_d.JPG,ed422e7531ac443653f33d25367f6201
19547.JPG,https://zenodo.org/record/4288311/files/19N0201_d.JPG,b39b2c3f5ce63577921ace45480b0724
19549.JPG,https://zenodo.org/record/4288311/files/19N0202_d.JPG,b71f33fc1b0ecc402c43629d78bfe694
19551.JPG,https://zenodo.org/record/4288311/files/19N0203_d.JPG,ca689ab17c1bdb03cba5cc382a0e3177
19553.JPG,https://zenodo.org/record/4288311/files/19N0204_d.JPG,2d5ce20e4b82028ec7031f240066546a
19555.JPG,https://zenodo.org/record/4288311/files/19N0205_d.JPG,6cf5d60d5de0d9c1de765eb5be954ca4
19565.JPG,https://zenodo.org/record/4288311/files/19N0210_d.JPG,4cad2e53da60bf2e4a2a48d798a14e1c
19567.JPG,https://zenodo.org/record/4288311/files/19N0211_d.JPG,b3824e3ce1ea92727dd6b8e35550f9e5
19569.JPG,https://zenodo.org/record/4288311/files/19N0212_d.JPG,03270fa6f13602cbea356523fe90e251
19571.JPG,https://zenodo.org/record/4288311/files/19N0213_d.JPG,ec5510bbbbffc11eebf8a95ac8e22650
19573.JPG,https://zenodo.org/record/4288311/files/19N0214_d.JPG,0281044ec9e859f804dfc9a6ad9dec47
19575.JPG,https://zenodo.org/record/4288311/files/19N0215_d.JPG,ee6523518551540bdf8548b7fa46f553
19577.JPG,https://zenodo.org/record/4288311/files/19N0216_d.JPG,cd7121af78f0a9971936830a7330ed1d
19583.JPG,https://zenodo.org/record/4288311/files/19N0219_d.JPG,dd58acc505ada93a58bc0f6d36492430
19585.JPG,https://zenodo.org/record/4288311/files/19N0220_d.JPG,071067a930872bf85c82bc3374f3a6a9
19587.JPG,https://zenodo.org/record/4288311/files/19N0221_d.JPG,3a300cc2cb3bc4301909ded0a8e7c99f
19589.JPG,https://zenodo.org/record/4288311/files/19N0222_d.JPG,6def284f8c1f5c5e41d37215587415c7
19591.JPG,https://zenodo.org/record/4288311/files/19N0223_d.JPG,25d411d60fc03ef6f10a9a0f0759ea80
19593.JPG,https://zenodo.org/record/4288311/files/19N0224_d.JPG,8bc73cfd7aa46be3f8c3c584a5c19f4f
19595.JPG,https://zenodo.org/record/4288311/files/19N0225_d.JPG,17798b2bf73d528da5031d85a8c22b63
19597.JPG,https://zenodo.org/record/4288311/files/19N0226_d.JPG,44e201c7cfae098cbe8e2b532eb2eecb
19601.JPG,https://zenodo.org/record/4288311/files/19N0228_d.JPG,9afb838cdaf1f805849b861a625481c7
19617.JPG,https://zenodo.org/record/4288311/files/19N0236_d.JPG,71152859e307b7d83b8e53bbf9a12012
19621.JPG,https://zenodo.org/record/4288311/files/19N0238_d.JPG,3de1d8c1f5a0b2b1ad459c38218fba6c
19623.JPG,https://zenodo.org/record/4288311/files/19N0239_d.JPG,54cb1777d5751246e5c2951dc63c9062
19625.JPG,https://zenodo.org/record/4288311/files/19N0240_d.JPG,a07f7259968afde69ca1676960a856a4
19627.JPG,https://zenodo.org/record/4288311/files/19N0241_d.JPG,e44086fe87f598172e8dfc5c0a3336ed
19629.JPG,https://zenodo.org/record/4288311/files/19N0242_d.JPG,bca07bc3cd2be746c82f5b3dfe383d5e
19635.JPG,https://zenodo.org/record/4288311/files/19N0245_d.JPG,d4e2ebaada38737da2ab7d2449db4afa
19637.JPG,https://zenodo.org/record/4288311/files/19N0246_d.JPG,f642c0be4903d81f7f49f0a621847333
19645.JPG,https://zenodo.org/record/4288311/files/19N0250_d.JPG,72544ceb09dba064736c6d5cb2f46860
19649.JPG,https://zenodo.org/record/4288311/files/19N0252_d.JPG,3f89015ec002591e7fa990f8803a3a3a
19651.JPG,https://zenodo.org/record/4288311/files/19N0253_d.JPG,3ec8cfe18cebaec4d456ca1d03bb047e
19653.JPG,https://zenodo.org/record/4288311/files/19N0254_d.JPG,a433334cd71407c2e8d1d9fb285f9b28
19655.JPG,https://zenodo.org/record/4288311/files/19N0255_d.JPG,752e82de620858df5c8804a0ccdb35a5
19657.JPG,https://zenodo.org/record/4288311/files/19N0256_d.JPG,be6f8f4e97f6680e9ed9e83df11fb707
19659.JPG,https://zenodo.org/record/4288311/files/19N0257_d.JPG,423390fa0ccc59187395ac0b5ccb2fdd
19661.JPG,https://zenodo.org/record/4288311/files/19N0258_d.JPG,0665ba45b6d591c3cf84e670b91ec09f
19667.JPG,https://zenodo.org/record/4288311/files/19N0261_d.JPG,de097cab00ca0db0704a5c08cbcd9fa4
19671.JPG,https://zenodo.org/record/4288311/files/19N0263_d.JPG,30c50ec204c979ac5162565897ed1ec2
19673.JPG,https://zenodo.org/record/4288311/files/19N0264_d.JPG,5310a9624673442491fa5ce2a92db895
19675.JPG,https://zenodo.org/record/4288311/files/19N0265_d.JPG,268c1a955478e274c385e17581a20eb5
19677.JPG,https://zenodo.org/record/4288311/files/19N0266_d.JPG,8caee47ec1430db038f2331692271b72
19679.JPG,https://zenodo.org/record/4288311/files/19N0267_d.JPG,110cdf8aa229ce8ec1adb0c63e67a214
19681.JPG,https://zenodo.org/record/4288311/files/19N0268_d.JPG,6b26b9fa2e01b68f727901c6976935cd
19684.JPG,https://zenodo.org/record/4288311/files/19N0269_d.JPG,e1d271ac9c1a109d0f419c3bf0bafe26
19686.JPG,https://zenodo.org/record/4288311/files/19N0270_d.JPG,024e8fdc0de79a19bcb9ae51fd5b9d2f
19688.JPG,https://zenodo.org/record/4288311/files/19N0271_d.JPG,d7a5b677ece7cd11279c339b4e1c2a29
19690.JPG,https://zenodo.org/record/4288311/files/19N0272_d.JPG,449d7a60ef4db449b82448f0f029323e
19692.JPG,https://zenodo.org/record/4288311/files/19N0273_d.JPG,d252ace86c2ffc0663309676ea1c06ea
19694.JPG,https://zenodo.org/record/4288311/files/19N0274_d.JPG,bdb4982137cd3a4ee049bf180ea0cc66
19696.JPG,https://zenodo.org/record/4288311/files/19N0275_d.JPG,b989e6496f59f70e5f087b30e65f2155
19698.JPG,https://zenodo.org/record/4288311/files/19N0276_d.JPG,dedb7dece2f24fcecd223d325ba8beb3
19700.JPG,https://zenodo.org/record/4288311/files/19N0277_d.JPG,1c552e6b96ef268f1bddfdafbc05a682
19702.JPG,https://zenodo.org/record/4288311/files/19N0278_d.JPG,72b3d673db0222f296be0c3d21f242e6
19704.JPG,https://zenodo.org/record/4288311/files/19N0279_d.JPG,1c9cca751961adc2331056f121c9fe7e
19706.JPG,https://zenodo.org/record/4288311/files/19N0280_d.JPG,525ed2e5ff2658b5be170fdf753602bd
19708.JPG,https://zenodo.org/record/4288311/files/19N0281_d.JPG,36d2b0a356726a496d60c25335c46fb0
19710.JPG,https://zenodo.org/record/4288311/files/19N0282_d.JPG,cc4c35e134ea279a1f2730dd59fc451f
19712.JPG,https://zenodo.org/record/4288311/files/19N0283_d.JPG,bde4f7f74e65643bed40167c4ebd3078
19714.JPG,https://zenodo.org/record/4288311/files/19N0284_d.JPG,7f365f2b5cd3960da631de5829574a65
19716.JPG,https://zenodo.org/record/4288311/files/19N0285_d.JPG,f58d9d2658c2bd685c215028d9c9bc20
19718.JPG,https://zenodo.org/record/4288311/files/19N0287_d.JPG,c608cc69383e51f7b8262ea0619ef8de
19720.JPG,https://zenodo.org/record/4288311/files/19N0288_d.JPG,67e78241765c9b4c4954a9ea49f02a78
19722.JPG,https://zenodo.org/record/4288311/files/19N0291_d.JPG,0f60d179bee0233b98cfa5d340cfba56
19724.JPG,https://zenodo.org/record/4288311/files/19N0295_d.JPG,7c772f09cbc14271e898fced9257f147
19726.JPG,https://zenodo.org/record/4288311/files/19N0296_d.JPG,f7a11fb77419c2320493eb8c39d444ec
19728.JPG,https://zenodo.org/record/4288311/files/19N0297_d.JPG,279ef2e54d31384cc1b5e6548596193e
19730.JPG,https://zenodo.org/record/4288311/files/19N0298_d.JPG,53a228d89d63a7ec8e72c5c02dc743f4
19732.JPG,https://zenodo.org/record/4288311/files/19N0299_d.JPG,483744c04dd10381d1a72566898df4ba
19734.JPG,https://zenodo.org/record/4288311/files/19N0301_d.JPG,759384061d8af5f1630b64cfe5254b3f
19736.JPG,https://zenodo.org/record/4288311/files/19N0302_d.JPG,a16762d734fe1acbfa9cd152508c3c13
19738.JPG,https://zenodo.org/record/4288311/files/19N0303_d.JPG,077f6e888fc255b0233e2440d0e4b834
19740.JPG,https://zenodo.org/record/4288311/files/19N0304_d.JPG,2cd4cf6847dc15bed8dbfac2c0eff1d6
19742.JPG,https://zenodo.org/record/4288311/files/19N0305_d.JPG,73279cd37178b7877386c899266ebe32
19744.JPG,https://zenodo.org/record/4288311/files/19N0306_d.JPG,5f9ac68fa3fdd1f17893a2ce587548fe
19746.JPG,https://zenodo.org/record/4288311/files/19N0308_d.JPG,cd34f3e55542c73a91f60da1b84fb36a
19748.JPG,https://zenodo.org/record/4288311/files/19N0309_d.JPG,87e893698568dff4ae013f53e10167aa
19750.JPG,https://zenodo.org/record/4288311/files/19N0314_d.JPG,f7de0a3c9e548489b0c4d288859a6980
19752.JPG,https://zenodo.org/record/4288311/files/19N0315_d.JPG,36b51436da93bb8d80efcfec25fa29f2
19754.JPG,https://zenodo.org/record/4288311/files/19N0317_d.JPG,ecae318e05f556b27264c2e39d2ad776
19756.JPG,https://zenodo.org/record/4288311/files/19N0318_d.JPG,434041abc29a1713443e7f0520e07291
19760.JPG,https://zenodo.org/record/4288311/files/19N0320_d.JPG,7c6e241af67fd91d22b0016639ea7a08
19762.JPG,https://zenodo.org/record/4288311/files/19N0323_d.JPG,139e4d5ec46f1dae1c0e6aed2114baa1
19764.JPG,https://zenodo.org/record/4288311/files/19N0324_d.JPG,986bbbae9cfba7dd703c77b54add031e
19766.JPG,https://zenodo.org/record/4288311/files/19N0325_d.JPG,fb1fea2b64b4d3908e5072b227b2db20
19768.JPG,https://zenodo.org/record/4288311/files/19N0326_d.JPG,952778eaa1df83ce8fad16bbccf4d04d
19770.JPG,https://zenodo.org/record/4288311/files/19N0330_d.JPG,fa80ff87d5445103757d577072188aa8
19772.JPG,https://zenodo.org/record/4288311/files/19N0331_d.JPG,1dcc700724784b4d109fb76b8261ea74
19776.JPG,https://zenodo.org/record/4288311/files/19N0334_d.JPG,57cbaac6b56fd9da99bfdd6326c7b9bf
19778.JPG,https://zenodo.org/record/4288311/files/19N0336_d.JPG,651d8ac9146d63f63c5ebe63b145e7c4
19780.JPG,https://zenodo.org/record/4288311/files/19N0341_d.JPG,24a5b118c4d1b30dce09182352772c4a
19782.JPG,https://zenodo.org/record/4288311/files/19N0346_d.JPG,1b6544098cbcec5f2989d82855225406
19784.JPG,https://zenodo.org/record/4288311/files/19N0371_d.JPG,3a284bfc64db2a6dcfc0c2dc71303aa0
19786.JPG,https://zenodo.org/record/4288311/files/19N0372_d.JPG,03572bd4f0eddcfb5f854340e9d7e52b
19789.JPG,https://zenodo.org/record/4288311/files/19N0373_d.JPG,82a508f056e9d3ce23c2d6c82073b7c4
19791.JPG,https://zenodo.org/record/4288311/files/19N0374_d.JPG,d708a08fe079443532cfa24a43976b43
19793.JPG,https://zenodo.org/record/4288311/files/19N0375_d.JPG,25870a6c958184099e3517b2d6a4695a
19795.JPG,https://zenodo.org/record/4288311/files/19N0376_d.JPG,d56908e9bed79cfb493495fc8988df3a
19797.JPG,https://zenodo.org/record/4288311/files/19N0404_d.JPG,693d87f1f508a75c812c6905dab0a9c8
19799.JPG,https://zenodo.org/record/4288311/files/19N0405_d.JPG,172f832a93ae231f7e0fa3705d5cb17f
19801.JPG,https://zenodo.org/record/4288311/files/19N0406_d.JPG,86958d2f80ea2bb79d9819f044f118f2
19803.JPG,https://zenodo.org/record/4288311/files/19N0412_d.JPG,2de4e4a84145b9c0da9157cd06111453
19805.JPG,https://zenodo.org/record/4288311/files/19N0413_d.JPG,2aa4b923e409964a8875ba26bf7e7fb3
19807.JPG,https://zenodo.org/record/4288311/files/19N0414_d.JPG,22ed76b06c91396aec49e0c89577de67
19811.JPG,https://zenodo.org/record/4288311/files/19N0416_d.JPG,eb15043bba14948da69cbd3ff34bab98
19813.JPG,https://zenodo.org/record/4288311/files/19N0434_d.JPG,245027ea9efdbbc627bc1035262bcd6d
19815.JPG,https://zenodo.org/record/4288311/files/19N0435_d.JPG,c08f17157d6507cd223a82934155ecfd
19818.JPG,https://zenodo.org/record/4288311/files/19N0436_d.JPG,f60f9cdd9a939f21cf685b9a105b009b
19820.JPG,https://zenodo.org/record/4288311/files/19N0437_d.JPG,838d5b1820e85e8640b6b3df671b6dd9
19822.JPG,https://zenodo.org/record/4288311/files/19N0438_d.JPG,5238e96c00836168812091b27216831a
19824.JPG,https://zenodo.org/record/4288311/files/19N0439_d.JPG,010c46f8c63e8513fc28b74b9383a3c4
19826.JPG,https://zenodo.org/record/4288311/files/19N0440_d.JPG,c87d99da540354d128ce7da4ae5b2264
19828.JPG,https://zenodo.org/record/4288311/files/19N0464_d.JPG,9681036f133059448fa5544abd08605f
19830.JPG,https://zenodo.org/record/4288311/files/19N0465_d.JPG,8e94aa8a37acea36c13a7fba1ef0ee8b
19832.JPG,https://zenodo.org/record/4288311/files/19N0474_d.JPG,e0ab2e91a6a975e4c24889ac91c03e6d
19834.JPG,https://zenodo.org/record/4288311/files/19N0475_d.JPG,c46991db43bc1e5f462f2149778f2454
19836.JPG,https://zenodo.org/record/4288311/files/19N0476_d.JPG,83c99883bac7678ac1378761975421cc
19838.JPG,https://zenodo.org/record/4288311/files/19N0477_d.JPG,3576d5fd62e960bf37b747d9a78a845e
19840.JPG,https://zenodo.org/record/4288311/files/19N0478_d.JPG,a72b17d0603b51156372ea706768314c
19842.JPG,https://zenodo.org/record/4288311/files/19N0479_d.JPG,2ec9fb5571ded4b3843ea87d9064d5e6
19844.JPG,https://zenodo.org/record/4288311/files/19N0480_d.JPG,3692a329f38c579d16f595b116d9a501
19848.JPG,https://zenodo.org/record/4288311/files/19N0482_d.JPG,ece49279bc77e4e401eaf1249894ee90
19850.JPG,https://zenodo.org/record/4288311/files/19N0487_d.JPG,8cc59e899d962e801cf4ded9d4c5868c
19852.JPG,https://zenodo.org/record/4288311/files/19N0488_d.JPG,d34252d401d97bac7afdb85c961954bd
19854.JPG,https://zenodo.org/record/4288311/files/19N0489_d.JPG,ebeb240bb9112568b774646e2b9db8b3
19858.JPG,https://zenodo.org/record/4288311/files/19N0491_d.JPG,ab297ce8e14bf1ec5e42e2549523e05f
19860.JPG,https://zenodo.org/record/4288311/files/19N0492_d.JPG,1ec8b8e98d1c4f0756d991ef9ffa0f4f
19862.JPG,https://zenodo.org/record/4288311/files/19N0493_d.JPG,a4338556b452bbb2ee1ac6d594a1553e
19864.JPG,https://zenodo.org/record/4288311/files/19N0494_d.JPG,b49ee5f32b78810f246d21db22c30164
19866.JPG,https://zenodo.org/record/4288311/files/19N0495_d.JPG,f72962c7f894ba3b7f31dfbffcbe0301
19870.JPG,https://zenodo.org/record/4288311/files/19N0503_d.JPG,f0c18372f6f54f350843d33890663b52
19872.JPG,https://zenodo.org/record/4288311/files/19N0509_d.JPG,564eacb1dc0a58403f15273ff1dcf964
19874.JPG,https://zenodo.org/record/4288311/files/19N0513_d.JPG,31fd8c8ee623912292528cb32e33a3d5
19876.JPG,https://zenodo.org/record/4288311/files/19N0521_d.JPG,320d3cee5ca0083319f249c3fb856c5c
19878.JPG,https://zenodo.org/record/4288311/files/19N0522_d.JPG,732b288fa1ca976e9283ed146da34735
19880.JPG,https://zenodo.org/record/4288311/files/19N0527_d.JPG,b5ea72b5bc018284c2cc7b5852e060cb
19882.JPG,https://zenodo.org/record/4288311/files/19N0528_d.JPG,a265bd893e2b91cff70199930754106c
19884.JPG,https://zenodo.org/record/4288311/files/19N0540_d.JPG,8cf41d0ca1f48bcfe7b55f51c26c218b
19886.JPG,https://zenodo.org/record/4288311/files/19N0541_d.JPG,935d25245d22ea60acda7f6e4332e32d
19888.JPG,https://zenodo.org/record/4288311/files/19N0553_d.JPG,652e2a3d38e4712c108ff0421121bcf0
19890.JPG,https://zenodo.org/record/4288311/files/19N0564_d.JPG,714cfa322060a3d3834de9c3d18a8e12
19892.JPG,https://zenodo.org/record/4288311/files/19N0573_d.JPG,356a64084d69eac14a5228ef5c83cda0
19894.JPG,https://zenodo.org/record/4288311/files/19N0574_d.JPG,b190e057e67eb0a05f1a35e48c9941cd
19896.JPG,https://zenodo.org/record/4288311/files/19N0575_d.JPG,c6902b26143ab7350fa7b5f6074cbd6f
19898.JPG,https://zenodo.org/record/4288311/files/19N0582_d.JPG,ebcc9819c1a1a71b6f803f97d42eaad4
19900.JPG,https://zenodo.org/record/4288311/files/19N0583_d.JPG,853013549857d9f28fdc203411fea523
19902.JPG,https://zenodo.org/record/4288311/files/19N0584_d.JPG,8eb689e85f0e151e251f7ce9d7d29d43
19904.JPG,https://zenodo.org/record/4288311/files/19N0587_d.JPG,3f257fde4f25c8e17a8535428c10df1c
19906.JPG,https://zenodo.org/record/4288311/files/19N0599_d.JPG,a04ce9f9740bb2caa0b03194680fbad5
19908.JPG,https://zenodo.org/record/4288311/files/19N0608_d.JPG,d4285c1e066439df35e3532a0020fdaa
19910.JPG,https://zenodo.org/record/4288311/files/19N0613_d.JPG,a8695be74834486a892a674b01f2e0c3
19912.JPG,https://zenodo.org/record/4288311/files/19N0614_d.JPG,494ba574886f9a6cd1beba2181186353
19914.JPG,https://zenodo.org/record/4288311/files/19N0615_d.JPG,0f61bd17e66739237b2178666e2273b2
19916.JPG,https://zenodo.org/record/4288311/files/19N0624_d.JPG,6f0492cbfe39fbd869bb08bcf11a2f76
19918.JPG,https://zenodo.org/record/4288311/files/19N0629_d.JPG,d5647692931b63f0f52fb09741e636fc
19920.JPG,https://zenodo.org/record/4288311/files/19N0630_d.JPG,8b18e9f7a900cbcad6d9155824ad9a27
19928.JPG,https://zenodo.org/record/4288311/files/19N0634_d.JPG,9c604553551156eb65101d1d14ebe17a
19930.JPG,https://zenodo.org/record/4288311/files/19N0635_d.JPG,d03c746edff98a5dcb8626d4d48f9e1a
19932.JPG,https://zenodo.org/record/4288311/files/19N0638_d.JPG,2cad17fa6cf0ab2601860b51078b29f7
19934.JPG,https://zenodo.org/record/4288311/files/19N0639_d.JPG,61b2f8d49a0cae686117a331153adaa5
19936.JPG,https://zenodo.org/record/4288311/files/19N0640_d.JPG,493f3bf9762eb1a1caf151cb84ac33b2
19938.JPG,https://zenodo.org/record/4288311/files/19N0646_d.JPG,e040075593372d9bb8ce7f82335f0dca
19940.JPG,https://zenodo.org/record/4288311/files/19N0647_d.JPG,4776f0e1f4a3c44c4dc268b8d7ac8017
19942.JPG,https://zenodo.org/record/4288311/files/19N0648_d.JPG,c282f83a25381d37735bf418752094e2
19944.JPG,https://zenodo.org/record/4288311/files/19N0657_d.JPG,dd98ea0cd79ebd53a0257e226f279822
19946.JPG,https://zenodo.org/record/4288311/files/19N0658_d.JPG,cf5060ab78f5b52cfbfc1e0a097023c3
19948.JPG,https://zenodo.org/record/4288311/files/19N0659_d.JPG,5f423d77f25d413f672793f053542ad4
19950.JPG,https://zenodo.org/record/4288311/files/19N0660_d.JPG,eebbc11f5ebd0e97eb294afcc8657789
19952.JPG,https://zenodo.org/record/4288311/files/19N0661_d.JPG,0092c9a732887c01a3204f6bafe6ab2f
19954.JPG,https://zenodo.org/record/4288311/files/19N0665_d.JPG,bb957fdd0fe31a9e78fad7cbf70023d0
19956.JPG,https://zenodo.org/record/4288311/files/19N0666_d.JPG,8bd02927ed8dca2068f7a5e4b4e7d6de
19958.JPG,https://zenodo.org/record/4288311/files/19N0667_d.JPG,d084ce7b48d0cd9da7782384a70b101a
19962.JPG,https://zenodo.org/record/4288311/files/19N0670_d.JPG,885ba9e268ac0fc87f27a5901f23b73f
19964.JPG,https://zenodo.org/record/4288311/files/19N0671_d.JPG,c622d2c9f76d62991937736f6e1dba93
19966.JPG,https://zenodo.org/record/4288311/files/19N0672_d.JPG,4e11fa30371e50409deaffcf3d983f0b
19968.JPG,https://zenodo.org/record/4288311/files/19N0673_d.JPG,aafbec96b97f8e465b7652d3ef30044e
19970.JPG,https://zenodo.org/record/4288311/files/19N0674_d.JPG,19a0ddc88e041cf8cc891ec602db231b
19972.JPG,https://zenodo.org/record/4288311/files/19N0680_d.JPG,56a8127b1e27392b09e4ced4f67f3e6b
19974.JPG,https://zenodo.org/record/4288311/files/19N0682_d.JPG,a99a2a5be40756642c2022c6cdf1a27e
19976.JPG,https://zenodo.org/record/4288311/files/19N0683_d.JPG,adfd688c84da1c979e3799122a0323f2
19980.JPG,https://zenodo.org/record/4288311/files/19N0685_d.JPG,65f963dfb3d1cfe53dbdfad59dc9599b
19982.JPG,https://zenodo.org/record/4288311/files/19N0690_d.JPG,0cefa2b1782916c44099f8fea6c26b5a
19984.JPG,https://zenodo.org/record/4288311/files/19N0691_d.JPG,d9e0ba08c30b9b1128e5078b0bcc971b
19988.JPG,https://zenodo.org/record/4288311/files/19N0694_d.JPG,473dd66da9b0d3a383e96143108f15df
19990.JPG,https://zenodo.org/record/4288311/files/19N0695_d.JPG,c682222279fcbd8eceb467845ec1fb22
19992.JPG,https://zenodo.org/record/4288311/files/19N0698_d.JPG,0dfe627c9ded566fe2c97b984b2505a1
19994.JPG,https://zenodo.org/record/4288311/files/19N0699_d.JPG,22cf15075aba8b34c566b659c90b643c
19996.JPG,https://zenodo.org/record/4288311/files/19N0700_d.JPG,b832328b315f79c8e04226540c5ee234
19998.JPG,https://zenodo.org/record/4288311/files/19N0702_d.JPG,f1e671fb336ec3c333c0dcd3d15f3806
20000.JPG,https://zenodo.org/record/4288311/files/19N0708_d.JPG,1565f9230e69ce719dd06e419bde79a7
20002.JPG,https://zenodo.org/record/4288311/files/19N0712_d.JPG,a31fcd5553705fa4183bb411b5ed2919
20004.JPG,https://zenodo.org/record/4288311/files/19N0713_d.JPG,4db639789c98622801089e7f92dee5fb
20008.JPG,https://zenodo.org/record/4288311/files/19N0715_d.JPG,f28ff395172f52e0a1f4f3084c573d47
20012.JPG,https://zenodo.org/record/4288311/files/19N0727_d.JPG,fea495abdd89729e1b0506f278a7d408
20014.JPG,https://zenodo.org/record/4288311/files/19N0737_d.JPG,5c0fa2b0612e0a80274c87886a6ae82c
20016.JPG,https://zenodo.org/record/4288311/files/19N0738_d.JPG,76574316d1f61d7af42727ffcc2cc561
20018.JPG,https://zenodo.org/record/4288311/files/19N0739_d.JPG,3721449805bc6dc05cdf24bd741e3ba6
20020.JPG,https://zenodo.org/record/4288311/files/19N0745_d.JPG,0a0b9d4980883043f364504111bf7617
20022.JPG,https://zenodo.org/record/4288311/files/19N0746_d.JPG,76b2bcd65dc74fa29fcfd71b27370f2e
20024.JPG,https://zenodo.org/record/4288311/files/19N0759_d.JPG,c51ae0ab6587ce7de1c17530237ce199
20026.JPG,https://zenodo.org/record/4288311/files/19N0775_d.JPG,cd80bc246dacee66b2d79793ec5e849b
20030.JPG,https://zenodo.org/record/4288311/files/19N0788_d.JPG,7e617d4376f4e30008afd941b1903aa5
20032.JPG,https://zenodo.org/record/4288311/files/19N0807_d.JPG,0137489530918e23679a19e38a86c701
20034.JPG,https://zenodo.org/record/4288311/files/19N0809_d.JPG,8472fe5033d80350a7bcdb0ada40ff5f
20036.JPG,https://zenodo.org/record/4288311/files/19N0810_d.JPG,7bfbe8e97cad43ccafdf4f61eccbca67
20038.JPG,https://zenodo.org/record/4288311/files/19N0811_d.JPG,b9bb3eec0faf4809b629d13c027f4e3a
20040.JPG,https://zenodo.org/record/4288311/files/19N0812_d.JPG,8ffa6867cf6ef35c4e2d5c4ee0d2ea69
20042.JPG,https://zenodo.org/record/4288311/files/19N0813_d.JPG,9c07a1c200adb06b9baef2606b4db7a9
20044.JPG,https://zenodo.org/record/4288311/files/19N0814_d.JPG,50960d14f53f7eae77de6aa47b93358e
20046.JPG,https://zenodo.org/record/4288311/files/19N0815_d.JPG,7c87ed89fb18c97ebbe3c76286ad2410
20048.JPG,https://zenodo.org/record/4288311/files/19N0833_d.JPG,672bbe44d53c77422202dee5e4580b6a
20050.JPG,https://zenodo.org/record/4288311/files/19N0834_d.JPG,61db2a4aa6363d6a1ebce34a2b757a4a
20052.JPG,https://zenodo.org/record/4288311/files/19N0835_d.JPG,11295cca5829c1d9d98701c674cf4454
20054.JPG,https://zenodo.org/record/4288311/files/19N0836_d.JPG,94a55c85a1af187e9d8e983b4e826ed0
20056.JPG,https://zenodo.org/record/4288311/files/19N0837_d.JPG,01fc00aa8ba143735934d115e8ca016a
20058.JPG,https://zenodo.org/record/4288311/files/19N0847_d.JPG,7761d0751a72b739941a84848ca15289
20060.JPG,https://zenodo.org/record/4288311/files/19N0860_d.JPG,00148c522a2c417ddbf23aa73063ff97
20062.JPG,https://zenodo.org/record/4288311/files/19N0861_d.JPG,d5548425b810d254a51baf9027a0b787
20064.JPG,https://zenodo.org/record/4288311/files/19N0862_d.JPG,9ae268310f0b9d72a2c1e881d8c42d8b
20066.JPG,https://zenodo.org/record/4288311/files/19N0863_d.JPG,faaea49b0be8af2417a209bf2d7b4717
20068.JPG,https://zenodo.org/record/4288311/files/19N0864_d.JPG,3c13e0a23f2b50144c5546cc3a878e2e
20070.JPG,https://zenodo.org/record/4288311/files/19N0865_d.JPG,55f0fa9b4a861c123c23a0f948f8d16a
20072.JPG,https://zenodo.org/record/4288311/files/19N0866_d.JPG,7032850f1db284513d71d2e00549936a
20074.JPG,https://zenodo.org/record/4288311/files/19N0867_d.JPG,a630a2ab78923a7187df26ea3771730a
20076.JPG,https://zenodo.org/record/4288311/files/19N0868_d.JPG,78b22423c2d3fb4c3f2ea20daf2cfdff
20078.JPG,https://zenodo.org/record/4288311/files/19N0869_d.JPG,7824f659dca62fe348ba8badcc57e969
20080.JPG,https://zenodo.org/record/4288311/files/19N0870_d.JPG,20d44492ad94aa2938f96079c6199106
20082.JPG,https://zenodo.org/record/4288311/files/19N0871_d.JPG,b884cdafa56f558a3b50edc7968a297b
20086.JPG,https://zenodo.org/record/4288311/files/19N0887_d.JPG,db5ddea846082c10f80773e3197ca406
20088.JPG,https://zenodo.org/record/4288311/files/19N0888_d.JPG,f933e0a2a0540d65e0e7a63850ee638c
20090.JPG,https://zenodo.org/record/4288311/files/19N0897_d.JPG,499e484c6437f6b966b0f96618dda8ed
20092.JPG,https://zenodo.org/record/4288311/files/19N0898_d.JPG,d69770093e2104a90d98832a17c3d034
20094.JPG,https://zenodo.org/record/4288311/files/19N0899_d.JPG,ec96d9fc0d4d509d110d7d272f9e0f45
20096.JPG,https://zenodo.org/record/4288311/files/19N0900_d.JPG,eed365be0c713324ee69a3f8c4844c21
20098.JPG,https://zenodo.org/record/4288311/files/19N0901_d.JPG,ef9c4a1a45703715461710fcb6d37767
20102.JPG,https://zenodo.org/record/4288311/files/19N0919_d.JPG,f265d2697c947294a3b29d74e8318c87
20106.JPG,https://zenodo.org/record/4288311/files/19N0935_d.JPG,bf6c6eff497df71e46509b7bb0ac01a0
20108.JPG,https://zenodo.org/record/4288311/files/19N0936_d.JPG,d9a57a9025e09db3bdd7f0a12d5bc977
20112.JPG,https://zenodo.org/record/4288311/files/19N0946_d.JPG,48c20895d444b3f3ba032c75c61aaf12
20114.JPG,https://zenodo.org/record/4288311/files/19N0947_d.JPG,a71239cdc717c76729386ded8ecc9c51
20116.JPG,https://zenodo.org/record/4288311/files/19N0948_d.JPG,61a185eeecc85d4c2fa7ae0d38181627
20118.JPG,https://zenodo.org/record/4288311/files/19N0953_d.JPG,70d0732d6b149f2c312078fdf13660d4
20120.JPG,https://zenodo.org/record/4288311/files/19N0954_d.JPG,408b4471d51cc4b4b2f1823a82595a15
20122.JPG,https://zenodo.org/record/4288311/files/19N0955_d.JPG,2e3a9e574a7fcda90b955fa2ebafb119
20124.JPG,https://zenodo.org/record/4288311/files/19N0956_d.JPG,04d29ecaf95358d5a5b1f1d47cb74fc9
20126.JPG,https://zenodo.org/record/4288311/files/19N0957_d.JPG,169598a74417a370604dfd752614a335
20128.JPG,https://zenodo.org/record/4288311/files/19N0958_d.JPG,f9493bc91ec06f215c7a208080966c3c
20131.JPG,https://zenodo.org/record/4288311/files/19N0966_d.JPG,eec052ae0a153dd3fd65ca6f796386de
20133.JPG,https://zenodo.org/record/4288311/files/19N0980_d.JPG,9062640c06d969216096f43ee7026e93
20135.JPG,https://zenodo.org/record/4288311/files/19N0981_d.JPG,f75e3bcd92dccd36c9a283b4f769ef1d
20137.JPG,https://zenodo.org/record/4288311/files/19N0982_d.JPG,8541e476e4ee50d7c0ca357f3dfa1346
20139.JPG,https://zenodo.org/record/4288311/files/19N0983_d.JPG,d9873040f87e4f8cf918637cb32c3c35
20141.JPG,https://zenodo.org/record/4288311/files/19N0984_d.JPG,30b06e7f5d24d31e75ea340b7b86d308
20143.JPG,https://zenodo.org/record/4288311/files/19N1000_d.JPG,162c53c292034e36f1830198b35866d5
20145.JPG,https://zenodo.org/record/4288311/files/19N1001_d.JPG,0caacc0d7e4bc66f9a79c7ace4ed88a4
20147.JPG,https://zenodo.org/record/4288311/files/19N1002_d.JPG,89aa33a11277b19ec7d0a40defacc416
20151.JPG,https://zenodo.org/record/4288311/files/19N1018_d.JPG,aed79fb4c15ec29d431b2d78395531a1
20153.JPG,https://zenodo.org/record/4288311/files/19N1019_d.JPG,cd9994f94bc4a994e9d70df6961bc578
20155.JPG,https://zenodo.org/record/4288311/files/19N1020_d.JPG,dc85a974831e481a9f578e536a976c08
20157.JPG,https://zenodo.org/record/4288311/files/19N1033_d.JPG,880d1b474b958a20c9329654db694a05
20159.JPG,https://zenodo.org/record/4288311/files/19N1034_d.JPG,c65e834f33de979eb1a35195598f99e1
20162.JPG,https://zenodo.org/record/4288311/files/19N1035_d.JPG,4e3e61b4b35bd5d2c72226fa7f6a480d
20164.JPG,https://zenodo.org/record/4288311/files/19N1036_d.JPG,a39928a5aa5b884e54003e00118e61d1
20166.JPG,https://zenodo.org/record/4288311/files/19N1037_d.JPG,2efe2aeabc3de8e7097b02ddd9a171b2
20168.JPG,https://zenodo.org/record/4288311/files/19N1062_d.JPG,14b8f4a38cbe18ed72f944ccb1b7e9ff
20170.JPG,https://zenodo.org/record/4288311/files/19N1063_d.JPG,fa40370f0a4b3369020305513871729b
20172.JPG,https://zenodo.org/record/4288311/files/19N1064_d.JPG,014a27fc66286d24e9b315de0c28f7a7
20174.JPG,https://zenodo.org/record/4288311/files/19N1065_d.JPG,078c99839c699f7f8b376d499a0f94ec
20176.JPG,https://zenodo.org/record/4288311/files/19N1066_d.JPG,e749c7203bbe7c2e29bc3600d9ace2cc
20178.JPG,https://zenodo.org/record/4288311/files/19N1094_d.JPG,1819f18432c6608e5e4bdbffe16dd56f
20180.JPG,https://zenodo.org/record/4288311/files/19N1095_d.JPG,34758af711b7c6710022ba02b83a73b3
20182.JPG,https://zenodo.org/record/4288311/files/19N1096_d.JPG,54e8de4f0575c6ab977e4a40a7e574cd
20184.JPG,https://zenodo.org/record/4288311/files/19N1109_d.JPG,2cb7c28439944ed27300700f8d060117
20186.JPG,https://zenodo.org/record/4288311/files/19N1110_d.JPG,2aaddc25c9cd7f1d27555ed847ab3660
20188.JPG,https://zenodo.org/record/4288311/files/19N1111_d.JPG,cc4a533acd07d46d1cdbb001a2137edd
20190.JPG,https://zenodo.org/record/4288311/files/19N1112_d.JPG,8d356d46e5ee5f64fd54a950bc9cb6f6
20194.JPG,https://zenodo.org/record/4288311/files/19N1122_d.JPG,584146e9ede3acbb917a73489c5c340b
20196.JPG,https://zenodo.org/record/4288311/files/19N1123_d.JPG,69b7b3821e22d09266bd3aefcaa692c8
20198.JPG,https://zenodo.org/record/4288311/files/19N1124_d.JPG,3b5460290089eac36ac1b428d39947cd
20200.JPG,https://zenodo.org/record/4288311/files/19N1134_d.JPG,7a20154f911d6a1b99db36008aaac070
20202.JPG,https://zenodo.org/record/4288311/files/19N1157_d.JPG,b11cd092489d216d29a787804e11b09c
20204.JPG,https://zenodo.org/record/4288311/files/19N1158_d.JPG,ca9e42b98eb0f9ea100da3858c9861fb
20206.JPG,https://zenodo.org/record/4288311/files/19N1159_d.JPG,daf54869fdc680e22a2820f7a5b85f2e
20208.JPG,https://zenodo.org/record/4288311/files/19N1169_d.JPG,99099bf22062db866d3aec281440c069
20210.JPG,https://zenodo.org/record/4288311/files/19N1170_d.JPG,2a8ce9c5a6d79e2e98d08b66e98dee65
20213.JPG,https://zenodo.org/record/4288311/files/19N1179_d.JPG,cc725c9b5258852a060f2e0f6571adc7
20217.JPG,https://zenodo.org/record/4288311/files/19N1181_d.JPG,d98fa134f59306eec806cd4fdc44fe73
20219.JPG,https://zenodo.org/record/4288311/files/19N1188_d.JPG,aa76ceb3a651945ec9bc7020d6c6ec19
20221.JPG,https://zenodo.org/record/4288311/files/19N1194_d.JPG,1c4e451e67007a6e95a812b32a38f331
20223.JPG,https://zenodo.org/record/4288311/files/19N1195_d.JPG,f61df8b9b8ffd3917bd95549c92c512a
20225.JPG,https://zenodo.org/record/4288311/files/19N1196_d.JPG,1ca29b2da62ef998492609b797a28d62
20227.JPG,https://zenodo.org/record/4288311/files/19N1210_d.JPG,52542021f4b763fe2c80c0ee2464ee73
20229.JPG,https://zenodo.org/record/4288311/files/19N1211_d.JPG,677a24723ead19c1885db4c7ad5f20ab
20231.JPG,https://zenodo.org/record/4288311/files/19N1212_d.JPG,b40c5b9b1a35655cd956a1c291cf19bd
20233.JPG,https://zenodo.org/record/4288311/files/19N1213_d.JPG,72e623c74c2d4aac419cffb784c0a74e
20235.JPG,https://zenodo.org/record/4288311/files/19N1223_d.JPG,af0fa071e700618e450d0734810ac2bd
20237.JPG,https://zenodo.org/record/4288311/files/19N1224_d.JPG,dd7e65af3a7d72159a16157b45e788f8
20241.JPG,https://zenodo.org/record/4288311/files/19N1234_d.JPG,4255748f0ca2ee5f62f9f786c77e70fc
20243.JPG,https://zenodo.org/record/4288311/files/19N1235_d.JPG,2944fba62e508117b63356a9ab38bdb1
20245.JPG,https://zenodo.org/record/4288311/files/19N1236_d.JPG,a8777f230d70a70614df72db53318863
20247.JPG,https://zenodo.org/record/4288311/files/19N1237_d.JPG,8fdf2461d16b067cbd7726c574ab2fdf
20251.JPG,https://zenodo.org/record/4288311/files/19N1246_d.JPG,7d42ab7bb145a0d08809016975a7574e
20253.JPG,https://zenodo.org/record/4288311/files/19N1251_d.JPG,cf3b424173bbfdadd2ba627fc9c6ae01
20255.JPG,https://zenodo.org/record/4288311/files/19N1260_d.JPG,f7e19c8dc13a405ca0c2ace5166bc13c
20257.JPG,https://zenodo.org/record/4288311/files/19N1268_d.JPG,8be805933d78e692272fa85028027446
20259.JPG,https://zenodo.org/record/4288311/files/19N1269_d.JPG,796a36d5d177464f55d8bbffb82a4dcf
20261.JPG,https://zenodo.org/record/4288311/files/19N1278_d.JPG,c35a7bc692852be94dd191d325b9ab03
20263.JPG,https://zenodo.org/record/4288311/files/19N1293_d.JPG,3f652a534e037fe672ef6557b740a685
20265.JPG,https://zenodo.org/record/4288311/files/19N1298_d.JPG,2563c5359087ac3cc97813910e18ad10
20267.JPG,https://zenodo.org/record/4288311/files/19N1299_d.JPG,1d106764d02aa1adbf80d1b1213b4b11
20269.JPG,https://zenodo.org/record/4288311/files/19N1312_d.JPG,5a2917085fdff0ad7c8c623311554277
20271.JPG,https://zenodo.org/record/4288311/files/19N1316_d.JPG,ebe89489f375a7c9a98d99da08a4f011
20273.JPG,https://zenodo.org/record/4288311/files/19N1317_d.JPG,f1055b4f6c69ef7f8e4297cd544e88be
20275.JPG,https://zenodo.org/record/4288311/files/19N1318_d.JPG,c31486050785c14721c22fc93ce1b826
20279.JPG,https://zenodo.org/record/4288311/files/19N1332_d.JPG,ebd8dce58eff4559e715c0a2a27f6b16
20281.JPG,https://zenodo.org/record/4288311/files/19N1333_d.JPG,36a7791cf4d79dd8ca6025ed0e3970f2
20283.JPG,https://zenodo.org/record/4288311/files/19N1334_d.JPG,063201b2734c4693c5fe6d788fdb07cb
20285.JPG,https://zenodo.org/record/4288311/files/19N1347_d.JPG,03462ea494204411a1f275358dbeb63b
20287.JPG,https://zenodo.org/record/4288311/files/19N1348_d.JPG,bf2b319093b437619a5af7a0021c9e1b
20289.JPG,https://zenodo.org/record/4288311/files/19N1349_d.JPG,91955a2eeec36bbb7508b1c57f0ffd3d
20291.JPG,https://zenodo.org/record/4288311/files/19N1350_d.JPG,032bfa5953c0ec437336e2315d04332c
20295.JPG,https://zenodo.org/record/4288311/files/19N1361_d.JPG,c21366a6d1767e5321335e1e92f03dac
20297.JPG,https://zenodo.org/record/4288311/files/19N1362_d.JPG,ad7b6e98cb6a55d0b60776c40a48a657
20299.JPG,https://zenodo.org/record/4288311/files/19N1363_d.JPG,de2f70ede04aee6d96318d8d4714e6c9
20301.JPG,https://zenodo.org/record/4288311/files/19N1367_d.JPG,40ce720b457506ca5b3c67e6a2f6c2bc
20303.JPG,https://zenodo.org/record/4288311/files/19N1368_d.JPG,1764a46f6ec0d6880ca3ab2511fc6f20
20305.JPG,https://zenodo.org/record/4288311/files/19N1373_d.JPG,eb14d11857fab2e8da1560049802aae8
20307.JPG,https://zenodo.org/record/4288311/files/19N1376_d.JPG,c4d00c0242cc93f5b31ff5a9048d455a
20309.JPG,https://zenodo.org/record/4288311/files/19N1377_d.JPG,7067b6874a05085ecb941b846a0447e8
20311.JPG,https://zenodo.org/record/4288311/files/19N1378_d.JPG,43d0a633a18490c09ba9112b2fb36349
20313.JPG,https://zenodo.org/record/4288311/files/19N1379_d.JPG,aa8f2353cfd1306a00c08317a372520c
20315.JPG,https://zenodo.org/record/4288311/files/19N1380_d.JPG,3c350903a5b30b04dd6b7eedaf4716a6
20317.JPG,https://zenodo.org/record/4288311/files/19N1381_d.JPG,ab8941291122cf10849eed857a6854e0
20319.JPG,https://zenodo.org/record/4288311/files/19N1382_d.JPG,c899a16d647dbf841263af093188f358
20321.JPG,https://zenodo.org/record/4288311/files/19N1383_d.JPG,41aa397641f76aa1a386904c545f25f8
20323.JPG,https://zenodo.org/record/4288311/files/19N1387_d.JPG,364f78f7e2b366ae06af17ef5fbc58d9
20325.JPG,https://zenodo.org/record/4288311/files/19N1388_d.JPG,1a3d0b6444019c15e9e837ba30668b5e
20327.JPG,https://zenodo.org/record/4288311/files/19N1389_d.JPG,bfcf7efb6ead56983fb49e9d40bf0b15
20329.JPG,https://zenodo.org/record/4288311/files/19N1392_d.JPG,bfa025c4957364aea1e88cbcee1ea080
20331.JPG,https://zenodo.org/record/4288311/files/19N1393_d.JPG,c789270440fb5f1a914277b1e3b6c33d
20333.JPG,https://zenodo.org/record/4288311/files/19N1394_d.JPG,73681daf7adcd20c3054fb74dc13303d
20335.JPG,https://zenodo.org/record/4288311/files/19N1395_d.JPG,49b7e3c851c83b5b4ebc22f83338ed4d
20337.JPG,https://zenodo.org/record/4288311/files/19N1397_d.JPG,64b2ad281ccb6e783015b4432d93e091
20339.JPG,https://zenodo.org/record/4288311/files/19N1398_d.JPG,beaa0bb6f37ab7be2901ad1750b6845c
20341.JPG,https://zenodo.org/record/4288311/files/19N1399_d.JPG,6d773fb5bd67e01abd28a514d84be4b3
20343.JPG,https://zenodo.org/record/4288311/files/19N1413_d.JPG,6726b1e8a4376b262782741af25c10f0
20345.JPG,https://zenodo.org/record/4288311/files/19N1418_d.JPG,5bdc7de96c57d040ddad6e46fc607492
20347.JPG,https://zenodo.org/record/4288311/files/19N1419_d.JPG,c65ee33e1e1b19c3baeba5009bbe996b
20349.JPG,https://zenodo.org/record/4288311/files/19N1420_d.JPG,b4b8c4731088b80714a785163263e15c
20351.JPG,https://zenodo.org/record/4288311/files/19N1421_d.JPG,fff3802049dcfcd8e98411b771d14659
20353.JPG,https://zenodo.org/record/4288311/files/19N1422_d.JPG,e02a4b6d4de103750d544dcb15aff9ac
20357.JPG,https://zenodo.org/record/4288311/files/19N1426_d.JPG,b12e457bbc056494daa661c43fe7b8fe
20359.JPG,https://zenodo.org/record/4288311/files/19N1430_d.JPG,3b58ff75e0e2405744c1263783e6fe96
20361.JPG,https://zenodo.org/record/4288311/files/19N1431_d.JPG,71fc0ae3213ac5cb815284dd252304ae
20363.JPG,https://zenodo.org/record/4288311/files/19N1432_d.JPG,dd69b8a555ef469b7c671ac278c129a2
20369.JPG,https://zenodo.org/record/4288311/files/19N1445_d.JPG,bb8e5d87d1fde289f223b9b0512e6ec6
20371.JPG,https://zenodo.org/record/4288311/files/19N1446_d.JPG,d1a1d0db4eb9588463dd3225a6bb98c1
20375.JPG,https://zenodo.org/record/4288311/files/19N1457_d.JPG,6cb9e6d00ca2ea7dabecc811b8a7cca0
20377.JPG,https://zenodo.org/record/4288311/files/19N1458_d.JPG,d345e11a5fc772312c1bcc62e827e09e
20379.JPG,https://zenodo.org/record/4288311/files/19N1467_d.JPG,c7b821c4d38c6c9db4a5b12faea6c64b
20381.JPG,https://zenodo.org/record/4288311/files/19N1471_d.JPG,9ce25c3c1084e01816bc71cdfa40b556
20385.JPG,https://zenodo.org/record/4288311/files/19N1488_d.JPG,942059f7b3ec2c7dea1bd9355ce9fd35
20389.JPG,https://zenodo.org/record/4288311/files/19N1536_d.JPG,2e690ca7714b3c0e099c2f1bd533d421
20806.CR2,https://zenodo.org/record/4288311/files/19N1590_d.CR2,99f8385a4fb6a48e0aac75eb9b951c11
20807.JPG,https://zenodo.org/record/4288311/files/19N1590_d.JPG,e1aa10eca686ae88d57f89959a56ef1e
20810.CR2,https://zenodo.org/record/4288311/files/19N1591_d.CR2,a6e59fea834032ad973e2f09a1b377dc
20811.JPG,https://zenodo.org/record/4288311/files/19N1591_d.JPG,e3c8301862e0ed45909e2617a13568d5
20814.CR2,https://zenodo.org/record/4288311/files/19N1592_d.CR2,e6a6a1bee47e444b715aec5afda931b6
20815.JPG,https://zenodo.org/record/4288311/files/19N1592_d.JPG,f2ac50f618456b91e485a321cd731bd5
20818.CR2,https://zenodo.org/record/4288311/files/19N1593_d.CR2,dc40b4b207f818cb408dda3fe86e7e46
20819.JPG,https://zenodo.org/record/4288311/files/19N1593_d.JPG,89f1ac9ab068be8d81bbe0cef8604d0a
20822.CR2,https://zenodo.org/record/4288311/files/19N1633_d.CR2,4e20afc6a6ca644aa69b3bbbfd45c415
20823.JPG,https://zenodo.org/record/4288311/files/19N1633_d.JPG,5629a9cc672bcb77dd98150d2f30e094
20830.CR2,https://zenodo.org/record/4288311/files/19N1645_d.CR2,d74fec106b518a6e97cd0c81c5023940
20831.JPG,https://zenodo.org/record/4288311/files/19N1645_d.JPG,2fc0802e7b34f259777d5ab2e2f2a899
20834.CR2,https://zenodo.org/record/4288311/files/19N1646_d.CR2,43ef0bd2d0803e06dcba8248811a004e
20835.JPG,https://zenodo.org/record/4288311/files/19N1646_d.JPG,2d8e2865577208b6acc9ac56bdc254b5
20838.CR2,https://zenodo.org/record/4288311/files/19N1647_d.CR2,ce8e96bf749d5f8bce2d75504b780b1e
20839.JPG,https://zenodo.org/record/4288311/files/19N1647_d.JPG,87b8ee455993eea2823ebbad3d6302eb
20846.CR2,https://zenodo.org/record/4288311/files/19N1667_d.CR2,bea0de8a19662f6eaa46fda76ef6b000
20847.JPG,https://zenodo.org/record/4288311/files/19N1667_d.JPG,d7354b695e2bd5dec815755c987cbdd7
20850.CR2,https://zenodo.org/record/4288311/files/19N1668_d.CR2,44fda557948e38255d25bd1e725da58a
20851.JPG,https://zenodo.org/record/4288311/files/19N1668_d.JPG,5903ccdadc023480db406fe2808d7eec
20854.CR2,https://zenodo.org/record/4288311/files/19N1669_d.CR2,b7827b9fe4c429dbcd8b6000a0948120
20855.JPG,https://zenodo.org/record/4288311/files/19N1669_d.JPG,d0a3cf177e7150df19b68b762908a904
20858.CR2,https://zenodo.org/record/4288311/files/19N1670_d.CR2,62719fb234f2f8b6ba0528520affae3d
20859.JPG,https://zenodo.org/record/4288311/files/19N1670_d.JPG,3f8e07ab277d34975eaf49cdbaec0178
20866.CR2,https://zenodo.org/record/4288311/files/19N1693_d.CR2,afd903a8c5689510abe1b493d7b897c7
20867.JPG,https://zenodo.org/record/4288311/files/19N1693_d.JPG,a15343422d9a60193a910754d743aa3b
20870.CR2,https://zenodo.org/record/4288311/files/19N1694_d.CR2,bed302996e002d9470a8f419aec8d804
20871.JPG,https://zenodo.org/record/4288311/files/19N1694_d.JPG,7b4c64555432ff1010486088eef25b03
20874.CR2,https://zenodo.org/record/4288311/files/19N1695_d.CR2,cae91c386b229aaf968fd7fcbe59df70
20875.JPG,https://zenodo.org/record/4288311/files/19N1695_d.JPG,7a180c4cc4d518bb9623a6fa0ab18e3b
20878.CR2,https://zenodo.org/record/4288311/files/19N1696_d.CR2,c6c7e0dc37ca15eebcc3e83e1c830691
20879.JPG,https://zenodo.org/record/4288311/files/19N1696_d.JPG,e11dee06d7a13bf497da47f9d7e9f273
20882.CR2,https://zenodo.org/record/4288311/files/19N1697_d.CR2,ce2c7f3d2cda224e61fa21ad488d98c5
20883.JPG,https://zenodo.org/record/4288311/files/19N1697_d.JPG,97bdb0179f2a49d5770e3fe7ba780070
20886.CR2,https://zenodo.org/record/4288311/files/19N1698_d.CR2,3b0f9360eb0d0eced9d2e68012d99673
20887.JPG,https://zenodo.org/record/4288311/files/19N1698_d.JPG,d6710a160aaaf8dec67b19b63d26f8a7
20890.CR2,https://zenodo.org/record/4288311/files/19N1699_d.CR2,6356848ddd7f550a6c45da3e68419d1a
20891.JPG,https://zenodo.org/record/4288311/files/19N1699_d.JPG,a67ed3787e459c939650f425f0877f9f
20894.CR2,https://zenodo.org/record/4288311/files/19N1700_d.CR2,c8692d2ab0577051145af9902637acbd
20895.JPG,https://zenodo.org/record/4288311/files/19N1700_d.JPG,43bbeb33b00c916f15499d7237711cab
20898.CR2,https://zenodo.org/record/4288311/files/19N1714_d.CR2,4756c7430273efabcb77ab2e85507b42
20899.JPG,https://zenodo.org/record/4288311/files/19N1714_d.JPG,97653c268a4a061558dfc26db5852998
20902.CR2,https://zenodo.org/record/4288311/files/19N1715_d.CR2,c2397296d9a01a24e56ec7ed31b34de2
20903.JPG,https://zenodo.org/record/4288311/files/19N1715_d.JPG,3cfc252f7fb5e2bcd6076862b23c5e37
20906.CR2,https://zenodo.org/record/4288311/files/19N1716_d.CR2,641acfe883eb90a68c79869a36604c9b
20907.JPG,https://zenodo.org/record/4288311/files/19N1716_d.JPG,1da939ce2ab31e290fd6ec834bec539d
20910.CR2,https://zenodo.org/record/4288311/files/19N1717_d.CR2,099f7f1aa76ff3b083c90b0a8a42e766
20911.JPG,https://zenodo.org/record/4288311/files/19N1717_d.JPG,13299fdcd21fd7b04fb6d9a8c979f849
20914.CR2,https://zenodo.org/record/4288311/files/19N1724_d.CR2,c62f05efe793d79b3fad512e324f9d36
20915.JPG,https://zenodo.org/record/4288311/files/19N1724_d.JPG,a68a6c71a234064606b64a7f750cc1b9
20918.CR2,https://zenodo.org/record/4288311/files/19N1725_d.CR2,38189d34048404746413934866229470
20919.JPG,https://zenodo.org/record/4288311/files/19N1725_d.JPG,da1b1e10b520c123cb88b1b75dc3bb85
20922.CR2,https://zenodo.org/record/4288311/files/19N1726_d.CR2,c934f4d932961d7245ed11c7b7f7b4a8
20923.JPG,https://zenodo.org/record/4288311/files/19N1726_d.JPG,e3532bb5473a5f4b85ea1860a8d23d3b
20926.CR2,https://zenodo.org/record/4288311/files/19N1727_d.CR2,c194ad414b5daad6a2604d5421c77a56
20927.JPG,https://zenodo.org/record/4288311/files/19N1727_d.JPG,342c5972ee3a9cb5492f1c982001468b
20930.CR2,https://zenodo.org/record/4288311/files/19N1728_d.CR2,996b5b07de5564f6197cd40faf32afd9
20931.JPG,https://zenodo.org/record/4288311/files/19N1728_d.JPG,063821981a56ce25755f1b4556434167
20934.CR2,https://zenodo.org/record/4288311/files/19N1735_d.CR2,2e1ad7302730fe9a65a0c8ba1dacf9db
20935.JPG,https://zenodo.org/record/4288311/files/19N1735_d.JPG,07f2a5980478e70bc18a8473fa40293c
20938.CR2,https://zenodo.org/record/4288311/files/19N1736_d.CR2,c81f39ef516105614a191e3e5a23c8d1
20939.JPG,https://zenodo.org/record/4288311/files/19N1736_d.JPG,c542fd134041d5309aaeb3224c96e54c
20942.CR2,https://zenodo.org/record/4288311/files/19N1743_d.CR2,4b52a0fb1c5616430bb631c27468e11f
20943.JPG,https://zenodo.org/record/4288311/files/19N1743_d.JPG,3d5a514dcf7d518d4dd218fe9653a3ef
20946.CR2,https://zenodo.org/record/4288311/files/19N1744_d.CR2,4d0249279e05f6cb55810a430fb79674
20947.JPG,https://zenodo.org/record/4288311/files/19N1744_d.JPG,c3dd4fd7094af6b30eb4d586992c72e4
20950.CR2,https://zenodo.org/record/4288311/files/19N1745_d.CR2,37b142667db92224cbf3fabcd30f8f9f
20951.JPG,https://zenodo.org/record/4288311/files/19N1745_d.JPG,7bb27c3397ce8cfd472f3110b29624ef
20954.CR2,https://zenodo.org/record/4288311/files/19N1746_d.CR2,81bf2d7f72736735c5e5a37167d1cf3b
20955.JPG,https://zenodo.org/record/4288311/files/19N1746_d.JPG,1206a68138ac32542d60b0e2afcc477b
20958.CR2,https://zenodo.org/record/4288311/files/19N1752_d.CR2,29a89d1f64030a8a95a3092ae18454bb
20959.JPG,https://zenodo.org/record/4288311/files/19N1752_d.JPG,df78d998a926a1a82bd7b53950ca94b1
20962.CR2,https://zenodo.org/record/4288311/files/19N1753_d.CR2,6fc6e5a780033cf3405095f775643892
20963.JPG,https://zenodo.org/record/4288311/files/19N1753_d.JPG,f1f502e8610e8d47052ed1b862993734
20966.CR2,https://zenodo.org/record/4288311/files/19N1754_d.CR2,f83d34e2252b6bf22cddee8857eef039
20967.JPG,https://zenodo.org/record/4288311/files/19N1754_d.JPG,2fa159b58c1bc690f13f1d54b0653d0b
20970.CR2,https://zenodo.org/record/4288311/files/19N1761_d.CR2,e1318c469bcae95a9362439f5860fd42
20971.JPG,https://zenodo.org/record/4288311/files/19N1761_d.JPG,6f34a293771b23d4df6636bf71f886dd
20974.CR2,https://zenodo.org/record/4288311/files/19N1762_d.CR2,ad32a2bbde4e2b74b922e28cae91fd97
20975.JPG,https://zenodo.org/record/4288311/files/19N1762_d.JPG,0b898b28c60a76df0a8ecf65113f8efe
20978.CR2,https://zenodo.org/record/4288311/files/19N1763_d.CR2,7408193859317ebbd13f3c8540c1aa4d
20979.JPG,https://zenodo.org/record/4288311/files/19N1763_d.JPG,58de799886e90c2a0a8f3c28f859f492
20986.CR2,https://zenodo.org/record/4288311/files/19N1768_d.CR2,43c63ebd934a280bcd1e8a3b4fab47f1
20987.JPG,https://zenodo.org/record/4288311/files/19N1768_d.JPG,763d55dcefc6c94390dc621333dcd68b
20990.CR2,https://zenodo.org/record/4288311/files/19N1769_d.CR2,cc692d73ddb1224c67ee35de08bde663
20991.JPG,https://zenodo.org/record/4288311/files/19N1769_d.JPG,b11b395cd242f0f925d2b8f6574444d6
20994.CR2,https://zenodo.org/record/4288311/files/19N1770_d.CR2,3f3551f7e3e074180439301b5c76d481
20995.JPG,https://zenodo.org/record/4288311/files/19N1770_d.JPG,f4143f0960db73f97ceac6b4b433ace8
20998.CR2,https://zenodo.org/record/4288311/files/19N1771_d.CR2,eeba7cfff02011b990c2cde0cd71686e
20999.JPG,https://zenodo.org/record/4288311/files/19N1771_d.JPG,5cdfe7f7a99b677126341ec726fe7d4c
21002.CR2,https://zenodo.org/record/4288311/files/19N1777_d.CR2,1587b963dc3d3e505539322feeafc4d0
21003.JPG,https://zenodo.org/record/4288311/files/19N1777_d.JPG,05f6a8a86a125722928a6278f58be932
21006.CR2,https://zenodo.org/record/4288311/files/19N1778_d.CR2,2de239d1c5cdc849cf407464e2653647
21007.JPG,https://zenodo.org/record/4288311/files/19N1778_d.JPG,1d1e2c99c5fed2d9aa4e4b517b75fd8e
21010.CR2,https://zenodo.org/record/4288311/files/19N1779_d.CR2,c5ae4f694eb1559a88825a928a7e487c
21011.JPG,https://zenodo.org/record/4288311/files/19N1779_d.JPG,da517986dd6c0e9edbc8dc148d3204e8
21014.CR2,https://zenodo.org/record/4288311/files/19N1780_d.CR2,a69697e7fef7af20b56a0803f0247464
21015.JPG,https://zenodo.org/record/4288311/files/19N1780_d.JPG,2647cf4d5f2e005cb8fe7933b1213c9f
21018.CR2,https://zenodo.org/record/4288311/files/19N1781_d.CR2,efdd3955a56f8cf02b1b5f415b456a10
21019.JPG,https://zenodo.org/record/4288311/files/19N1781_d.JPG,e61093e436494c395f0b01a478f2a986
21022.CR2,https://zenodo.org/record/4288311/files/19N1795_d.CR2,d167cb3e0879f777461f8e7858bbcdc8
21023.JPG,https://zenodo.org/record/4288311/files/19N1795_d.JPG,24836c4ed2476ae970f1f7d72c43b5ec
21026.CR2,https://zenodo.org/record/4288311/files/19N1796_d.CR2,2f3a2742c87b439723654e245e4ced71
21027.JPG,https://zenodo.org/record/4288311/files/19N1796_d.JPG,80640133e260bf195a5b3b254200b11a
21030.CR2,https://zenodo.org/record/4288311/files/19N1797_d.CR2,e4761f58456ca8493c4d3e0abda8d091
21031.JPG,https://zenodo.org/record/4288311/files/19N1797_d.JPG,f18cd3c9a647014070f255b5d664af4b
21034.CR2,https://zenodo.org/record/4288311/files/19N1805_d.CR2,52e92a75dff561fbf15117002a07eb8d
21035.JPG,https://zenodo.org/record/4288311/files/19N1805_d.JPG,deb443b659b7426368051de57d220c01
21038.CR2,https://zenodo.org/record/4288311/files/19N1806_d.CR2,c176de4eeb59c2080e3877e4eb99a415
21039.JPG,https://zenodo.org/record/4288311/files/19N1806_d.JPG,a27ab150b9d468c95962daa3d16d91e6
21042.CR2,https://zenodo.org/record/4288311/files/19N1807_d.CR2,7a1d1dc8131fc10c394fae86aa072e33
21043.JPG,https://zenodo.org/record/4288311/files/19N1807_d.JPG,83d465995c18eac1030ca96a56eafd43
21046.CR2,https://zenodo.org/record/4288311/files/19N1810_d.CR2,101dc217ca902677dff4f125941749a6
21047.JPG,https://zenodo.org/record/4288311/files/19N1810_d.JPG,062b819df4e331645df194c16e93b5b0
21050.CR2,https://zenodo.org/record/4288311/files/19N1811_d.CR2,98615bd52178c693e4f517273e18a67d
21051.JPG,https://zenodo.org/record/4288311/files/19N1811_d.JPG,43b703b08398ecb0c4005ca911dc2e24
21054.CR2,https://zenodo.org/record/4288311/files/19N1812_d.CR2,a6303feac325b8cd2cf576c83fe949ad
21055.JPG,https://zenodo.org/record/4288311/files/19N1812_d.JPG,03cebcb072b9bc15a8f9334d42cdde99
21058.CR2,https://zenodo.org/record/4288311/files/19N1813_d.CR2,2a5bcf8a95086513d3040d75d3cb4cf2
21059.JPG,https://zenodo.org/record/4288311/files/19N1813_d.JPG,f4cebed114089c7c308d211d1e5b92c0
21062.CR2,https://zenodo.org/record/4288311/files/19N1818_d.CR2,1d53ae9f206fc8682f5ad882e1db1752
21063.JPG,https://zenodo.org/record/4288311/files/19N1818_d.JPG,dd51108391b22e984cd948829150eabe
21066.CR2,https://zenodo.org/record/4288311/files/19N1820_d.CR2,ca100307952d50899091d778b1fa06f1
21067.JPG,https://zenodo.org/record/4288311/files/19N1820_d.JPG,ef97d850595d2a9322f0666909028bd9
21070.CR2,https://zenodo.org/record/4288311/files/19N1821_d.CR2,ac6dd8855d8e8b9b6e749ac7c15fe3f8
21071.JPG,https://zenodo.org/record/4288311/files/19N1821_d.JPG,299a3ee5d825a58957b9794093aa296f
21074.CR2,https://zenodo.org/record/4288311/files/19N1822_d.CR2,1fb10b59ba87ab52db4e2e2dac1a50a9
21075.JPG,https://zenodo.org/record/4288311/files/19N1822_d.JPG,49fef9ca14ddfc0d9a9a6e149d60f6a7
21078.CR2,https://zenodo.org/record/4288311/files/19N1823_d.CR2,da5404658a90068d0a660141efceb4eb
21079.JPG,https://zenodo.org/record/4288311/files/19N1823_d.JPG,9abaf80e42006957ee5a6e213e2cf088
21082.CR2,https://zenodo.org/record/4288311/files/19N1824_d.CR2,8ce20a7509fc09aa1658ce1bb7c01685
21083.JPG,https://zenodo.org/record/4288311/files/19N1824_d.JPG,abd610ab2bc7414c2fc21f0322a82304
21086.CR2,https://zenodo.org/record/4288311/files/19N1827_d.CR2,8ad953323125edac6347c6f1dd90acee
21087.JPG,https://zenodo.org/record/4288311/files/19N1827_d.JPG,f595ed8d372782f2139edd3234887d28
21094.CR2,https://zenodo.org/record/4288311/files/19N1841_d.CR2,06e4455694b79e173fce95afa4ba4803
21095.JPG,https://zenodo.org/record/4288311/files/19N1841_d.JPG,226d1bda568f6ff5fa120f5a93d4ed81
21098.CR2,https://zenodo.org/record/4288311/files/19N1845_d.CR2,d618b4775e19b157b09a573dcac4c585
21099.JPG,https://zenodo.org/record/4288311/files/19N1845_d.JPG,b2ec84ee54d35d359144865dc0cc14d1
21102.CR2,https://zenodo.org/record/4288311/files/19N1850_d.CR2,d3e86db60ddac1d78b100fbde7ac8615
21103.JPG,https://zenodo.org/record/4288311/files/19N1850_d.JPG,2ae2e4e2c65e1acde1e8f7cfecae46ff
21106.CR2,https://zenodo.org/record/4288311/files/19N1855_d.CR2,23a4229ea714b75a2fde1e00b0b41b8f
21107.JPG,https://zenodo.org/record/4288311/files/19N1855_d.JPG,4ce374092c28fa27777d58544ae86979
21110.CR2,https://zenodo.org/record/4288311/files/19N1856_d.CR2,5d003acb6daa8ec406637be42980f977
21111.JPG,https://zenodo.org/record/4288311/files/19N1856_d.JPG,9bbc2adea3359fb67094f2c7a1ad36eb
21114.CR2,https://zenodo.org/record/4288311/files/19N1857_d.CR2,5bb9c14993847564bacd9f787beed991
21115.JPG,https://zenodo.org/record/4288311/files/19N1857_d.JPG,e5804f051fbb07f0375cf5d3002cc09c
21118.CR2,https://zenodo.org/record/4288311/files/19N1860_d.CR2,16a244835db87fac2a3724eb2df4e797
21119.JPG,https://zenodo.org/record/4288311/files/19N1860_d.JPG,0ee470db13eb7da6fdd7d5e857f7342f
21122.CR2,https://zenodo.org/record/4288311/files/19N1861_d.CR2,98700bc24d0a7fd88b90e5d3659bb176
21123.JPG,https://zenodo.org/record/4288311/files/19N1861_d.JPG,73874fed474763f28a9ab2ca3c756793
21126.CR2,https://zenodo.org/record/4288311/files/19N1862_d.CR2,30fd3dc35aa9942a105fb43ac36c34be
21127.JPG,https://zenodo.org/record/4288311/files/19N1862_d.JPG,911d855eba538a8279c983df843ee0d9
21130.CR2,https://zenodo.org/record/4288311/files/19N1864_d.CR2,d08df73c6a67b477f1518338d5be0ba6
21131.JPG,https://zenodo.org/record/4288311/files/19N1864_d.JPG,561106bb04c3e28f79933d812bf2c24c
21134.CR2,https://zenodo.org/record/4288311/files/19N1865_d.CR2,aecec48612c11ea3146f03ca5c29109c
21135.JPG,https://zenodo.org/record/4288311/files/19N1865_d.JPG,1659f7dc4b465ffd9f91627cc97d1f0a
21138.CR2,https://zenodo.org/record/4288311/files/19N1866_d.CR2,57f0b9e41b7edd8ab265ae0ffcd3475f
21139.JPG,https://zenodo.org/record/4288311/files/19N1866_d.JPG,7389a48aaa14737fbeefc565761df038
21142.CR2,https://zenodo.org/record/4288311/files/19N1867_d.CR2,291841aadf8d7f97ef3cc8e53a6bbc8d
21143.JPG,https://zenodo.org/record/4288311/files/19N1867_d.JPG,6f760fec98e90a2ceb0d349759c6687d
21146.CR2,https://zenodo.org/record/4288311/files/19N1874_d.CR2,f547b8d7823a3c9e73742ee196b2ba5c
21147.JPG,https://zenodo.org/record/4288311/files/19N1874_d.JPG,14d5d54f02293bf8361e4a33acc9d07e
21150.CR2,https://zenodo.org/record/4288311/files/19N1875_d.CR2,b7ef1511d22f658c9a9d5809874386e3
21151.JPG,https://zenodo.org/record/4288311/files/19N1875_d.JPG,a217e7153d87a617f58dcfb3eaaaf1f9
21154.CR2,https://zenodo.org/record/4288311/files/19N1876_d.CR2,783de52267eb5ffa5f75b849ff4a1e69
21155.JPG,https://zenodo.org/record/4288311/files/19N1876_d.JPG,82eb282ea565dec03c77107a0fbc30a4
21158.CR2,https://zenodo.org/record/4288311/files/19N1877_d.CR2,eea43b68692ae99dafe46988c651146c
21159.JPG,https://zenodo.org/record/4288311/files/19N1877_d.JPG,5f9ae8cb26b2d3067a3b4bac2e3738e2
21170.CR2,https://zenodo.org/record/4288311/files/19N1888_d.CR2,3a2c9a0799b93111af218b80aaa5dc90
21171.JPG,https://zenodo.org/record/4288311/files/19N1888_d.JPG,f0f0dfbfa5a60dc221b012931d1d57e6
21174.CR2,https://zenodo.org/record/4288311/files/19N1889_d.CR2,a37eef003990b2498ed2cdb9db47e63b
21175.JPG,https://zenodo.org/record/4288311/files/19N1889_d.JPG,0c71cbfac3b307e3b5e7234f968717eb
21178.CR2,https://zenodo.org/record/4288311/files/19N1890_d.CR2,f6cf259068e3468b7f31cf89b6692096
21179.JPG,https://zenodo.org/record/4288311/files/19N1890_d.JPG,6b68a91f4e634fc8f941ea3c81b5dba7
21182.CR2,https://zenodo.org/record/4288311/files/19N1892_d.CR2,c504f2ffeb49ace5746fc8b0c2d54a2d
21183.JPG,https://zenodo.org/record/4288311/files/19N1892_d.JPG,ad59e023c8d559c0bcff8f675944b9e6
21186.CR2,https://zenodo.org/record/4288311/files/19N1895_d.CR2,8fe4f51e7eb757cad71f4da289ef54d9
21187.JPG,https://zenodo.org/record/4288311/files/19N1895_d.JPG,867e8c8a7e749b0a9b4d2017c72689ad
21190.CR2,https://zenodo.org/record/4288311/files/19N1896_d.CR2,bfbe622ab50456c121c8e3b52d888fa7
21191.JPG,https://zenodo.org/record/4288311/files/19N1896_d.JPG,0199d8d86e17e6d24623624195efaa4d
21194.CR2,https://zenodo.org/record/4288311/files/19N1897_d.CR2,fab3df12cd5c0addf9edff1c2ed6a48f
21195.JPG,https://zenodo.org/record/4288311/files/19N1897_d.JPG,45d370960f5471c8ba269a372ae4862b
21198.CR2,https://zenodo.org/record/4288311/files/19N1898_d.CR2,2c3af44651cc84665aed55c9cac74921
21199.JPG,https://zenodo.org/record/4288311/files/19N1898_d.JPG,fa9f6f9050d1eaa5e5b4ccd1ecf140d5
21202.CR2,https://zenodo.org/record/4288311/files/19N1899_d.CR2,cbe1c170f2854e45a89d71f69fce205a
21203.JPG,https://zenodo.org/record/4288311/files/19N1899_d.JPG,132539439c72e29e3989f2e2f6b32985
21206.CR2,https://zenodo.org/record/4288311/files/19N1907_d.CR2,025de83eaebf62befa85297af0e7cca3
21207.JPG,https://zenodo.org/record/4288311/files/19N1907_d.JPG,9b5a4fffa9c9abb33f485f92c4ec51e7
21210.CR2,https://zenodo.org/record/4288311/files/19N1908_d.CR2,76fef9cd37dd3ad93022e87a08cbf775
21211.JPG,https://zenodo.org/record/4288311/files/19N1908_d.JPG,57eff567f459de4ae2e32bd19fbae76b
21214.CR2,https://zenodo.org/record/4288311/files/19N1909_d.CR2,515b613dfd70f1b695b626b869b0027f
21215.JPG,https://zenodo.org/record/4288311/files/19N1909_d.JPG,001703d1c7ae3f535299c0c3ee417e44
21218.CR2,https://zenodo.org/record/4288311/files/19N1912_d.CR2,52a577f526ea1675cf76abe325a1708f
21219.JPG,https://zenodo.org/record/4288311/files/19N1912_d.JPG,b1909449a3d559f292a618a205101533
21222.CR2,https://zenodo.org/record/4288311/files/19N1914_d.CR2,e0b4243e75ad75e2f76f0906466b65ed
21223.JPG,https://zenodo.org/record/4288311/files/19N1914_d.JPG,22685467e75f1f8df2221b3d2d15bf48
21226.CR2,https://zenodo.org/record/4288311/files/19N1915_d.CR2,df860df06fdf978cc520377a70f5c481
21227.JPG,https://zenodo.org/record/4288311/files/19N1915_d.JPG,181c6ad1d2ddea04f96d7d3c596fb794
21234.CR2,https://zenodo.org/record/4288311/files/19N1921_d.CR2,40dd81bc2fbd1beff6190d2d5d5f0959
21235.JPG,https://zenodo.org/record/4288311/files/19N1921_d.JPG,9ff820c08ef7ab4889837af498c8c035
21238.CR2,https://zenodo.org/record/4288311/files/19N1924_d.CR2,0fb1a8917bd1a0515d6a99641c4ce6b4
21239.JPG,https://zenodo.org/record/4288311/files/19N1924_d.JPG,4e8ba1beea86f4a11112cb048cfe1fba
21246.CR2,https://zenodo.org/record/4288311/files/19N1926_d.CR2,7ef3ea1ee039373f91bd35d22026b4e0
21247.JPG,https://zenodo.org/record/4288311/files/19N1926_d.JPG,74001e03c1a44e2992ebe88577109c6c
21250.CR2,https://zenodo.org/record/4288311/files/19N1932_d.CR2,b1400df1088d71181ed3bf9931a7295a
21251.JPG,https://zenodo.org/record/4288311/files/19N1932_d.JPG,bec778cc6b0df37d718b2370e17585a3
21254.CR2,https://zenodo.org/record/4288311/files/19N1933_d.CR2,30bc995d7fbf0a087504972f0c8cd4e4
21255.JPG,https://zenodo.org/record/4288311/files/19N1933_d.JPG,0c1ffc2be058438e156f255f8bc51b9a
21258.CR2,https://zenodo.org/record/4288311/files/19N1934_d.CR2,60d9fb9f8e4d42bd153ead656f01d8bd
21259.JPG,https://zenodo.org/record/4288311/files/19N1934_d.JPG,b346ad630c439fc78940ba7cf3b9eaf0
21262.CR2,https://zenodo.org/record/4288311/files/19N1935_d.CR2,ee6c20a4a1e118902fde0e2e687d0eb1
21263.JPG,https://zenodo.org/record/4288311/files/19N1935_d.JPG,cc7614f5b2799989b7e7a45781a3481f
21266.CR2,https://zenodo.org/record/4288311/files/19N1943_d.CR2,fab3884504b224c9932dc7cadf7cb695
21267.JPG,https://zenodo.org/record/4288311/files/19N1943_d.JPG,3cc5d01b8a74b9d58856077fc38844d7
21270.CR2,https://zenodo.org/record/4288311/files/19N1944_d.CR2,6632ae3faa36e253d52c9c8a502795b1
21271.JPG,https://zenodo.org/record/4288311/files/19N1944_d.JPG,92de53d77e3ac67fa5881cc8c75d4355
21274.CR2,https://zenodo.org/record/4288311/files/19N1945_d.CR2,436f436b69f52aa13a856593e58d2bdc
21275.JPG,https://zenodo.org/record/4288311/files/19N1945_d.JPG,c558a5109c93cebae08cc0530153e177
21278.CR2,https://zenodo.org/record/4288311/files/19N1948_d.CR2,d362d26c05b317fa338b9d6ccc35940f
21279.JPG,https://zenodo.org/record/4288311/files/19N1948_d.JPG,7aada3c7c17a0fedfc35af0081b9eaae
21282.CR2,https://zenodo.org/record/4288311/files/19N1949_d.CR2,5e89dba320add11541b40fda22cfab3b
21283.JPG,https://zenodo.org/record/4288311/files/19N1949_d.JPG,3d3b0c736a7438a017e5c64a1e9e6c40
21286.CR2,https://zenodo.org/record/4288311/files/19N1950_d.CR2,fb24c1a1a5927f28fdd86b97b551952f
21287.JPG,https://zenodo.org/record/4288311/files/19N1950_d.JPG,c2a76fcb2fe8c23b7e63aa479841c8b3
21290.CR2,https://zenodo.org/record/4288311/files/19N1951_d.CR2,6e6c9bf59606ed4eca48178bda0d7233
21291.JPG,https://zenodo.org/record/4288311/files/19N1951_d.JPG,3a6d615b140b27fd6403eb600f25eb7b
21294.CR2,https://zenodo.org/record/4288311/files/19N1956_d.CR2,7b07402474a316d9c2cc4c59813f2f53
21295.JPG,https://zenodo.org/record/4288311/files/19N1956_d.JPG,268cb1e25e4c1b0ec656ce290383b2bb
21298.CR2,https://zenodo.org/record/4288311/files/19N1957_d.CR2,841dc4be41caaa9bf6a7ea9fc2b332f0
21299.JPG,https://zenodo.org/record/4288311/files/19N1957_d.JPG,257a2d795acad4b7fa169e8620716c75
21302.CR2,https://zenodo.org/record/4288311/files/19N1958_d.CR2,d42614680398a6b3c75b4fd2bac57759
21303.JPG,https://zenodo.org/record/4288311/files/19N1958_d.JPG,8869eb46bea313fd8c3b9bb0fd948471
21306.CR2,https://zenodo.org/record/4288311/files/19N1959_d.CR2,057a2d55f09c8819bbfe5c72e18a0048
21307.JPG,https://zenodo.org/record/4288311/files/19N1959_d.JPG,66fd92d0a983f5f6bf83ca9dded142f9
21310.CR2,https://zenodo.org/record/4288311/files/19N1960_d.CR2,4330a54a99ce49df763ae2ffd86eb686
21311.JPG,https://zenodo.org/record/4288311/files/19N1960_d.JPG,5191e09a0d00029807503afcad64f4fd
21314.CR2,https://zenodo.org/record/4288311/files/19N1961_d.CR2,c258a02566487751187568bef6f14779
21315.JPG,https://zenodo.org/record/4288311/files/19N1961_d.JPG,7952998b3734db58ed61aeec33a87718
21318.CR2,https://zenodo.org/record/4288311/files/19N1962_d.CR2,204abadaa973f8123406de4c28126bc9
21319.JPG,https://zenodo.org/record/4288311/files/19N1962_d.JPG,9b8de6b8e97cd41da8d6f23a2b382f35
21322.CR2,https://zenodo.org/record/4288311/files/19N1974_d.CR2,b9355e450511000a0e4eb75f815e736f
21323.JPG,https://zenodo.org/record/4288311/files/19N1974_d.JPG,b83660438b6238ce3baa87a8d35a25ea
21330.CR2,https://zenodo.org/record/4288311/files/19N1976_d.CR2,ea12a9bfcf3968987064721db382052d
21331.JPG,https://zenodo.org/record/4288311/files/19N1976_d.JPG,08bc9a88fdafadaeaea16dd65a06580e
21334.CR2,https://zenodo.org/record/4288311/files/19N1977_d.CR2,e1f89e55095b33f959cae1facfd70759
21335.JPG,https://zenodo.org/record/4288311/files/19N1977_d.JPG,6110800d50e123ecaced0a397342e67e
21338.CR2,https://zenodo.org/record/4288311/files/19N1981_d.CR2,8a60f0160dc2830199072f489ad5984b
21339.JPG,https://zenodo.org/record/4288311/files/19N1981_d.JPG,7f188f9748088f5217d302034ff38239
21342.CR2,https://zenodo.org/record/4288311/files/19N1982_d.CR2,a9120af8dc8c0ec72fcbb936c952f508
21343.JPG,https://zenodo.org/record/4288311/files/19N1982_d.JPG,653f32a0331c60486f144e46b08888d1
21346.CR2,https://zenodo.org/record/4288311/files/19N1983_d.CR2,2f05d06b711847e933fca1554d443877
21347.JPG,https://zenodo.org/record/4288311/files/19N1983_d.JPG,dcb7660ee12bde4896f582f95b2fc0e0
21350.CR2,https://zenodo.org/record/4288311/files/19N1984_d.CR2,2082d998aae65a8117691ee1eb50b73a
21351.JPG,https://zenodo.org/record/4288311/files/19N1984_d.JPG,e54abb2054a46044843dbc46435cc432
21354.CR2,https://zenodo.org/record/4288311/files/19N1985_d.CR2,535b07f1010f53454c49c62e830147da
21355.JPG,https://zenodo.org/record/4288311/files/19N1985_d.JPG,526cb36baf31fcf9c9adccdd3709098e
21358.CR2,https://zenodo.org/record/4288311/files/19N1986_d.CR2,c3a0a628e67c5e1dd7bd231a16e9621b
21359.JPG,https://zenodo.org/record/4288311/files/19N1986_d.JPG,47900c210a0e0a907142405d4ad162ac
21362.CR2,https://zenodo.org/record/4288311/files/19N1988_d.CR2,dc55121eb993ed533285f947323ea0e4
21363.JPG,https://zenodo.org/record/4288311/files/19N1988_d.JPG,575a226eb16bb8c094cc0f1d3a60b8f6
21366.CR2,https://zenodo.org/record/4288311/files/19N1989_d.CR2,c9375becdb7f9aff53add4aff3cf54f1
21367.JPG,https://zenodo.org/record/4288311/files/19N1989_d.JPG,ef41fdbbd343185f216c0c881b67d08f
21370.CR2,https://zenodo.org/record/4288311/files/19N1992_d.CR2,fdb46bd8efef592aeddecea90cbd16f2
21371.JPG,https://zenodo.org/record/4288311/files/19N1992_d.JPG,79648560c3c673698af97e5783795b27
21374.CR2,https://zenodo.org/record/4288311/files/19N1994_d.CR2,613d249a245cfc7ce0efff3e9db4928a
21375.JPG,https://zenodo.org/record/4288311/files/19N1994_d.JPG,02776f95954458471120a5caab556d2a
21378.CR2,https://zenodo.org/record/4288311/files/19N1995_d.CR2,1f0ba1034a6423b2d367bfd7df0fc16f
21379.JPG,https://zenodo.org/record/4288311/files/19N1995_d.JPG,ca3ef252ca993b7bdfaf3e7910941e55
21382.CR2,https://zenodo.org/record/4288311/files/19N1996_d.CR2,bb9dbff7c5625af31d07bd3917d7da40
21383.JPG,https://zenodo.org/record/4288311/files/19N1996_d.JPG,3e96a2ff6bb4da4e06d7aba0f7e11e12
21386.CR2,https://zenodo.org/record/4288311/files/19N1997_d.CR2,7b207ded06fb4cc990767e8f42c3de6f
21387.JPG,https://zenodo.org/record/4288311/files/19N1997_d.JPG,6cb7b8ab5bfcbb9ae09f132d66e5cedc
21390.CR2,https://zenodo.org/record/4288311/files/19N1999_d.CR2,1adab19fc251ea4208bc29df7685a7a8
21391.JPG,https://zenodo.org/record/4288311/files/19N1999_d.JPG,11fda3e66358ace477e403bbaddaf76c
21394.CR2,https://zenodo.org/record/4288311/files/19N2000_d.CR2,c50f3fbcb7f4ee8277e7cb047db97469
21395.JPG,https://zenodo.org/record/4288311/files/19N2000_d.JPG,c4bc39c4998a5ad3272d76ac599f7038
21398.CR2,https://zenodo.org/record/4288311/files/19N2001_d.CR2,487c6180df783f002ae5a22ef399973a
21399.JPG,https://zenodo.org/record/4288311/files/19N2001_d.JPG,78e7d944dd557d7a90fe7d7556602c56
21402.CR2,https://zenodo.org/record/4288311/files/19N2002_d.CR2,f6ab3cfdb321facc2b69fc8c409434fa
21403.JPG,https://zenodo.org/record/4288311/files/19N2002_d.JPG,db166f00634ef0328cb843c6171387f1
21406.CR2,https://zenodo.org/record/4288311/files/19N2003_d.CR2,a0b41119e82a306f0f893e385ce1fca6
21407.JPG,https://zenodo.org/record/4288311/files/19N2003_d.JPG,a4384fe2bc029feca815bbc0510121af
21414.CR2,https://zenodo.org/record/4288311/files/19N2011_d.CR2,772093c6947e97cb3ee63ba6f023decf
21415.JPG,https://zenodo.org/record/4288311/files/19N2011_d.JPG,94dfd9cb5dfe6f77708f4cf864093956
21418.CR2,https://zenodo.org/record/4288311/files/19N2013_d.CR2,c85f36c8a4e57b2cb1a788e4898f0c3b
21419.JPG,https://zenodo.org/record/4288311/files/19N2013_d.JPG,9e976f9bb50dc6d569328f40e56bbb6f
21422.CR2,https://zenodo.org/record/4288311/files/19N2014_d.CR2,212c8da30ebe092c0ba6c289887ee1c9
21423.JPG,https://zenodo.org/record/4288311/files/19N2014_d.JPG,480d817d50fab108b78603a3707d64b9
21426.CR2,https://zenodo.org/record/4288311/files/19N2018_d.CR2,a2df22d282e8a93fc4df078c3cd1474a
21427.JPG,https://zenodo.org/record/4288311/files/19N2018_d.JPG,ec5fa2ed90b0c9a2e6ca517f2806c882
21430.CR2,https://zenodo.org/record/4288311/files/19N2019_d.CR2,ceec0c5644b2652f6ffb99a7323bed00
21431.JPG,https://zenodo.org/record/4288311/files/19N2019_d.JPG,d7ac8b040a757091c6153b642070d030
21434.CR2,https://zenodo.org/record/4288311/files/19N2020_d.CR2,a1c20754fda31dc005a9b2c715bf2366
21435.JPG,https://zenodo.org/record/4288311/files/19N2020_d.JPG,6489789e4991c46b5f242044ad8ae440
21438.CR2,https://zenodo.org/record/4288311/files/19N2022_d.CR2,076b5f0ff6021e9cec54d3b1344fc368
21439.JPG,https://zenodo.org/record/4288311/files/19N2022_d.JPG,e92a826091d72552523538c8f4c203a9
21450.CR2,https://zenodo.org/record/4288311/files/19N2025_d.CR2,156b89846629306aaa4e4c59d1998dfb
21451.JPG,https://zenodo.org/record/4288311/files/19N2025_d.JPG,fa627d8670a4b60473c12a746bdd1680
21454.CR2,https://zenodo.org/record/4288311/files/19N2026_d.CR2,473c7ba9a1314c1eb4a29308debf9d33
21455.JPG,https://zenodo.org/record/4288311/files/19N2026_d.JPG,cfd9b7e4251b4a45cea912c63a5d7254
21458.CR2,https://zenodo.org/record/4288311/files/19N2027_d.CR2,c706ea5476bbf54a42a38b2e01b734f1
21459.JPG,https://zenodo.org/record/4288311/files/19N2027_d.JPG,1585684affb619f17d22ff5364ac3f24
21462.CR2,https://zenodo.org/record/4288311/files/19N2033_d.CR2,5d8d99a6e884f3645b4333ae7a88da9a
21463.JPG,https://zenodo.org/record/4288311/files/19N2033_d.JPG,8d2a3f2b0bba105fe8258269f2f5bc48
21466.CR2,https://zenodo.org/record/4288311/files/19N2034_d.CR2,244c857c69891335ed0c53934a25ddf8
21467.JPG,https://zenodo.org/record/4288311/files/19N2034_d.JPG,75cac68cd81fe45ab0ce2f0523a8b661
21470.CR2,https://zenodo.org/record/4288311/files/19N2035_d.CR2,85adb2f5a886184a740c3f52af10a342
21471.JPG,https://zenodo.org/record/4288311/files/19N2035_d.JPG,e35692269403108c2156ccc25389af8c
21474.CR2,https://zenodo.org/record/4288311/files/19N2036_d.CR2,eaa2dd961ab56ffc8c62aa311c915481
21475.JPG,https://zenodo.org/record/4288311/files/19N2036_d.JPG,c9fb7f762bfa6aa50225aec58a5585f5
21478.CR2,https://zenodo.org/record/4288311/files/19N2038_d.CR2,f0c52f5f12657cf95c3d1cf9414baf53
21479.JPG,https://zenodo.org/record/4288311/files/19N2038_d.JPG,bab06e5cad376306670664be82ce4ba5
21482.CR2,https://zenodo.org/record/4288311/files/19N2039_d.CR2,6180cf0117b16d9dcbc2780747493b51
21483.JPG,https://zenodo.org/record/4288311/files/19N2039_d.JPG,a3a8027a4ee6b5df1262b77f777ed489
21486.CR2,https://zenodo.org/record/4288311/files/19N2040_d.CR2,19300402fbf944af0b1aa9d0b7a156f5
21487.JPG,https://zenodo.org/record/4288311/files/19N2040_d.JPG,2d64e5d0eb482f6ac7199a461adefeb9
21490.CR2,https://zenodo.org/record/4288311/files/19N2041_d.CR2,3115e158c009abee3f6511b93d03235d
21491.JPG,https://zenodo.org/record/4288311/files/19N2041_d.JPG,3fe21263c7a2d6ba979666a7fc53df32
21494.CR2,https://zenodo.org/record/4288311/files/19N2042_d.CR2,2da08b9c9fda6e696df82ed79e2f72d1
21495.JPG,https://zenodo.org/record/4288311/files/19N2042_d.JPG,62d2a8ae2fdcc111026c0110985b6ab5
21498.CR2,https://zenodo.org/record/4288311/files/19N2043_d.CR2,b0571a3c4a3be575056ff512a94a91ca
21499.JPG,https://zenodo.org/record/4288311/files/19N2043_d.JPG,ee97c99a3ed0e56ce0959fba79f30ba8
21502.CR2,https://zenodo.org/record/4288311/files/19N2048_d.CR2,5a443e8b931b7d767f2a115b6df39339
21503.JPG,https://zenodo.org/record/4288311/files/19N2048_d.JPG,b24ef2a8d3587c73668dd8449b196ade
21506.CR2,https://zenodo.org/record/4288311/files/19N2050_d.CR2,3a9a8652fc3056a4936258b3743c3db4
21507.JPG,https://zenodo.org/record/4288311/files/19N2050_d.JPG,62855086c981e99b2954f25310c9668f
21510.CR2,https://zenodo.org/record/4288311/files/19N2056_d.CR2,a6390c30c54e842e068708e4a34f0f55
21511.JPG,https://zenodo.org/record/4288311/files/19N2056_d.JPG,ee84c0a36ff00611d1fec12ce9a80860
21514.CR2,https://zenodo.org/record/4288311/files/19N2057_d.CR2,e44875a0525109a71749b07c1f91c5d0
21515.JPG,https://zenodo.org/record/4288311/files/19N2057_d.JPG,6baa7b33663a4bd969af58d3d05c4c8f
21518.CR2,https://zenodo.org/record/4288311/files/19N2058_d.CR2,ed1696fd69f675f82df7b673f9ad139e
21519.JPG,https://zenodo.org/record/4288311/files/19N2058_d.JPG,c0b835ca54a2dcf49e76023eee3a57be
21522.CR2,https://zenodo.org/record/4288311/files/19N2059_d.CR2,ff874d6347900aae7aae3c0367880204
21523.JPG,https://zenodo.org/record/4288311/files/19N2059_d.JPG,3abc54ff052f3dc14ec6a30a9ccb3ceb
21526.CR2,https://zenodo.org/record/4288311/files/19N2060_d.CR2,0ec2069a97e91793404a40c7b1508d76
21527.JPG,https://zenodo.org/record/4288311/files/19N2060_d.JPG,3a4ac5c29cb89b711f25328ca6b8c466
21530.CR2,https://zenodo.org/record/4288311/files/19N2061_d.CR2,c81215afd1aa54cfecd32f8a2f402c17
21531.JPG,https://zenodo.org/record/4288311/files/19N2061_d.JPG,28ca14c5d4181541f76e4b6e1962779e
21534.CR2,https://zenodo.org/record/4288311/files/19N2062_d.CR2,eed10487d05dbd7cc194a024361b1f15
21535.JPG,https://zenodo.org/record/4288311/files/19N2062_d.JPG,46133924965c038a255f9a5d7a27c779
21538.CR2,https://zenodo.org/record/4288311/files/19N2063_d.CR2,87bffd752ef7aabc6dcdecfd2381c904
21539.JPG,https://zenodo.org/record/4288311/files/19N2063_d.JPG,5344a2483bfc7ef970b92fa273efaa4f
21542.CR2,https://zenodo.org/record/4288311/files/19N2067_d.CR2,0b27d123bdc0aa9ff30dc2ed109b6628
21543.JPG,https://zenodo.org/record/4288311/files/19N2067_d.JPG,c40f2d04dedfe4cb0e311d17a5a7ca14
21546.CR2,https://zenodo.org/record/4288311/files/19N2068_d.CR2,8136200b480adaf49603e946a3c7d9f5
21547.JPG,https://zenodo.org/record/4288311/files/19N2068_d.JPG,58ad64c69502f018dcb3917fee3bcf85
21550.CR2,https://zenodo.org/record/4288311/files/19N2069_d.CR2,36d52c79fcc356e8580f98e750d51904
21551.JPG,https://zenodo.org/record/4288311/files/19N2069_d.JPG,3b0bda05f5b90908be7276fadd49feca
21554.CR2,https://zenodo.org/record/4288311/files/19N2070_d.CR2,1f3859e4099f400dc41794bbab9ffc94
21555.JPG,https://zenodo.org/record/4288311/files/19N2070_d.JPG,d9863adfe4c02d1a33006fc6d7e562cc
21558.CR2,https://zenodo.org/record/4288311/files/19N2076_d.CR2,816b1b49a35a9241607fc7aa2eb4825b
21559.JPG,https://zenodo.org/record/4288311/files/19N2076_d.JPG,0ca9dd2f352dfde2c59d3386af39b768
21562.CR2,https://zenodo.org/record/4288311/files/19N2077_d.CR2,108a6d00a61668690d52b7af5a855948
21563.JPG,https://zenodo.org/record/4288311/files/19N2077_d.JPG,59ff3ac804a6cde3ab67ba55b07b12c6
21566.CR2,https://zenodo.org/record/4288311/files/19N2078_d.CR2,577dd769c24b15c00dfc7336cc258f8e
21567.JPG,https://zenodo.org/record/4288311/files/19N2078_d.JPG,6941057f419cfd79aba0da022f91d7d5
21570.CR2,https://zenodo.org/record/4288311/files/19N2079_d.CR2,59b2b1c3ab81ba1aae4b6a4057a798d8
21571.JPG,https://zenodo.org/record/4288311/files/19N2079_d.JPG,f5d945a27f6e8fa6162034addbebc6fa
21574.CR2,https://zenodo.org/record/4288311/files/19N2081_d.CR2,38298b12205eb2d68d66c18ed30ddcd4
21575.JPG,https://zenodo.org/record/4288311/files/19N2081_d.JPG,dc460f07eb969073e677c09cdfc08e24
21578.CR2,https://zenodo.org/record/4288311/files/19N2082_d.CR2,a1ba46ab151adfe12960cd84376418b8
21579.JPG,https://zenodo.org/record/4288311/files/19N2082_d.JPG,22bb58c7b054add142a6100337427f3f
21586.CR2,https://zenodo.org/record/4288311/files/19N2086_d.CR2,8b9e93b050a4284618f5dbf8ff0481cd
21587.JPG,https://zenodo.org/record/4288311/files/19N2086_d.JPG,dbfd522a0737c1c69874534b8d90e89e
21590.CR2,https://zenodo.org/record/4288311/files/19N2087_d.CR2,e1e875e480820ba2d985a0215a0424a9
21591.JPG,https://zenodo.org/record/4288311/files/19N2087_d.JPG,e382cee934d2ae09cef608dddb6a5111
21594.CR2,https://zenodo.org/record/4288311/files/19N2088_d.CR2,6bb11b22dc4f249534ca6b4dc9219859
21595.JPG,https://zenodo.org/record/4288311/files/19N2088_d.JPG,30e6f8cb7b61765db8e2b6048ce4163c
21598.CR2,https://zenodo.org/record/4288311/files/19N2098_d.CR2,807bd2c4822e0da3f0bd8a237dc285fb
21599.JPG,https://zenodo.org/record/4288311/files/19N2098_d.JPG,e057caadff46c764e33964a77bb630ee
21606.CR2,https://zenodo.org/record/4288311/files/19N2113_d.CR2,cd13e6b2b54053dc954869d24eaf3a28
21607.JPG,https://zenodo.org/record/4288311/files/19N2113_d.JPG,4fa370b336e2b8ef5c58d3a5a7e57d8d
21610.CR2,https://zenodo.org/record/4288311/files/19N2115_d.CR2,389a40a51c6817b70adc07a6251e5784
21611.JPG,https://zenodo.org/record/4288311/files/19N2115_d.JPG,2fd38bbd30098a70b1a3d16e8f0d820e
21614.CR2,https://zenodo.org/record/4288311/files/19N2116_d.CR2,84a5337a565318c041cec998bb518057
21615.JPG,https://zenodo.org/record/4288311/files/19N2116_d.JPG,9af682dcaca2709a1eca3eb18af00e9c
21618.CR2,https://zenodo.org/record/4288311/files/19N2117_d.CR2,9fcf1cf7e067e7f5d3b3e27184c5d601
21619.JPG,https://zenodo.org/record/4288311/files/19N2117_d.JPG,6d6b2d37f49711fef71d74997c187b85
21622.CR2,https://zenodo.org/record/4288311/files/19N2118_d.CR2,f6b76edf0d51706a5857dace3163020f
21623.JPG,https://zenodo.org/record/4288311/files/19N2118_d.JPG,bd77fec38881a62e075eeae9feb15d41
21626.CR2,https://zenodo.org/record/4288311/files/19N2119_d.CR2,b76fcbca278547972bd6c5a77bc9b2de
21627.JPG,https://zenodo.org/record/4288311/files/19N2119_d.JPG,fa5eaa8f88e1b4437709eed06cae1154
21630.CR2,https://zenodo.org/record/4288311/files/19N2121_d.CR2,279a574b80aff35ad92ba529ae9b7d7c
21631.JPG,https://zenodo.org/record/4288311/files/19N2121_d.JPG,6ac57d354b410bee7281630243273ebc
21634.CR2,https://zenodo.org/record/4288311/files/19N2122_d.CR2,3a9002ba88fe1ff452ba81bec23f5b30
21635.JPG,https://zenodo.org/record/4288311/files/19N2122_d.JPG,281abbdd6ae06611dd7977b9a499ee8e
21638.CR2,https://zenodo.org/record/4288311/files/19N2123_d.CR2,9c83179d31308d21d9cb61001d364bb8
21639.JPG,https://zenodo.org/record/4288311/files/19N2123_d.JPG,1ffbb76560b7fbd7b9e86fdea1febfb3
21642.CR2,https://zenodo.org/record/4288311/files/19N2126_d.CR2,0381cd8730ab7bd1d27cc7b0343d116a
21643.JPG,https://zenodo.org/record/4288311/files/19N2126_d.JPG,744713cee740ced703eea7e18fe478f7
21646.CR2,https://zenodo.org/record/4288311/files/19N2127_d.CR2,a0476c4c9557b87b10113b67218a3a4e
21647.JPG,https://zenodo.org/record/4288311/files/19N2127_d.JPG,5672abb5cceeb068bc1f65782591e051
21650.CR2,https://zenodo.org/record/4288311/files/19N2128_d.CR2,dc1154dbe6c41b13b666da5b387d2cff
21651.JPG,https://zenodo.org/record/4288311/files/19N2128_d.JPG,a25319217df5b1e729b45f3511dae3db
21654.CR2,https://zenodo.org/record/4288311/files/19N2138_d.CR2,f333fb83713a2d5c8759ae92e7d89609
21655.JPG,https://zenodo.org/record/4288311/files/19N2138_d.JPG,4915c139123290ef048eb865874bc3f3
21658.CR2,https://zenodo.org/record/4288311/files/19N2139_d.CR2,ad474ac3084f7fdefd8da6916e128158
21659.JPG,https://zenodo.org/record/4288311/files/19N2139_d.JPG,a86bb073aed679cdb09f72e04f3fac33
21662.CR2,https://zenodo.org/record/4288311/files/19N2140_d.CR2,0076a4c0382b11055c0c60ea43f3db36
21663.JPG,https://zenodo.org/record/4288311/files/19N2140_d.JPG,f012dc04664eb9771360d1ef3e6d1445
21666.CR2,https://zenodo.org/record/4288311/files/19N2141_d.CR2,c3a9edfa47695582267f33d9cc851cce
21667.JPG,https://zenodo.org/record/4288311/files/19N2141_d.JPG,a9674b79c7759c40ffa81173f633e8ac
21670.CR2,https://zenodo.org/record/4288311/files/19N2142_d.CR2,b4b05b09500dedd279ce581a6539c4d7
21671.JPG,https://zenodo.org/record/4288311/files/19N2142_d.JPG,efe251d227105bee210e2cd741d1eff0
21674.CR2,https://zenodo.org/record/4288311/files/19N2143_d.CR2,51894466c0e20247d460386fae970714
21675.JPG,https://zenodo.org/record/4288311/files/19N2143_d.JPG,a137cc1666104768514648d0ae8a92c8
21678.CR2,https://zenodo.org/record/4288311/files/19N2144_d.CR2,c3f57f1e32798c686824774a962a9755
21679.JPG,https://zenodo.org/record/4288311/files/19N2144_d.JPG,9c99fbc05234c80d16313cb14102dd99
21682.CR2,https://zenodo.org/record/4288311/files/19N2145_d.CR2,0e6e957acead628c39ec63601e88f5a0
21683.JPG,https://zenodo.org/record/4288311/files/19N2145_d.JPG,3aa80f97fdc59aedd8edf2346f4a37c1
21686.CR2,https://zenodo.org/record/4288311/files/19N2158_d.CR2,52b4c10f04f53f6fae2b92f01a47fc10
21687.JPG,https://zenodo.org/record/4288311/files/19N2158_d.JPG,6037ed08b6cff80aadc7f94ccb41c90d
21690.CR2,https://zenodo.org/record/4288311/files/19N2159_d.CR2,93ed43e9d49868897c0719b1b139f543
21691.JPG,https://zenodo.org/record/4288311/files/19N2159_d.JPG,6f215023c130a53525cc985f6cb690b1
21694.CR2,https://zenodo.org/record/4288311/files/19N2165_d.CR2,51abfb623237c82320db5f0dd5f3a8f7
21695.JPG,https://zenodo.org/record/4288311/files/19N2165_d.JPG,641f551ef3f29cb7ba7806db75c3abba
21698.CR2,https://zenodo.org/record/4288311/files/19N2166_d.CR2,1815690940c835e3c39132b48bddc316
21699.JPG,https://zenodo.org/record/4288311/files/19N2166_d.JPG,8656e2ff074fa14fa0a904f59adae87e
21702.CR2,https://zenodo.org/record/4288311/files/19N2180_d.CR2,e4f8da93266e63789e3bfbff1f43e200
21703.JPG,https://zenodo.org/record/4288311/files/19N2180_d.JPG,dda096ef3872be3e240301facea85a5e
21706.CR2,https://zenodo.org/record/4288311/files/19N2181_d.CR2,4367f058ff654f500cd55afee94d7c8a
21707.JPG,https://zenodo.org/record/4288311/files/19N2181_d.JPG,49aeb2fed7cdcb4f3e40e08773b04b79
21710.CR2,https://zenodo.org/record/4288311/files/19N2182_d.CR2,eafd099a060ba5ba0fdaad19a5a98206
21711.JPG,https://zenodo.org/record/4288311/files/19N2182_d.JPG,aefe74a6955c5ae5498ff387722d6fc4
21718.CR2,https://zenodo.org/record/4288311/files/19N2188_d.CR2,df8d4d8495f85d5523ccdf0f7f8455c8
21719.JPG,https://zenodo.org/record/4288311/files/19N2188_d.JPG,e9f2042bd33b160a2228560fbf832816
21722.CR2,https://zenodo.org/record/4288311/files/19N2189_d.CR2,768b86cb0ecca5f2bfe1cdbf7ec5317b
21723.JPG,https://zenodo.org/record/4288311/files/19N2189_d.JPG,3d7547f7d1cd8f1bbda346fb9882958e
21726.CR2,https://zenodo.org/record/4288311/files/19N2190_d.CR2,68f2588def50c696fd34b199e7666d6a
21727.JPG,https://zenodo.org/record/4288311/files/19N2190_d.JPG,41dc565aec95387ba0f0f7972040b733
21730.CR2,https://zenodo.org/record/4288311/files/19N2201_d.CR2,1b7da157f27359e18c230172fdb275e5
21731.JPG,https://zenodo.org/record/4288311/files/19N2201_d.JPG,7d69546053ec880888ece90e331918b7
21734.CR2,https://zenodo.org/record/4288311/files/19N2202_d.CR2,cb58cc72bd2ef64c97f2f691b45eda8a
21735.JPG,https://zenodo.org/record/4288311/files/19N2202_d.JPG,ea9a9ef4fb0f270cbc317d2bff5a7e12
21738.CR2,https://zenodo.org/record/4288311/files/19N2203_d.CR2,f9246015dc5d99570bf4bafb1a999089
21739.JPG,https://zenodo.org/record/4288311/files/19N2203_d.JPG,13e9752490ce650d7c2739259349cebe
21742.CR2,https://zenodo.org/record/4288311/files/19N2204_d.CR2,54c6a25aa3762e5bbb1bfbc78cffb36a
21743.JPG,https://zenodo.org/record/4288311/files/19N2204_d.JPG,93dbe2ed2c6b14459c1207903b7113c5
21746.CR2,https://zenodo.org/record/4288311/files/19N2205_d.CR2,a9f19e0ccb5187beda65b0d9cb5ec4a9
21747.JPG,https://zenodo.org/record/4288311/files/19N2205_d.JPG,9632a861bdac4828a783dff53c9d88af
21750.CR2,https://zenodo.org/record/4288311/files/19N2206_d.CR2,c44feedc68ad47d50befe9ecb603072b
21751.JPG,https://zenodo.org/record/4288311/files/19N2206_d.JPG,cdc178ded61fdb2925d96cdd1add151d
21754.CR2,https://zenodo.org/record/4288311/files/19N2207_d.CR2,8d94f164f8d6b49023b2b818fdbc797b
21755.JPG,https://zenodo.org/record/4288311/files/19N2207_d.JPG,61a98c8f5995b021a0e079e853654821
21758.CR2,https://zenodo.org/record/4288311/files/19N2208_d.CR2,85e84f280726f2cf59c26a990e59b8e9
21759.JPG,https://zenodo.org/record/4288311/files/19N2208_d.JPG,a4072f60c0e0bef5b0c44a6e689c88b6
21762.CR2,https://zenodo.org/record/4288311/files/19N2209_d.CR2,db96c47198e2995fcdb5533640505903
21763.JPG,https://zenodo.org/record/4288311/files/19N2209_d.JPG,dfbc06f71b656486e83658f4b4b0db97
21766.CR2,https://zenodo.org/record/4288311/files/19N2210_d.CR2,fc0fbb244fe57736d0b0ed9d4b168f59
21767.JPG,https://zenodo.org/record/4288311/files/19N2210_d.JPG,81a9f337c3a2a3029c92888f73079ac4
21770.CR2,https://zenodo.org/record/4288311/files/19N2211_d.CR2,8dd8d8bad061a18fcb52076183f3712d
21771.JPG,https://zenodo.org/record/4288311/files/19N2211_d.JPG,0e9076db99cf2971fe836e741a77fa5e
21774.CR2,https://zenodo.org/record/4288311/files/19N2212_d.CR2,19d8495320cf0547ef522fa839657907
21775.JPG,https://zenodo.org/record/4288311/files/19N2212_d.JPG,1baa51978f86365853622f9800366e4e
21778.CR2,https://zenodo.org/record/4288311/files/19N2213_d.CR2,65dd37118aabdeac7c3a6e8b669cd767
21779.JPG,https://zenodo.org/record/4288311/files/19N2213_d.JPG,3629337fe1ce070928ca0a83542d81a6
21782.CR2,https://zenodo.org/record/4288311/files/19N2214_d.CR2,c2d955cab2ec50671dba124b6e441829
21783.JPG,https://zenodo.org/record/4288311/files/19N2214_d.JPG,11d8ea3ce485c27bc7be3c01f562086e
21786.CR2,https://zenodo.org/record/4288311/files/19N2215_d.CR2,dc6867ea0168f9169d0822391ecf9ea2
21787.JPG,https://zenodo.org/record/4288311/files/19N2215_d.JPG,0c7ac48c416160761e9d8d9538b2e652
21790.CR2,https://zenodo.org/record/4288311/files/19N2216_d.CR2,84eaa98fc64800ad1fe1699c31d363fb
21791.JPG,https://zenodo.org/record/4288311/files/19N2216_d.JPG,3f4778602e74649792da96498db92ac7
21794.CR2,https://zenodo.org/record/4288311/files/19N2217_d.CR2,602e75d572bac2337a4fb3dd4a4ff35c
21795.JPG,https://zenodo.org/record/4288311/files/19N2217_d.JPG,b0a0a7dbd3f801e53e92da3dce67f836
21798.CR2,https://zenodo.org/record/4288311/files/19N2218_d.CR2,7471035bb3b379be96529e8d756ce7f3
21799.JPG,https://zenodo.org/record/4288311/files/19N2218_d.JPG,46a861d4243fe05e4db08645fd078200
21802.CR2,https://zenodo.org/record/4288311/files/19N2219_d.CR2,c4b217ff105910d399d4b1bc32ee82e6
21803.JPG,https://zenodo.org/record/4288311/files/19N2219_d.JPG,18175653367e48eb130e37f54982151f
21806.CR2,https://zenodo.org/record/4288311/files/19N2220_d.CR2,a5ebba00a20d3a481ae073c9163fbb81
21807.JPG,https://zenodo.org/record/4288311/files/19N2220_d.JPG,8eb66c9ee99cbbfe3dd72496470a0e52
21810.CR2,https://zenodo.org/record/4288311/files/19N2221_d.CR2,2d938cf955693adbdc541e41201f6d36
21811.JPG,https://zenodo.org/record/4288311/files/19N2221_d.JPG,b5d8630f03b9f3091e9b23d35b2e94cf
21814.CR2,https://zenodo.org/record/4288311/files/19N2222_d.CR2,12a374f13dd1f7512db3cb917678ee1e
21815.JPG,https://zenodo.org/record/4288311/files/19N2222_d.JPG,8fac0912d6999da87b5b9365b333f250
21818.CR2,https://zenodo.org/record/4288311/files/19N2223_d.CR2,942350f45f5b7c4ace04d7f55cd68813
21819.JPG,https://zenodo.org/record/4288311/files/19N2223_d.JPG,fec265fbb5848e80c3857f12f928a74a
21822.CR2,https://zenodo.org/record/4288311/files/19N2224_d.CR2,b467c14814820a61da7e554fd242e5b3
21823.JPG,https://zenodo.org/record/4288311/files/19N2224_d.JPG,3fad4edb2da98c8ab54b1d6d825f88ac
21826.CR2,https://zenodo.org/record/4288311/files/19N2225_d.CR2,898e0af8acd0fcfe1824c11ab53fa46a
21827.JPG,https://zenodo.org/record/4288311/files/19N2225_d.JPG,b33f97ae5bb49ec12e424b582a76d6b7
21830.CR2,https://zenodo.org/record/4288311/files/19N2226_d.CR2,f0d41c11187808f85ca88df15bd53336
21831.JPG,https://zenodo.org/record/4288311/files/19N2226_d.JPG,02df552eeeb9733b5791730240a70186
21834.CR2,https://zenodo.org/record/4288311/files/19N2227_d.CR2,77d09794c47ba568e043552033fdcc79
21835.JPG,https://zenodo.org/record/4288311/files/19N2227_d.JPG,12dbb07e56bb2f82e0a018999a857f1b
21838.CR2,https://zenodo.org/record/4288311/files/19N2228_d.CR2,6ae19e50a807390af2d4ea2ce1469519
21839.JPG,https://zenodo.org/record/4288311/files/19N2228_d.JPG,f1af31fa5f3503885773746105b733d1
21842.CR2,https://zenodo.org/record/4288311/files/19N2229_d.CR2,472a0e0e78ebd0ccb4efe860e3f349b2
21843.JPG,https://zenodo.org/record/4288311/files/19N2229_d.JPG,f40c87041afbc75cb7564c057db2f634
21846.CR2,https://zenodo.org/record/4288311/files/19N2230_d.CR2,3053355649d7b37fa41fc08492f0bd2f
21847.JPG,https://zenodo.org/record/4288311/files/19N2230_d.JPG,bdee852ed6ba375e3b99ece65309b471
21850.CR2,https://zenodo.org/record/4288311/files/19N2231_d.CR2,9dc224eef7f5daf4172efe892405273d
21851.JPG,https://zenodo.org/record/4288311/files/19N2231_d.JPG,4b833acb57d746aa378e10f9593d1fbd
21854.CR2,https://zenodo.org/record/4288311/files/19N2232_d.CR2,e98d75900cf4a814d47894638479fcac
21855.JPG,https://zenodo.org/record/4288311/files/19N2232_d.JPG,ceda69461017b44eedff94b257d62c61
21858.CR2,https://zenodo.org/record/4288311/files/19N2233_d.CR2,2e644e7353dd7bd67d979bf8b16a9dbe
21859.JPG,https://zenodo.org/record/4288311/files/19N2233_d.JPG,537321b59aacc3898cb13db0c73d8260
21862.CR2,https://zenodo.org/record/4288311/files/19N2234_d.CR2,bbb9a2964647c0894113790caa192434
21863.JPG,https://zenodo.org/record/4288311/files/19N2234_d.JPG,8d957c5c3b73c2ec6d813b7c09fdd6c5
21866.CR2,https://zenodo.org/record/4288311/files/19N2235_d.CR2,05376b7cfea5da856f8ecc34f373fb16
21867.JPG,https://zenodo.org/record/4288311/files/19N2235_d.JPG,6a89c9bda97f886fd41e5d874effdbe8
21870.CR2,https://zenodo.org/record/4288311/files/19N2236_d.CR2,bebea9bce3f3df2164f86c35dfff2320
21871.JPG,https://zenodo.org/record/4288311/files/19N2236_d.JPG,6add09195b53b29dd91500382e1e719f
21874.CR2,https://zenodo.org/record/4288311/files/19N2237_d.CR2,fd17dbd0a743f507634d2588bdce54df
21875.JPG,https://zenodo.org/record/4288311/files/19N2237_d.JPG,4bb9bbd7fcda18ee9e711e693efe63fd
21878.CR2,https://zenodo.org/record/4288311/files/19N2238_d.CR2,62e75bb16a844833c9cc8cce5d3f9e39
21879.JPG,https://zenodo.org/record/4288311/files/19N2238_d.JPG,a030df38e3d35d9dc014d4a435c161b3
21882.CR2,https://zenodo.org/record/4288311/files/19N2239_d.CR2,1045b8fa6144710beeb3daf672babea8
21883.JPG,https://zenodo.org/record/4288311/files/19N2239_d.JPG,408e96f7b09330eebd0274a165d7010b
21886.CR2,https://zenodo.org/record/4288311/files/19N2240_d.CR2,66aed72b06d2c52f71d49cb051556ade
21887.JPG,https://zenodo.org/record/4288311/files/19N2240_d.JPG,8f070c354c7eb52d3f0cb7ced8cc147a
21890.CR2,https://zenodo.org/record/4288311/files/19N2241_d.CR2,48f5b719d83614550f12be83ea35134f
21891.JPG,https://zenodo.org/record/4288311/files/19N2241_d.JPG,6b18dd45217008661e7c0357b7c596e1
21894.CR2,https://zenodo.org/record/4288311/files/19N2242_d.CR2,59f98dda053c31dfb8d30970a4993c7d
21895.JPG,https://zenodo.org/record/4288311/files/19N2242_d.JPG,26f2ead58cbe226eff7a9daae75d67c1
21898.CR2,https://zenodo.org/record/4288311/files/19N2243_d.CR2,b149c1559f898542821c26b42c86e17d
21899.JPG,https://zenodo.org/record/4288311/files/19N2243_d.JPG,69feda466db8ca6ccf1d698ac32076de
21902.CR2,https://zenodo.org/record/4288311/files/19N2244_d.CR2,39cffb52321555a4736bb3658ce85970
21903.JPG,https://zenodo.org/record/4288311/files/19N2244_d.JPG,9762ce21990138c900041a536fecf8f7
21906.CR2,https://zenodo.org/record/4288311/files/19N2245_d.CR2,a99010d82fc7f03e4ccc4a7e8ac1c8ad
21907.JPG,https://zenodo.org/record/4288311/files/19N2245_d.JPG,461d5604f0e19596f851ade61386fb4d
21910.CR2,https://zenodo.org/record/4288311/files/19N2246_d.CR2,cf78cdd96c23cace924a6f882423beb7
21911.JPG,https://zenodo.org/record/4288311/files/19N2246_d.JPG,7f6175f28be8d860a837a30245a64125
21914.CR2,https://zenodo.org/record/4288311/files/19N2247_d.CR2,c333aa700688610539120970e322657e
21915.JPG,https://zenodo.org/record/4288311/files/19N2247_d.JPG,cf73fbd8d832551cdffd980be38ea92d
21918.CR2,https://zenodo.org/record/4288311/files/19N2248_d.CR2,72e22533b39f9ab3fbd0b05de35deefc
21919.JPG,https://zenodo.org/record/4288311/files/19N2248_d.JPG,5f5f8d136c533200402f99ea4576be14
21922.CR2,https://zenodo.org/record/4288311/files/19N2249_d.CR2,c07614eea66b44ad5a0fa57fb8906a4f
21923.JPG,https://zenodo.org/record/4288311/files/19N2249_d.JPG,4ed7e80e27e4f1b8dc2e754f8e56f3a0
21926.CR2,https://zenodo.org/record/4288311/files/19N2250_d.CR2,fcc9c81586e40aae3e6fb6de60407451
21927.JPG,https://zenodo.org/record/4288311/files/19N2250_d.JPG,04240170a5bc6858c33d8360a157a996
21930.CR2,https://zenodo.org/record/4288311/files/19N2251_d.CR2,3db4e7acb9c7f9efb2ff9fc55f983a96
21931.JPG,https://zenodo.org/record/4288311/files/19N2251_d.JPG,277138bc91caee4b63fe4edd59c23d1e
21934.CR2,https://zenodo.org/record/4288311/files/19N2252_d.CR2,0667a6751787ef855ce6202be8ae6820
21935.JPG,https://zenodo.org/record/4288311/files/19N2252_d.JPG,522ee6f23fdd9a0936bd938a8cbe28b0
21938.CR2,https://zenodo.org/record/4288311/files/19N2253_d.CR2,e87605444cc90cc98c264b8600dc87bb
21939.JPG,https://zenodo.org/record/4288311/files/19N2253_d.JPG,2bd51ebe7d88b15357b474ad2f336cc2
21942.CR2,https://zenodo.org/record/4288311/files/19N2254_d.CR2,f733e41c538200d1ca701b8c01f08755
21943.JPG,https://zenodo.org/record/4288311/files/19N2254_d.JPG,0bc3f11a8899f318e1a15fd7cdcf9061
21946.CR2,https://zenodo.org/record/4288311/files/19N2255_d.CR2,4773ce040b2662eefe03046e10190936
21947.JPG,https://zenodo.org/record/4288311/files/19N2255_d.JPG,23ccce76d7d312713759f90a3dd9a039
21950.CR2,https://zenodo.org/record/4288311/files/19N2256_d.CR2,1b9afc84ed7a335f1fa6d841d4b1653b
21951.JPG,https://zenodo.org/record/4288311/files/19N2256_d.JPG,fb046fdbed0b9fd9807c2cf0841eabd7
21954.CR2,https://zenodo.org/record/4288311/files/19N2257_d.CR2,40408cc76f33f106f0daa0a34b964aea
21955.JPG,https://zenodo.org/record/4288311/files/19N2257_d.JPG,b160858d9adb36a94c577a7c5eb1b0b4
21958.CR2,https://zenodo.org/record/4288311/files/19N2258_d.CR2,3a79b10ec0dd08ca75d9f0ae31234699
21959.JPG,https://zenodo.org/record/4288311/files/19N2258_d.JPG,16800f92feb59c336622607db9288e8a
21962.CR2,https://zenodo.org/record/4288311/files/19N2259_d.CR2,2d16eae1a73ea3b81deaed1fb9f96765
21963.JPG,https://zenodo.org/record/4288311/files/19N2259_d.JPG,e7bfba12f52188b6a250f138bf5e52c1
21966.CR2,https://zenodo.org/record/4288311/files/19N2260_d.CR2,aee3d7f5d91bc5e8a8c92352a68c5949
21967.JPG,https://zenodo.org/record/4288311/files/19N2260_d.JPG,042a36895cb4eb951506e3f8b99226f0
21970.CR2,https://zenodo.org/record/4288311/files/19N2261_d.CR2,7048bd5abccb175a012da313d2a16b0c
21971.JPG,https://zenodo.org/record/4288311/files/19N2261_d.JPG,710519b25224d28ee11ab3e416045dd4
21974.CR2,https://zenodo.org/record/4288311/files/19N2262_d.CR2,a20549b54c0b897e557d772d88028bc7
21975.JPG,https://zenodo.org/record/4288311/files/19N2262_d.JPG,311be9c02ac951ab6ba7f8f622dff22f
21978.CR2,https://zenodo.org/record/4288311/files/19N2263_d.CR2,16ceed84d6313ebfde64b2d5630fd0dc
21979.JPG,https://zenodo.org/record/4288311/files/19N2263_d.JPG,ab301738999e75128567f32a1f650f25
21982.CR2,https://zenodo.org/record/4288311/files/19N2264_d.CR2,3cb18a74af8a024ba970b3d994cdea04
21983.JPG,https://zenodo.org/record/4288311/files/19N2264_d.JPG,82638e1c070b556102fcbdd10ad63523
21986.CR2,https://zenodo.org/record/4288311/files/19N2265_d.CR2,011704717806494b1137a1993bfff692
21987.JPG,https://zenodo.org/record/4288311/files/19N2265_d.JPG,1149fc75a4da115fea15d064c9a0d444
21990.CR2,https://zenodo.org/record/4288311/files/19N2266_d.CR2,3088fae1bd6ff163349f0630b7b23045
21991.JPG,https://zenodo.org/record/4288311/files/19N2266_d.JPG,0c09089262eb5049657a7e1560cc1bbb
21994.CR2,https://zenodo.org/record/4288311/files/19N2267_d.CR2,87787f3dd154ddacf0e306fbc8e81de3
21995.JPG,https://zenodo.org/record/4288311/files/19N2267_d.JPG,a1cb40d1b18aa549b37852c9700d25dd
21998.CR2,https://zenodo.org/record/4288311/files/19N2268_d.CR2,c4a170c6b589f5db6a335ed71b24765b
21999.JPG,https://zenodo.org/record/4288311/files/19N2268_d.JPG,7e306a2b821f33b31c8f5ba393d8dcdd
22002.CR2,https://zenodo.org/record/4288311/files/19N2269_d.CR2,9d6908523351e4b0a603a9fc0a60f460
22003.JPG,https://zenodo.org/record/4288311/files/19N2269_d.JPG,38c29ec9768aa409d3d09472aa4c2c1c
22006.CR2,https://zenodo.org/record/4288311/files/19N2270_d.CR2,82aded493852f39cde83125c0172e4eb
22007.JPG,https://zenodo.org/record/4288311/files/19N2270_d.JPG,32849c0d4cf09b77c633df55f54236a0
22010.CR2,https://zenodo.org/record/4288311/files/19N2271_d.CR2,87d766ababef685cc65c41b935de61ce
22011.JPG,https://zenodo.org/record/4288311/files/19N2271_d.JPG,440a4f47b3295ec5801f91085863231d
22014.CR2,https://zenodo.org/record/4288311/files/19N2272_d.CR2,3a1fae9476226950255e722f1ae5041b
22015.JPG,https://zenodo.org/record/4288311/files/19N2272_d.JPG,899fe1121fc17341778ad7fc029da428
22018.CR2,https://zenodo.org/record/4288311/files/19N2273_d.CR2,c759fefd6f01344f1122129f8fc97491
22019.JPG,https://zenodo.org/record/4288311/files/19N2273_d.JPG,0267649ad3657fef69f5559306154b7f
22022.CR2,https://zenodo.org/record/4288311/files/19N2274_d.CR2,c2371ad7b575c865ab318c63670a1859
22023.JPG,https://zenodo.org/record/4288311/files/19N2274_d.JPG,b67a7923d0891a113ae1200dcf891607
22026.CR2,https://zenodo.org/record/4288311/files/19N2275_d.CR2,5f87d858aa22ab10dafa3b0f3e80d334
22027.JPG,https://zenodo.org/record/4288311/files/19N2275_d.JPG,7a1128d5b7dde71df8196263c44cdde8
22030.CR2,https://zenodo.org/record/4288311/files/19N2276_d.CR2,a11e2253178a7569952f8fccb33e67d1
22031.JPG,https://zenodo.org/record/4288311/files/19N2276_d.JPG,62db82430fd4cd2724ee19c818992539
22034.CR2,https://zenodo.org/record/4288311/files/19N2277_d.CR2,99883b3311955bdf87b7f5202b657363
22035.JPG,https://zenodo.org/record/4288311/files/19N2277_d.JPG,20ce1ac88f9699b58c266ba02616a785
22038.CR2,https://zenodo.org/record/4288311/files/19N2278_d.CR2,07f11659641a611d326c5bb027389638
22039.JPG,https://zenodo.org/record/4288311/files/19N2278_d.JPG,e99980f53b08915bf91c8988631e024c
22042.CR2,https://zenodo.org/record/4288311/files/19N2279_d.CR2,da1bb9f532307f6edb9f98dd0f2f603f
22043.JPG,https://zenodo.org/record/4288311/files/19N2279_d.JPG,5387acb0ce0f24c4c55aa62be8fec725
22046.CR2,https://zenodo.org/record/4288311/files/19N2280_d.CR2,a425090594f4b081f4592e3228c9f674
22047.JPG,https://zenodo.org/record/4288311/files/19N2280_d.JPG,6a2e32e19f0f7094f5e2f7f292706bc8
22050.CR2,https://zenodo.org/record/4288311/files/19N2281_d.CR2,c373212fc335b7eedd32180e0ae5adc5
22051.JPG,https://zenodo.org/record/4288311/files/19N2281_d.JPG,096a6439d45924b2b47145114f0f60d8
22054.CR2,https://zenodo.org/record/4288311/files/19N2282_d.CR2,5ca7fd91febd81c373d897eec721fcca
22055.JPG,https://zenodo.org/record/4288311/files/19N2282_d.JPG,aab6d46c389901a58b027a882d0f511d
22058.CR2,https://zenodo.org/record/4288311/files/19N2283_d.CR2,dc1bc5be3d13cbf7a3ee238096a65c4e
22059.JPG,https://zenodo.org/record/4288311/files/19N2283_d.JPG,9d8d349a24802650ce0e4f75e9fd3285
22062.CR2,https://zenodo.org/record/4288311/files/19N2284_d.CR2,010e654da9ba793bb715094c7d1f9e20
22063.JPG,https://zenodo.org/record/4288311/files/19N2284_d.JPG,c3ce6cbb2f2600c6ec1d5852d97374bf
22066.CR2,https://zenodo.org/record/4288311/files/19N2285_d.CR2,db931ef8c04344c0dc04b4b9ddea0378
22067.JPG,https://zenodo.org/record/4288311/files/19N2285_d.JPG,1a66fed6b3a60a5c916b63e011403065
23118.jpg,https://zenodo.org/record/2552371/files/10035d.jpg,dfdc0f6460fc07892f18bbd51de67dad
25277.jpg,https://zenodo.org/record/2552371/files/8158d.jpg,eb194b2d1f932e89622c9531bce38bfc
25360.JPG,https://zenodo.org/record/2552371/files/16144d.JPG,e5aa410afe8a5f1071b52cdd6b532ebf
25362.JPG,https://zenodo.org/record/2552371/files/16190d2.JPG,125c13b5368b82e8fb5687963527ce6a
25364.JPG,https://zenodo.org/record/2552371/files/16197d.JPG,8b964908bf9eadd583e482f760797875
25407.JPG,https://zenodo.org/record/2552371/files/16205d.JPG,aa2db7f592a2f701c061f1ad1fcd7a54
25409.JPG,https://zenodo.org/record/2552371/files/16224d.JPG,4d1e2ac362a5e2c20d3e02def6d6db1f
25411.JPG,https://zenodo.org/record/2552371/files/16234d.JPG,4f5c4c3517a67160799f704539ea95a8
25413.JPG,https://zenodo.org/record/2552371/files/16266d.JPG,515dcc8c29d0024657728d56eb5f8208
25415.JPG,https://zenodo.org/record/2552371/files/16267d.JPG,59132c28e04a1b47cf096bb607861c11
25417.JPG,https://zenodo.org/record/2552371/files/16268d.JPG,a75d8841b788937531c0b4055e8fc89d
25419.JPG,https://zenodo.org/record/2552371/files/16273d.JPG,97767d6d0e5286551b4d874fe3aa3cb8
25421.JPG,https://zenodo.org/record/2552371/files/16274d.JPG,20c3837ddac09a18f3334e0c28d98806
25423.JPG,https://zenodo.org/record/2552371/files/16426d.JPG,ec156599690cbae799cf6c75d3343a37
25425.JPG,https://zenodo.org/record/2552371/files/16465d.JPG,afbc4e5e1f973ca4f71c6c8389bebf75
25497.JPG,https://zenodo.org/record/2552371/files/16506d.JPG,1dbe8d87456dd6319c9d7102dd1eaa08
25499.JPG,https://zenodo.org/record/2552371/files/16538d.JPG,0939ae4e58c53a2a42219b09ed78cbe3
25501.JPG,https://zenodo.org/record/2552371/files/16540.JPG,9b23db1f52dbe6daa81cff43f3391681
25503.JPG,https://zenodo.org/record/2552371/files/16541d.JPG,8ff1a648b1413db8f1e17a0b07f822ca
25505.JPG,https://zenodo.org/record/2552371/files/16542d.JPG,d768192e4856269ad1401ee4a2124b94
25507.JPG,https://zenodo.org/record/2552371/files/16544d.JPG,41cb0163f67b9e365e581b7de87f759e
25509.JPG,https://zenodo.org/record/2552371/files/16545d.JPG,a62d42e6a22a58d0c6bc00f026e7f481
25511.JPG,https://zenodo.org/record/2552371/files/16546d.JPG,b702076c948010910a17a100f7002206
25513.JPG,https://zenodo.org/record/2552371/files/16547d.JPG,bd6d61b1689a61ef2384ef1f16a89147
25515.JPG,https://zenodo.org/record/2552371/files/16548d.JPG,8b6fa1ad8eae9ad107e511623fd921ac
25517.JPG,https://zenodo.org/record/2552371/files/16549d.JPG,e6e091e974701354807a7f2e42f4c4d1
25519.JPG,https://zenodo.org/record/2552371/files/16551d.JPG,f1ad1fa1edc194212ad51427eafabc98
25521.JPG,https://zenodo.org/record/2552371/files/16552d.JPG,fb06d887c2d31d8a280b6babbfa53dc4
25523.JPG,https://zenodo.org/record/2552371/files/16567d.JPG,4cd809ef320c60024206b7124c86ff19
25525.JPG,https://zenodo.org/record/2552371/files/16594d.JPG,85a604dabc49c44316375e1fb622130d
25531.JPG,https://zenodo.org/record/2552371/files/16599d.JPG,4f613ca64a0aec995bde7c493defde59
25533.JPG,https://zenodo.org/record/2552371/files/16606d.JPG,cc1d6f5bc56d491a67590c79d0a3b931
25535.JPG,https://zenodo.org/record/2552371/files/16609d.JPG,e2767f87cafd3b7988d13ddc66298d35
25537.JPG,https://zenodo.org/record/2552371/files/16610d.JPG,626fa710e823457bd59d6f66c5651c1f
25539.JPG,https://zenodo.org/record/2552371/files/16611d.JPG,8351902e11eabb352f874176d79b36c6
25541.JPG,https://zenodo.org/record/2552371/files/16766d.JPG,6ab374a363caa655f69e3ceff0c95e9b
25543.JPG,https://zenodo.org/record/2552371/files/16772d.JPG,9d7c5abc001f4ceaa824a613ea6d50d1
25591.jpeg,https://zenodo.org/record/2553501/files/CS1002 dorsal.jpeg,afd3c2de69e485be1c270745fe1de926
25595.jpeg,https://zenodo.org/record/2553501/files/CS1011 dorsal.jpeg,a72a22bc22306c456d2fe60f20ba89d3
25625.jpeg,https://zenodo.org/record/2553501/files/CS1286 dorsal.jpeg,074a6fe234a468aae5621709469beba3
25627.jpeg,https://zenodo.org/record/2553501/files/CS1321 dorsal.jpeg,e2c7301088f8b4120bf7429fd6408e3c
25643.jpeg,https://zenodo.org/record/2553501/files/CS1815 dorsal.jpeg,0f5f5bc64fd0d0206eb4f4f1a8061adb
25701.jpeg,https://zenodo.org/record/2553501/files/CS2311 dorsal.jpeg,040355b419f366dbeb36ba66c20f6b0e
25847.jpeg,https://zenodo.org/record/2553501/files/CS3109 dorsal.jpeg,424405711acc704ceaf41a598f0857c3
25901.jpeg,https://zenodo.org/record/2553501/files/CS3366 dorsal.jpeg,3fbf204f62d7c4586bc0e303d7092fa3
25933.jpeg,https://zenodo.org/record/2553501/files/CS3447 dorsal.jpeg,b44fadb16cbf08a2f2e07486f4589659
25935.jpeg,https://zenodo.org/record/2553501/files/CS3541 dorsal.jpeg,312367e5202c3356742bed943ff4a5b7
25937.jpeg,https://zenodo.org/record/2553501/files/CS3542 dorsal.jpeg,1c9d1b948dc81d8bf20017c8c820f7a9
25939.jpeg,https://zenodo.org/record/2553501/files/CS3543 dorsal.jpeg,1399f967c544ec222ba453eba18739b0
25941.jpeg,https://zenodo.org/record/2553501/files/CS3544 dorsal.jpeg,88b473014bb25e55e3207c3fa48624e7
25963.jpeg,https://zenodo.org/record/2553501/files/CS3706 dorsal.jpeg,4eae066443500b7d0ff581fb6f47868e
25965.jpeg,https://zenodo.org/record/2553501/files/CS3709 dorsal.jpeg,689f0e5d256f2638038fc26afec3fdd4
25967.jpeg,https://zenodo.org/record/2553501/files/CS3728 dorsal.jpeg,6e954266b0101fc503af4c98fb715682
25969.jpeg,https://zenodo.org/record/2553501/files/CS3730 dorsal.jpeg,4327e5bdd641bb54da36651b83447f4b
25983.jpeg,https://zenodo.org/record/2553501/files/CS3815 dorsal.jpeg,1de3688363e49c3379ac88ff82414f46
25985.jpeg,https://zenodo.org/record/2553501/files/CS3820 dorsal.jpeg,64cff493935989bb3eef65fcda26f9c7
25987.jpeg,https://zenodo.org/record/2553501/files/CS3830 dorsal.jpeg,08e26878b496e3fe07bc4d45fd2552e7
25997.jpeg,https://zenodo.org/record/2553501/files/CS470 dorsal.jpeg,fa3e3b77a00d7945d941b6a8d488bba8
26003.jpeg,https://zenodo.org/record/2553501/files/CS583 dorsal.jpeg,10908d2a16dbab00a02e579b86fa3fdd
26005.jpeg,https://zenodo.org/record/2553501/files/CS586 dorsal.jpeg,dc11dd562f9b981e39504eeaf30260e8
26007.jpeg,https://zenodo.org/record/2553501/files/CS594 dorsal.jpeg,2c20d4131428ba6700871ee70fa2e5b9
26009.jpeg,https://zenodo.org/record/2553501/files/CS604 dorsal.jpeg,f79a2a8fe8439e65c5f5867c063acd3f
26011.jpeg,https://zenodo.org/record/2553501/files/CS615 dorsal.jpeg,2e58359f9e26db3ecd37d240980fd1ec
26049.jpg,https://zenodo.org/record/2553977/files/16550_H_m_malleti_D.JPG.jpg,2f52c21c7c4caf3f79108557bcd8b30a
26053.jpg,https://zenodo.org/record/2553977/files/17162_H_melpomene_malleti_D.JPG.jpg,c599ed934580ff012b1ede91646762a4
26214.CR2,https://zenodo.org/record/2549524/files/CAM010006_d.CR2,ddc95545d515d4871aee0fd66cc53a10
26215.JPG,https://zenodo.org/record/2549524/files/CAM010006_d.JPG,155cfd4297dea092e8ca4baf49b160f1
26226.CR2,https://zenodo.org/record/2549524/files/CAM010014_d.CR2,f9415fee61d6b3cba4355cf54e902547
26227.JPG,https://zenodo.org/record/2549524/files/CAM010014_d.JPG,96a656d3c3c13d3e27d1189dae2108a4
26254.CR2,https://zenodo.org/record/2549524/files/CAM010035_d.CR2,bba9d725823ef206a73b2d788d02166a
26255.JPG,https://zenodo.org/record/2549524/files/CAM010035_d.JPG,cee467ac8c814e257ae48c9e21946fee
26326.CR2,https://zenodo.org/record/2549524/files/CAM010077_d.CR2,dbf34eb1ce25c2e84808506cf271f0f7
26327.JPG,https://zenodo.org/record/2549524/files/CAM010077_d.JPG,efc29cc0e80ddb1d9b74af14e4f2a60b
26346.CR2,https://zenodo.org/record/2549524/files/CAM010089_d.CR2,362d78b596b24af9afc5d0851ce1c8f0
26347.JPG,https://zenodo.org/record/2549524/files/CAM010089_d.JPG,6146511fdda815da403e1040218f8901
27821.CR2,https://zenodo.org/record/2550097/files/CAM011296_d.CR2,f049b61b409ee34647c708509debe27d
27822.JPG,https://zenodo.org/record/2550097/files/CAM011296_d.JPG,378b5724232f26ba13692099c27e3c13
28211.CR2,https://zenodo.org/record/2550097/files/CAM011428_d.CR2,87751d1797e4c5be61c2f214be56e6e2
28212.JPG,https://zenodo.org/record/2550097/files/CAM011428_d.JPG,199cd142e4241f4e449a7dd1605b114c
28255.CR2,https://zenodo.org/record/2550097/files/CAM011441_d.CR2,47e2d2371f08038219c387a72c648688
28256.JPG,https://zenodo.org/record/2550097/files/CAM011441_d.JPG,9c2c09df8f6ed99ad39b15662c41a879
28267.CR2,https://zenodo.org/record/2550097/files/CAM011444_d.CR2,43420c529dc3842fb42e7edbbe7e595b
28268.JPG,https://zenodo.org/record/2550097/files/CAM011444_d.JPG,23a0e7c1df3b2ae62289e767c4cde919
28279.CR2,https://zenodo.org/record/2550097/files/CAM011447_d.CR2,ce54f80cb5bc26c1bc358d05d901a68d
28280.JPG,https://zenodo.org/record/2550097/files/CAM011447_d.JPG,38be636e913a225c3700aca8c6aab2f1
38395.CR2,https://zenodo.org/record/4291095/files/CAM041354_d.CR2,2693939bf6b79f7f3b77eb8be261eabf
38396.JPG,https://zenodo.org/record/4291095/files/CAM041354_d.JPG,4d1bb91cd28fcdda3709a267c799bd8b
38399.CR2,https://zenodo.org/record/4291095/files/CAM041355_d.CR2,1e586df0e4519bd317dd8ebf8c9b5a51
38400.JPG,https://zenodo.org/record/4291095/files/CAM041355_d.JPG,f1269756ef515a234e7f092de5ea06a5
38403.CR2,https://zenodo.org/record/4291095/files/CAM041356_d.CR2,4a659874eb4e6e2276b2e4138f00e75c
38404.JPG,https://zenodo.org/record/4291095/files/CAM041356_d.JPG,551166b3b5d03e3c7d2c7af76ad90462
38407.CR2,https://zenodo.org/record/4291095/files/CAM041357_d.CR2,171983ade1813703eebb3b9ae8650c14
38408.JPG,https://zenodo.org/record/4291095/files/CAM041357_d.JPG,b8aa3b5f780877d50db6d65f40ce668a
38411.CR2,https://zenodo.org/record/4291095/files/CAM041358_d.CR2,171750d4e8e710ec24ba050a342adbc6
38412.JPG,https://zenodo.org/record/4291095/files/CAM041358_d.JPG,3ed1f0f374631be57ee1a64646c151ff
38415.CR2,https://zenodo.org/record/4291095/files/CAM041359_d.CR2,efa8c549963cf84d0655ce0e168cb831
38416.JPG,https://zenodo.org/record/4291095/files/CAM041359_d.JPG,fce044166ca494630d06c88567e6bdc3
38419.CR2,https://zenodo.org/record/4291095/files/CAM041360_d.CR2,24a4013ea0f3c01157e90e024cc6843c
38420.JPG,https://zenodo.org/record/4291095/files/CAM041360_d.JPG,fbd8c3611064ae4da9fa2701cdd037cc
38423.CR2,https://zenodo.org/record/4291095/files/CAM041361_d.CR2,2b7bb3d49a7b2f1b2057ee99e062d1f6
38424.JPG,https://zenodo.org/record/4291095/files/CAM041361_d.JPG,2289de1f4368bed93b7fda60fe2fcd76
38427.CR2,https://zenodo.org/record/4291095/files/CAM041362_d.CR2,ae9e190d0a5034a50f2ee49d9502d5cf
38428.JPG,https://zenodo.org/record/4291095/files/CAM041362_d.JPG,534c742decb849478c251013ce06ba54
38431.CR2,https://zenodo.org/record/4291095/files/CAM041363_d.CR2,d411ee9d9182af8d0159d47d28223b01
38432.JPG,https://zenodo.org/record/4291095/files/CAM041363_d.JPG,fb93fc1ed55dc70d8bac62d8d2fda3b9
38435.CR2,https://zenodo.org/record/4291095/files/CAM041364_d.CR2,79a0079295fe4af27875df9563590262
38436.JPG,https://zenodo.org/record/4291095/files/CAM041364_d.JPG,6fe82da06667eb0b902c145e5dd6fc41
38439.CR2,https://zenodo.org/record/4291095/files/CAM041365_d.CR2,476c9d9059d06a9564970785365c6997
38440.JPG,https://zenodo.org/record/4291095/files/CAM041365_d.JPG,825daddbd8fd0e7c98340ca8b25c0063
38443.CR2,https://zenodo.org/record/4291095/files/CAM041366_d.CR2,ef0ef48487f3f60c20567668fbe7afd9
38444.JPG,https://zenodo.org/record/4291095/files/CAM041366_d.JPG,75151d13dba6cfed2d7bf7a246c405f4
38447.CR2,https://zenodo.org/record/4291095/files/CAM041367_d.CR2,23e1655595799e7ed217209cd7805e16
38448.JPG,https://zenodo.org/record/4291095/files/CAM041367_d.JPG,bf505278014c55462b4f7a4e3097d4d6
38451.CR2,https://zenodo.org/record/4291095/files/CAM041368_d.CR2,91c85fb2204e7029afcbfca8ffa6f18f
38452.JPG,https://zenodo.org/record/4291095/files/CAM041368_d.JPG,d4ad0b91747dce76b48e6effa4e1663a
38455.CR2,https://zenodo.org/record/4291095/files/CAM041369_d.CR2,f20fd547b0df702f51f3579a47062b02
38456.JPG,https://zenodo.org/record/4291095/files/CAM041369_d.JPG,2cf4fe9c1158ca540754f52a8d83cdf6
38463.CR2,https://zenodo.org/record/4291095/files/CAM041371_d.CR2,15f5c94e2edd4c933bf3ddd1ffd1f84b
38464.JPG,https://zenodo.org/record/4291095/files/CAM041371_d.JPG,84241fc04069ffd37c9a794807557c46
38467.CR2,https://zenodo.org/record/4291095/files/CAM041372_d.CR2,a726e671dd71f6cf2d392329b076d9a8
38468.JPG,https://zenodo.org/record/4291095/files/CAM041372_d.JPG,94dce8f089ecd926effd8721f4699364
38491.CR2,https://zenodo.org/record/4291095/files/CAM041378_d.CR2,7115c79fbfba580bb127bb6c9f5a784a
38492.JPG,https://zenodo.org/record/4291095/files/CAM041378_d.JPG,11873a660b2242b533582821980f3e83
38495.CR2,https://zenodo.org/record/4291095/files/CAM041379_d.CR2,67ab493f7d2f7e50fbc8afeef6e3be58
38496.JPG,https://zenodo.org/record/4291095/files/CAM041379_d.JPG,76b1d4d210ce892870eaa9aa5156c1f9
38499.CR2,https://zenodo.org/record/4291095/files/CAM041380_d.CR2,3d27cbcadf100e3cd2044114f44da4e0
38500.JPG,https://zenodo.org/record/4291095/files/CAM041380_d.JPG,c4792b927415005250b0fd0216ae566d
38503.CR2,https://zenodo.org/record/4291095/files/CAM041381_d.CR2,c9276386e4458410a2056e7c74399703
38504.JPG,https://zenodo.org/record/4291095/files/CAM041381_d.JPG,8f4f1eec2815536f569f4aa13f5f8933
38507.CR2,https://zenodo.org/record/4291095/files/CAM041382_d.CR2,4d82f1b55254524ba98e3589755d577f
38508.JPG,https://zenodo.org/record/4291095/files/CAM041382_d.JPG,4b683990c46ba2c1bf63a3fcdd364b74
38511.CR2,https://zenodo.org/record/4291095/files/CAM041383_d.CR2,cf053ebd94f0b60729f785507ed0efd4
38512.JPG,https://zenodo.org/record/4291095/files/CAM041383_d.JPG,531ed572194f149311c1e5c0719dc3e2
38515.CR2,https://zenodo.org/record/4291095/files/CAM041384_d.CR2,c7f7aac570c9122e1c56358eaab55bd5
38516.JPG,https://zenodo.org/record/4291095/files/CAM041384_d.JPG,453d65438daca222f1a4d40dfdd9d5ef
38519.CR2,https://zenodo.org/record/4291095/files/CAM041385_d.CR2,543a123c0e3b7def64bde3420e088e65
38520.JPG,https://zenodo.org/record/4291095/files/CAM041385_d.JPG,653b3c87460fd042badcb7dbe777fb0f
38523.CR2,https://zenodo.org/record/4291095/files/CAM041386_d.CR2,f7a52169d7cc0eb3b718d77960325e65
38524.JPG,https://zenodo.org/record/4291095/files/CAM041386_d.JPG,f8b69e7213e676639b30c3b1a031be31
38527.CR2,https://zenodo.org/record/4291095/files/CAM041387_d.CR2,32defba857a06763497dd6dd47f2d6f9
38528.JPG,https://zenodo.org/record/4291095/files/CAM041387_d.JPG,ec75b50e8b6961934810d4ea6d909c50
38531.CR2,https://zenodo.org/record/4291095/files/CAM041388_d.CR2,a6fdf61a4f83d5ca1a24b3e7157a1ce3
38532.JPG,https://zenodo.org/record/4291095/files/CAM041388_d.JPG,3dab3dc90ad066993ab3df2573309b18
38535.CR2,https://zenodo.org/record/4291095/files/CAM041389_d.CR2,f8fa38fd271f10928300fcbae4c82e52
38536.JPG,https://zenodo.org/record/4291095/files/CAM041389_d.JPG,60420e594e6fce40c74e39376292f1fd
38539.CR2,https://zenodo.org/record/4291095/files/CAM041390_d.CR2,89fd8c2da07cdcf46adaa030f06482f4
38540.JPG,https://zenodo.org/record/4291095/files/CAM041390_d.JPG,ca26c81b83da3843fbdf4dfe65085488
38543.CR2,https://zenodo.org/record/4291095/files/CAM041393_d.CR2,5a62dfa7b6742d2ca60e40cc5e66e2a3
38544.JPG,https://zenodo.org/record/4291095/files/CAM041393_d.JPG,65c88bc8a0a69651448fe8f425bc324b
38571.CR2,https://zenodo.org/record/4291095/files/CAM041400_d.CR2,5bd2550d516fe38e4035401e3e90453f
38572.JPG,https://zenodo.org/record/4291095/files/CAM041400_d.JPG,62a844d1b3ed96b7a74230fbbd6453d2
38583.CR2,https://zenodo.org/record/4291095/files/CAM041403_d.CR2,6719031020294bbbd4f5974282721247
38584.JPG,https://zenodo.org/record/4291095/files/CAM041403_d.JPG,b063a787dc19d8e1e2cbbca9dc6c5303
38683.CR2,https://zenodo.org/record/4291095/files/CAM041428_d.CR2,672ab60e225be0fc6d3b86b799e1d9df
38684.JPG,https://zenodo.org/record/4291095/files/CAM041428_d.JPG,6f7bd3ff96dd85667e5bf394276cd8a3
38687.CR2,https://zenodo.org/record/4291095/files/CAM041429_d.CR2,09944e7107d7bacfd6600bff9667f138
38688.JPG,https://zenodo.org/record/4291095/files/CAM041429_d.JPG,3b043ee2c501b8d69347d452a7cb9a4f
38691.CR2,https://zenodo.org/record/4291095/files/CAM041430_d.CR2,e09b3e3b4a99159ee42ba2bb5c2468af
38692.JPG,https://zenodo.org/record/4291095/files/CAM041430_d.JPG,7e1b289be30fe788a107e945afa60c25
38695.CR2,https://zenodo.org/record/4291095/files/CAM041431_d.CR2,cfb563379eae0cf2f109db6e01864ae0
38696.JPG,https://zenodo.org/record/4291095/files/CAM041431_d.JPG,6519f1ee88a2f6f35ba46a8c5b7a53ff
38699.CR2,https://zenodo.org/record/4291095/files/CAM041432_d.CR2,db4925992fc4bee57907ba9beeca49f6
38700.JPG,https://zenodo.org/record/4291095/files/CAM041432_d.JPG,ebadfff277a7b76eef39e4643a2b0e52
38703.CR2,https://zenodo.org/record/4291095/files/CAM041433_d.CR2,c8781120436e46a1a3e2d1b31c4b1fda
38704.JPG,https://zenodo.org/record/4291095/files/CAM041433_d.JPG,fb164270cf34bf5152d588bd0192f2cb
38707.CR2,https://zenodo.org/record/4291095/files/CAM041434_d.CR2,1595bdcc7892c16d6fc16015ad25e284
38708.JPG,https://zenodo.org/record/4291095/files/CAM041434_d.JPG,05d51d2023e508b5ba793afc188cd575
38711.CR2,https://zenodo.org/record/4291095/files/CAM041435_d.CR2,a27f5840cfe89c474c18de6884d93df5
38712.JPG,https://zenodo.org/record/4291095/files/CAM041435_d.JPG,1e8cb72da9f3dc434d8527244c080c09
38715.CR2,https://zenodo.org/record/4291095/files/CAM041436_d.CR2,9d16383faf68b49c4945b13474fe393b
38716.JPG,https://zenodo.org/record/4291095/files/CAM041436_d.JPG,41079f9cee10a5963f7ab067df52ef82
38719.CR2,https://zenodo.org/record/4291095/files/CAM041437_d.CR2,719e218b855007113d758c41ee9569a5
38720.JPG,https://zenodo.org/record/4291095/files/CAM041437_d.JPG,14217d71737ab9f59b4b36c05b932c28
38723.CR2,https://zenodo.org/record/4291095/files/CAM041438_d.CR2,e0273de5ebc193cddfdee8b59f51483c
38724.JPG,https://zenodo.org/record/4291095/files/CAM041438_d.JPG,af45ef666d064c9d14cee91f98f4d0bf
38727.CR2,https://zenodo.org/record/4291095/files/CAM041439_d.CR2,a7a59ca49e4b0000661ba3f6be7524fd
38728.JPG,https://zenodo.org/record/4291095/files/CAM041439_d.JPG,aa69b905b63a8dfcff674a2b255c76cc
38731.CR2,https://zenodo.org/record/4291095/files/CAM041440_d.CR2,3eb418a2a44786da833bd61e72f9d2aa
38732.JPG,https://zenodo.org/record/4291095/files/CAM041440_d.JPG,7ac297265bcb72adba46d23b871368a1
38735.CR2,https://zenodo.org/record/4291095/files/CAM041441_d.CR2,4bbf411d2e6884c14b04b67cb2ed5b9b
38736.JPG,https://zenodo.org/record/4291095/files/CAM041441_d.JPG,dcbb13a9713b51ee371b1a3ca8618900
38739.CR2,https://zenodo.org/record/4291095/files/CAM041442_d.CR2,3797fffde45752af1763e1c685750a67
38740.JPG,https://zenodo.org/record/4291095/files/CAM041442_d.JPG,a343f6e97e34db42915b513286424256
38795.CR2,https://zenodo.org/record/4291095/files/CAM041456_d.CR2,d33485daf20b9abbbffb9a4dfd298874
38796.JPG,https://zenodo.org/record/4291095/files/CAM041456_d.JPG,488ca31a8275ea863efb479f80356911
38803.CR2,https://zenodo.org/record/4291095/files/CAM041458_d.CR2,2616735eac1c8158a782f6f6a9debb80
38804.JPG,https://zenodo.org/record/4291095/files/CAM041458_d.JPG,28712745728cbb1fbbf13f5285be641a
38839.CR2,https://zenodo.org/record/4291095/files/CAM041467_d.CR2,875c65f359c2749c2df34aeb6d2cfc41
38840.JPG,https://zenodo.org/record/4291095/files/CAM041467_d.JPG,2d8c795283ca23cc98b85cc16cf11cba
38859.CR2,https://zenodo.org/record/4291095/files/CAM041472_d.CR2,fccba4ccd5a4328f38c4b468db2e90f8
38860.JPG,https://zenodo.org/record/4291095/files/CAM041472_d.JPG,724686ef9052880811b08d6e70efc47b
38863.CR2,https://zenodo.org/record/4291095/files/CAM041473_d.CR2,450b1c1021575ade7132de6dd37f4c9e
38864.JPG,https://zenodo.org/record/4291095/files/CAM041473_d.JPG,44d5df98a09f82ecca866b5a6c43ea25
38867.CR2,https://zenodo.org/record/4291095/files/CAM041475_d.CR2,d98fdbd6668d30457ff579cb426d4daf
38868.JPG,https://zenodo.org/record/4291095/files/CAM041475_d.JPG,d0fb3027fd69e24f233e3165a7fb89e5
38871.CR2,https://zenodo.org/record/4291095/files/CAM041476_d.CR2,8e0c4a8cd41f4fcf59c9b642bd9313e8
38872.JPG,https://zenodo.org/record/4291095/files/CAM041476_d.JPG,d98add277261f7e25594c41e32c9bb12
38879.CR2,https://zenodo.org/record/4291095/files/CAM041478_d.CR2,f83b06fdae1c948c0ff88982afa10e42
38880.JPG,https://zenodo.org/record/4291095/files/CAM041478_d.JPG,227e0bc4059ffd3b2412c6a1685e5114
38887.CR2,https://zenodo.org/record/4291095/files/CAM041479_d.CR2,fef8f65887f4d025aedb07ae9470d9b4
38888.JPG,https://zenodo.org/record/4291095/files/CAM041479_d.JPG,cbe5dd6c9f69baca0e71e0ffd0f41a22
38935.CR2,https://zenodo.org/record/4291095/files/CAM041491_d.CR2,d143a6a7b6fad0be80a4c31f7b647af3
38936.JPG,https://zenodo.org/record/4291095/files/CAM041491_d.JPG,136de10347e627ee400561a3c7184a7a
38939.CR2,https://zenodo.org/record/4291095/files/CAM041492_d.CR2,d52423ff1d5d08ed44f53e0489f52bee
38940.JPG,https://zenodo.org/record/4291095/files/CAM041492_d.JPG,be98fdaa2a580c8e417ba0c07fca9d0b
38943.CR2,https://zenodo.org/record/4291095/files/CAM041493_d.CR2,7aa4b1501b7de783054c709c81528107
38944.JPG,https://zenodo.org/record/4291095/files/CAM041493_d.JPG,bfe2cabdc25f267ff410459ca39d2dbf
38947.CR2,https://zenodo.org/record/4291095/files/CAM041494_d.CR2,11e4c46c69d9494bdde34aab3aa45990
38948.JPG,https://zenodo.org/record/4291095/files/CAM041494_d.JPG,9e553da38c9a48a6efb646a102dc75c8
38951.CR2,https://zenodo.org/record/4291095/files/CAM041495_d.CR2,2cdfe637f2aeff4dd485de4804f8447b
38952.JPG,https://zenodo.org/record/4291095/files/CAM041495_d.JPG,401ddc30721073ce56fbeee4452df527
38955.CR2,https://zenodo.org/record/4291095/files/CAM041496_d.CR2,42c4a3c3aaf72eb8345179adf3330cbb
38956.JPG,https://zenodo.org/record/4291095/files/CAM041496_d.JPG,606e506e0b5c2eba0746f36b0d4d7c48
38959.CR2,https://zenodo.org/record/4291095/files/CAM041497_d.CR2,4d2b8d4a0f40e65e93c5253f42497d03
38960.JPG,https://zenodo.org/record/4291095/files/CAM041497_d.JPG,f32b8ca70d821abd21082a7d2b89e871
38963.CR2,https://zenodo.org/record/4291095/files/CAM041498_d.CR2,522571e687d88995031a669733f412d1
38964.JPG,https://zenodo.org/record/4291095/files/CAM041498_d.JPG,635c66f00ac391b2077f7caca8687a9a
38967.CR2,https://zenodo.org/record/4291095/files/CAM041499_d.CR2,5ed3e09231f7aaef85396b3c913e4aff
38968.JPG,https://zenodo.org/record/4291095/files/CAM041499_d.JPG,b2f2021195f83d0f06a4bb970812a66a
38971.CR2,https://zenodo.org/record/4291095/files/CAM041500_d.CR2,055435d127a52e7cb14362c493cb2c75
38972.JPG,https://zenodo.org/record/4291095/files/CAM041500_d.JPG,ee6b98c4d5c1f5648a31be0a8241b430
39007.CR2,https://zenodo.org/record/4291095/files/CAM041509_d.CR2,56a5169bb67b61d35326135a0325d0be
39008.JPG,https://zenodo.org/record/4291095/files/CAM041509_d.JPG,d0cfc8c932fd49516df5356b7f9ae1cb
39011.CR2,https://zenodo.org/record/4291095/files/CAM041510_d.CR2,1b9af152cf32437de90efe3ab63ff608
39012.JPG,https://zenodo.org/record/4291095/files/CAM041510_d.JPG,6370a9e9c05ae0c7b0bd5b888005c5ec
39015.CR2,https://zenodo.org/record/4291095/files/CAM041511_d.CR2,f1126ba6203ccebce781ddc27504dfb9
39016.JPG,https://zenodo.org/record/4291095/files/CAM041511_d.JPG,ac540d07f94c23c61b5f51367f58abb3
39019.CR2,https://zenodo.org/record/4291095/files/CAM041512_d.CR2,e629e56402800373e189b9bdc39f2070
39020.JPG,https://zenodo.org/record/4291095/files/CAM041512_d.JPG,030f7529745f8d04ab26f4f7b7ff5e31
39023.CR2,https://zenodo.org/record/4291095/files/CAM041513_d.CR2,ee3a8f4ec68b04b77ce010afe2dfa48b
39024.JPG,https://zenodo.org/record/4291095/files/CAM041513_d.JPG,543e3abf56c61c58832f12b9273c5f92
39027.CR2,https://zenodo.org/record/4291095/files/CAM041514_d.CR2,4c265ffd71de1c30f61e1807d306cae1
39028.JPG,https://zenodo.org/record/4291095/files/CAM041514_d.JPG,80cafafdb7ed388d0a0abcd388bf4e93
39031.CR2,https://zenodo.org/record/4291095/files/CAM041515_d.CR2,6b3e1639a1869647be6017843ef70b27
39032.JPG,https://zenodo.org/record/4291095/files/CAM041515_d.JPG,cc8a1b2c2a612e8441dd9f769c25a7c2
39035.CR2,https://zenodo.org/record/4291095/files/CAM041516_d.CR2,406148fe6f68407c3bf03fce30d5d7fb
39036.JPG,https://zenodo.org/record/4291095/files/CAM041516_d.JPG,ea23f2862d4895d768e729e54b9e238a
39039.CR2,https://zenodo.org/record/4291095/files/CAM041517_d.CR2,cac84f555176c4cc2da12dcff066faa5
39040.JPG,https://zenodo.org/record/4291095/files/CAM041517_d.JPG,a691ecb1a8bd581872cc77550c5384ce
39047.CR2,https://zenodo.org/record/4291095/files/CAM041519_d.CR2,0842638ec10c205efd8337e0f597bc5a
39048.JPG,https://zenodo.org/record/4291095/files/CAM041519_d.JPG,b01e570bd17f838b5e547c0015ba932f
39059.CR2,https://zenodo.org/record/4291095/files/CAM041522_d.CR2,76250414cbaf31435b3a0ef28b9fe04e
39060.JPG,https://zenodo.org/record/4291095/files/CAM041522_d.JPG,967d0f8aa19394bc15926d565d8b71e2
39067.CR2,https://zenodo.org/record/4291095/files/CAM041524_d.CR2,193f04e6bd9e478dae3b53382ae9c580
39068.JPG,https://zenodo.org/record/4291095/files/CAM041524_d.JPG,7e1d557eb366cb3f6ed295a9d9f6759b
39071.CR2,https://zenodo.org/record/4291095/files/CAM041525_d.CR2,7cfd5d4a17797ebf3eada9925a88e30a
39072.JPG,https://zenodo.org/record/4291095/files/CAM041525_d.JPG,f9aad1e98e24dc14ae9673fa9b651a7b
39075.CR2,https://zenodo.org/record/4291095/files/CAM041526_d.CR2,04e2c405af66a50d17fd8c43793e5fa9
39076.JPG,https://zenodo.org/record/4291095/files/CAM041526_d.JPG,8131a4b8b4fbdf72bbb950d854c2fb78
39099.CR2,https://zenodo.org/record/4291095/files/CAM041532_d.CR2,1fb5bcead0c3daf48f9cf631a63aa44b
39100.JPG,https://zenodo.org/record/4291095/files/CAM041532_d.JPG,bd9b7642a60714d29765e415e4a2fcf9
39107.CR2,https://zenodo.org/record/4291095/files/CAM041534_d.CR2,38fd53116e8299544aa573e23a7ca08f
39108.JPG,https://zenodo.org/record/4291095/files/CAM041534_d.JPG,b615e6e877fd94e4c55fff4e203b8508
39111.CR2,https://zenodo.org/record/4291095/files/CAM041535_d.CR2,670236206735d8380b9fa54555dc0389
39112.JPG,https://zenodo.org/record/4291095/files/CAM041535_d.JPG,521917a9cba2629ab8342e279e734419
39115.CR2,https://zenodo.org/record/4291095/files/CAM041536_d.CR2,4145f11834c9e66e946f892327c3833b
39116.JPG,https://zenodo.org/record/4291095/files/CAM041536_d.JPG,752d6a74264a49e62cd0effe4e9d259b
39119.CR2,https://zenodo.org/record/4291095/files/CAM041537_d.CR2,610dfa00d35776eac670e82c8ec38074
39120.JPG,https://zenodo.org/record/4291095/files/CAM041537_d.JPG,153a9d55bffd60a4aa4b437f0c6a0406
39123.CR2,https://zenodo.org/record/4291095/files/CAM041538_d.CR2,1ac9922312c0f11c02b4e6b743cc542a
39124.JPG,https://zenodo.org/record/4291095/files/CAM041538_d.JPG,350380b6bebf1ef537a5ea06ae85bda9
39127.CR2,https://zenodo.org/record/4291095/files/CAM041539_d.CR2,dfffcaf85eb35f4e0bccd418b6d037cc
39128.JPG,https://zenodo.org/record/4291095/files/CAM041539_d.JPG,2d49b48d9419d67acf66cc1fe0e695c8
39131.CR2,https://zenodo.org/record/4291095/files/CAM041540_d.CR2,9d466130a10707c3798e4c1322def0b3
39132.JPG,https://zenodo.org/record/4291095/files/CAM041540_d.JPG,f6f773aa8ec7419175eeee4b5b6a5a4d
39139.CR2,https://zenodo.org/record/4291095/files/CAM041542_d.CR2,a46009e7ac76c7c03bb170b621893749
39140.JPG,https://zenodo.org/record/4291095/files/CAM041542_d.JPG,c4c4dcddf389a58a1f2f223d67d547cc
39155.CR2,https://zenodo.org/record/4291095/files/CAM041546_d.CR2,803f2554aafad0ee05e5b2953e381b57
39156.JPG,https://zenodo.org/record/4291095/files/CAM041546_d.JPG,2258407a6a3b00343d3974dcd5bece89
39159.CR2,https://zenodo.org/record/4291095/files/CAM041547_d.CR2,6005efef76871a32340417a10c285822
39160.JPG,https://zenodo.org/record/4291095/files/CAM041547_d.JPG,544bb809e5c8ec74443991a58b550c9b
39195.CR2,https://zenodo.org/record/4291095/files/CAM041557_d.CR2,a00e06c5100daf6e4430cb5584e15fb4
39196.JPG,https://zenodo.org/record/4291095/files/CAM041557_d.JPG,426d2313cc5b9beff180e1464a4a8196
39211.CR2,https://zenodo.org/record/4291095/files/CAM041561_d.CR2,9068836073719b8956466279beb0ccab
39212.JPG,https://zenodo.org/record/4291095/files/CAM041561_d.JPG,dbdf571da7e0eda8624d2d1af28066fc
39215.CR2,https://zenodo.org/record/4291095/files/CAM041562_d.CR2,29684f21909b1f3e0108b8ce303ff08f
39216.JPG,https://zenodo.org/record/4291095/files/CAM041562_d.JPG,7ee45e7340dd4223d8d9074d25c9e9d0
39219.CR2,https://zenodo.org/record/4291095/files/CAM041563_d.CR2,a18ecd4910c18b0feb446f127640b2a5
39220.JPG,https://zenodo.org/record/4291095/files/CAM041563_d.JPG,7b8151c0bbe97a8283ac38b44c60728c
39239.CR2,https://zenodo.org/record/4291095/files/CAM041568_d.CR2,46633b1ba7f495279ce11229cbfc0238
39240.JPG,https://zenodo.org/record/4291095/files/CAM041568_d.JPG,ede0c3a31cbc0d1bc0cc08b3f3bb9788
39271.CR2,https://zenodo.org/record/4291095/files/CAM041576_d.CR2,4fec4d06dcaefa14c218abcb2089bb14
39272.JPG,https://zenodo.org/record/4291095/files/CAM041576_d.JPG,c96e08d94cd9254adc17a529dbb9b86d
39275.CR2,https://zenodo.org/record/4291095/files/CAM041577_d.CR2,a932073d715b692ee08850d0acbd9166
39276.JPG,https://zenodo.org/record/4291095/files/CAM041577_d.JPG,95a9ddcae9ccb667baf914ff4789293a
39279.CR2,https://zenodo.org/record/4291095/files/CAM041578_d.CR2,b2ba6e29867da25cb9e44843ae640926
39280.JPG,https://zenodo.org/record/4291095/files/CAM041578_d.JPG,f5bb87369b3a8915662b016ec0ce474a
39283.CR2,https://zenodo.org/record/4291095/files/CAM041579_d.CR2,3c34c166db63cd8a4f19fe8e6cbfacf8
39284.JPG,https://zenodo.org/record/4291095/files/CAM041579_d.JPG,504192093e93bbc81f8d2e2174568d2f
39287.CR2,https://zenodo.org/record/4291095/files/CAM041580_d.CR2,6c5ffd3f7f5d6a395827aea83c3582e2
39288.JPG,https://zenodo.org/record/4291095/files/CAM041580_d.JPG,d41d82a703aa6c6f92edc9af5b73cf91
39291.CR2,https://zenodo.org/record/4291095/files/CAM041581_d.CR2,51387e4c2b36d1ecf677d9bfa3747dac
39292.JPG,https://zenodo.org/record/4291095/files/CAM041581_d.JPG,c57e7a90dab2a9439a7baeeb1899f12f
39295.CR2,https://zenodo.org/record/4291095/files/CAM041582_d.CR2,2f922238152550fd2ab8f6957a105370
39296.JPG,https://zenodo.org/record/4291095/files/CAM041582_d.JPG,b341bb091a7bd2363233439e926bb511
39299.CR2,https://zenodo.org/record/4291095/files/CAM041583_d.CR2,cf96ed26a05057b452bf1c2f7210940e
39300.JPG,https://zenodo.org/record/4291095/files/CAM041583_d.JPG,e19a843fd492e14e8d33d72e05b5f52d
39303.JPG,https://zenodo.org/record/4291095/files/CAM041584_d.JPG,9360a0e8f6e2d201fca33d407dfc7feb
39306.CR2,https://zenodo.org/record/4291095/files/CAM041585_d.CR2,277207eb5347deb92f5a881e64853ca3
39307.JPG,https://zenodo.org/record/4291095/files/CAM041585_d.JPG,c9930affc51b7cb669843246ca0fef12
39310.CR2,https://zenodo.org/record/4291095/files/CAM041586_d.CR2,da2a35886c8a8eaddd0c2d87e6638979
39311.JPG,https://zenodo.org/record/4291095/files/CAM041586_d.JPG,88338817e20f4d011304134ff048966c
39314.CR2,https://zenodo.org/record/4291095/files/CAM041587_d.CR2,abf3ce62aaf2666960b23046b05e641c
39315.JPG,https://zenodo.org/record/4291095/files/CAM041587_d.JPG,5c444c92fdea3b9fae52bb84e99557a7
39318.CR2,https://zenodo.org/record/4291095/files/CAM041588_d.CR2,b04d788cc64b997d316957669129623c
39319.JPG,https://zenodo.org/record/4291095/files/CAM041588_d.JPG,6bce3deb94b8c1114345178974995c80
39330.CR2,https://zenodo.org/record/4291095/files/CAM041591_d.CR2,dc68753c8243b838bd5bc705598471a2
39331.JPG,https://zenodo.org/record/4291095/files/CAM041591_d.JPG,9967f04e380c55ebae19148db5d63b31
39334.CR2,https://zenodo.org/record/4291095/files/CAM041592_d.CR2,293b532e00d160e2e5790b503e0b791a
39335.JPG,https://zenodo.org/record/4291095/files/CAM041592_d.JPG,5a968e72ff8eb91379ddb5a571413e11
39338.CR2,https://zenodo.org/record/4291095/files/CAM041593_d.CR2,79ae57cb6cd3e596088c39bb1b6574d6
39339.JPG,https://zenodo.org/record/4291095/files/CAM041593_d.JPG,5589a6b8a442e3f15533f8ca66646dd0
39342.CR2,https://zenodo.org/record/4291095/files/CAM041594_d.CR2,3b0acfb40fa60df8bf020df98d68b999
39343.JPG,https://zenodo.org/record/4291095/files/CAM041594_d.JPG,e02e6a22720c710d054ef560c45c0b60
39346.CR2,https://zenodo.org/record/4291095/files/CAM041595_d.CR2,2eb01901a4c12fe1180541773a6cf422
39347.JPG,https://zenodo.org/record/4291095/files/CAM041595_d.JPG,a37224b0d72af6197c57559d498b0214
39350.CR2,https://zenodo.org/record/4291095/files/CAM041596_d.CR2,25aa888b9eee55d705f093480914fe1d
39351.JPG,https://zenodo.org/record/4291095/files/CAM041596_d.JPG,6bbaa3c0e4235f2997ab9cc7744db19d
39354.CR2,https://zenodo.org/record/4291095/files/CAM041597_d.CR2,2f9208ad5e3c7299e3d8bf1b65b667e0
39355.JPG,https://zenodo.org/record/4291095/files/CAM041597_d.JPG,203072b41c18aca0aeefbaf2e347ce53
39358.CR2,https://zenodo.org/record/4291095/files/CAM041598_d.CR2,b0bc6550abd0515af7655d152b427934
39359.JPG,https://zenodo.org/record/4291095/files/CAM041598_d.JPG,58dfe7103ad324a3b98bce17e2baf23e
39362.CR2,https://zenodo.org/record/4291095/files/CAM041599_d.CR2,e5b16facc73c5dc9259a8362996143a0
39363.JPG,https://zenodo.org/record/4291095/files/CAM041599_d.JPG,714fec2e217b86de0202b62843413b79
39366.CR2,https://zenodo.org/record/4291095/files/CAM041600_d.CR2,df1b5fda64d369b6ab9963ef0990057f
39367.JPG,https://zenodo.org/record/4291095/files/CAM041600_d.JPG,4efb5fc60e417aa398f0d7c2bad590c9
39370.CR2,https://zenodo.org/record/4291095/files/CAM041601_d.CR2,c15ff798d394561815be940fe5f47742
39371.JPG,https://zenodo.org/record/4291095/files/CAM041601_d.JPG,cf13435971f7214a22d8ea267a440692
39374.CR2,https://zenodo.org/record/4291095/files/CAM041602_d.CR2,2aacc298f203e2f0db449dc382f26fb7
39375.JPG,https://zenodo.org/record/4291095/files/CAM041602_d.JPG,32ec7bd1fe074bcac1c6788ab2cfcf90
39378.CR2,https://zenodo.org/record/4291095/files/CAM041603_d.CR2,58109d249ffbe0b8198fc1e324148704
39379.JPG,https://zenodo.org/record/4291095/files/CAM041603_d.JPG,f5ecef744b8281cbe91501ee256ee913
39382.CR2,https://zenodo.org/record/4291095/files/CAM041604_d.CR2,6dbbf0a6ae230feb540d005034ed8fc1
39383.JPG,https://zenodo.org/record/4291095/files/CAM041604_d.JPG,a406ff0c2f6423c37454b385b6d12da1
39386.CR2,https://zenodo.org/record/4291095/files/CAM041605_d.CR2,dfe761ae59098849c63292bc761ad0c7
39387.JPG,https://zenodo.org/record/4291095/files/CAM041605_d.JPG,0804f2ffe2aa45c1698546a9874091cf
39390.CR2,https://zenodo.org/record/4291095/files/CAM041606_d.CR2,9f9cba4754bc6fbfab2370ed9f320253
39391.JPG,https://zenodo.org/record/4291095/files/CAM041606_d.JPG,fab1f749982a3c7b0fdf085a7755fc0a
39394.CR2,https://zenodo.org/record/4291095/files/CAM041607_d.CR2,3b4649778f9d5dd0d98c6dd02393acfc
39395.JPG,https://zenodo.org/record/4291095/files/CAM041607_d.JPG,41051df1d8b27a9c71f8690d29674de9
39398.CR2,https://zenodo.org/record/4291095/files/CAM041608_d.CR2,b3271209baceb182d38a68075f0e5d7d
39399.JPG,https://zenodo.org/record/4291095/files/CAM041608_d.JPG,804c2d1a4a1730dd14d2a08ef97efad7
39402.CR2,https://zenodo.org/record/4291095/files/CAM041609_d.CR2,dce52590d5d2dbc6ac77e042ecdc6a4b
39403.JPG,https://zenodo.org/record/4291095/files/CAM041609_d.JPG,f55ba9f0a278fe19db101aa89a523d5f
39406.CR2,https://zenodo.org/record/4291095/files/CAM041610_d.CR2,c81ead5c09e349035ba13c61cab7fb80
39407.JPG,https://zenodo.org/record/4291095/files/CAM041610_d.JPG,91890cc4efdabef3b9369d915101ca4d
39410.CR2,https://zenodo.org/record/4291095/files/CAM041611_d.CR2,2b571962051182982c418b1936901dc3
39411.JPG,https://zenodo.org/record/4291095/files/CAM041611_d.JPG,71d10c544514a2ad7f6ee532240a0425
39414.CR2,https://zenodo.org/record/4291095/files/CAM041612_d.CR2,97902a0f1ae4636dce88f52c2e845020
39415.JPG,https://zenodo.org/record/4291095/files/CAM041612_d.JPG,9273ee80184744d8d0cddb2c445d8784
39418.CR2,https://zenodo.org/record/4291095/files/CAM041613_d.CR2,90cb87b070eaa2ff28016856b5f5474c
39419.JPG,https://zenodo.org/record/4291095/files/CAM041613_d.JPG,a70e3925d0ee6d43a883f94734b5da3b
39422.CR2,https://zenodo.org/record/4291095/files/CAM041614_d.CR2,9fa46512ae52c475259abb1862a0bc4f
39423.JPG,https://zenodo.org/record/4291095/files/CAM041614_d.JPG,8b9155ceabbf6e154a0feaaf860106ec
39426.CR2,https://zenodo.org/record/4291095/files/CAM041615_d.CR2,4e0ed0f16af3017043ab3b647e138135
39427.JPG,https://zenodo.org/record/4291095/files/CAM041615_d.JPG,6978a7669b4f203a7641a17a4e00f8f9
39430.CR2,https://zenodo.org/record/4291095/files/CAM041616_d.CR2,95672dde8c35f40fd51a5a591a34ec5e
39431.JPG,https://zenodo.org/record/4291095/files/CAM041616_d.JPG,4f15067c837be0096a37993cee655eba
39434.CR2,https://zenodo.org/record/4291095/files/CAM041617_d.CR2,5fe55cb79f8461ca78253fa95868bdf1
39435.JPG,https://zenodo.org/record/4291095/files/CAM041617_d.JPG,db658eeb2cd7abeb66bf00c5773fe4e6
39438.CR2,https://zenodo.org/record/4291095/files/CAM041618_d.CR2,dbd12d5901a50055724fb229f50a039c
39439.JPG,https://zenodo.org/record/4291095/files/CAM041618_d.JPG,5ce45cb50af0e01f31e2dd0c5eb31da8
39442.CR2,https://zenodo.org/record/4291095/files/CAM041619_d.CR2,e6f4400534a541c71959c3af8115300c
39443.JPG,https://zenodo.org/record/4291095/files/CAM041619_d.JPG,3767f60202dc26f36532fe211394b2a1
39446.CR2,https://zenodo.org/record/4291095/files/CAM041620_d.CR2,e768e90f9fabb27e44743a6b53d8afce
39447.JPG,https://zenodo.org/record/4291095/files/CAM041620_d.JPG,fbcf49a992d11efdf07f2a104c544a56
39450.CR2,https://zenodo.org/record/4291095/files/CAM041621_d.CR2,9c46907558bfa4d2c653ffc888287339
39451.JPG,https://zenodo.org/record/4291095/files/CAM041621_d.JPG,8d47d9541539d80eaa1b1d2b5818c27f
39454.CR2,https://zenodo.org/record/4291095/files/CAM041622_d.CR2,25ce02c1034362daabfd0be9b73f1bf7
39455.JPG,https://zenodo.org/record/4291095/files/CAM041622_d.JPG,b89fe2021c55a323cd5fb0a8a5787ba8
39458.CR2,https://zenodo.org/record/4291095/files/CAM041623_d.CR2,48a28e4d07f3f6fc11b39ae611e7aaef
39459.JPG,https://zenodo.org/record/4291095/files/CAM041623_d.JPG,72cc1639898ba88dc388ccb3936b939f
39462.CR2,https://zenodo.org/record/4291095/files/CAM041624_d.CR2,066868a87be65d6c887ebab4f8fef62b
39463.JPG,https://zenodo.org/record/4291095/files/CAM041624_d.JPG,f2365e133e19faa5528a0215ecb42432
39466.CR2,https://zenodo.org/record/4291095/files/CAM041625_d.CR2,1a163cff4dc7f5fb0c87fb7c914917e0
39467.JPG,https://zenodo.org/record/4291095/files/CAM041625_d.JPG,836740fb7d1c77db106394427cbfe1b8
39470.CR2,https://zenodo.org/record/4291095/files/CAM041626_d.CR2,5ab87b9aa8774e109b1ef2be4cd5dcd0
39471.JPG,https://zenodo.org/record/4291095/files/CAM041626_d.JPG,3d331ba04c7dacca530c161af88cb8bd
39474.CR2,https://zenodo.org/record/4291095/files/CAM041627_d.CR2,486893d9e9502c99075ea27b61ec7758
39475.JPG,https://zenodo.org/record/4291095/files/CAM041627_d.JPG,5078b28bf058132e928fc2b28237a4e1
39478.CR2,https://zenodo.org/record/4291095/files/CAM041628_d.CR2,94ed1a558bbf1cb0c0b5cf2839633b5e
39479.JPG,https://zenodo.org/record/4291095/files/CAM041628_d.JPG,d825e09b236b85e27eb4221bcf499566
39482.CR2,https://zenodo.org/record/4291095/files/CAM041629_d.CR2,8199e8c35ab114bd453e89cce04c3a32
39483.JPG,https://zenodo.org/record/4291095/files/CAM041629_d.JPG,31d7c6daacb76ab0cf68f6a40bfcadd3
39486.CR2,https://zenodo.org/record/4291095/files/CAM041630_d.CR2,ec6f383750e61f91506200a7e96bf614
39487.JPG,https://zenodo.org/record/4291095/files/CAM041630_d.JPG,93f69111110c3b7254033dfd1ae1014f
39490.CR2,https://zenodo.org/record/4291095/files/CAM041631_d.CR2,0e6d1edd47a9403251c3f223fa98b4cd
39491.JPG,https://zenodo.org/record/4291095/files/CAM041631_d.JPG,e8669429e49e3a10bbaf86232f13c8ab
39494.CR2,https://zenodo.org/record/4291095/files/CAM041632_d.CR2,8f2f98c624652c39c7cb6bb8e072aee4
39495.JPG,https://zenodo.org/record/4291095/files/CAM041632_d.JPG,36864cf16b9416c9cc9f529b91b5f5b7
39498.CR2,https://zenodo.org/record/4291095/files/CAM041633_d.CR2,85afd618fd15241a357bfcda4a97db8c
39499.JPG,https://zenodo.org/record/4291095/files/CAM041633_d.JPG,842d5d32fd3a2102926265567b942a0e
39502.CR2,https://zenodo.org/record/4291095/files/CAM041634_d.CR2,28be7cae0cf33ddcab7f89406cb1fe3f
39503.JPG,https://zenodo.org/record/4291095/files/CAM041634_d.JPG,1ee48b839799047a2dc9f2bf1e0565ba
39506.CR2,https://zenodo.org/record/4291095/files/CAM041635_d.CR2,cf2e91df9c5f3b7633d1caf08ff87510
39507.JPG,https://zenodo.org/record/4291095/files/CAM041635_d.JPG,9ae0223f89aa2ec4ce20c2fd30f39fd6
39510.CR2,https://zenodo.org/record/4291095/files/CAM041636_d.CR2,bcaed5a0483cf3e70e8999cfe6e8f345
39511.JPG,https://zenodo.org/record/4291095/files/CAM041636_d.JPG,49783f7935ea2fec44432a1c1105cc56
39514.CR2,https://zenodo.org/record/4291095/files/CAM041637_d.CR2,e161fd179b8d1fe56303912ba44b5ecf
39515.JPG,https://zenodo.org/record/4291095/files/CAM041637_d.JPG,525d211ecfe9c874763f2f3a15def223
39518.CR2,https://zenodo.org/record/4291095/files/CAM041638_d.CR2,fa4ac596c8ffa076d2a9ae2652188765
39519.JPG,https://zenodo.org/record/4291095/files/CAM041638_d.JPG,6026694c48c9a392b2c569ad00feac3d
39522.CR2,https://zenodo.org/record/4291095/files/CAM041639_d.CR2,a6d877c72fb13f18778e882ce89427df
39523.JPG,https://zenodo.org/record/4291095/files/CAM041639_d.JPG,01bcaf09c9048a8348abab3ebaae9b4a
39526.CR2,https://zenodo.org/record/4291095/files/CAM041640_d.CR2,725988676cc4de11e676cdad5e3600b8
39527.JPG,https://zenodo.org/record/4291095/files/CAM041640_d.JPG,a458c66cd5d7db21457c3aa3d5ffafe1
39530.CR2,https://zenodo.org/record/4291095/files/CAM041641_d.CR2,acd90c655143b2a0838b758432e92a80
39531.JPG,https://zenodo.org/record/4291095/files/CAM041641_d.JPG,69bc72591b330dec14f4ff2244cfb876
39534.CR2,https://zenodo.org/record/4291095/files/CAM041642_d.CR2,ba1cf2b376c150e4e44222f673c5f50a
39535.JPG,https://zenodo.org/record/4291095/files/CAM041642_d.JPG,30f8d24cb39a2a61a04c38755adffaf5
39538.CR2,https://zenodo.org/record/4291095/files/CAM041643_d.CR2,d18f5eb2cd92a9be29695cc0cb8eedc0
39539.JPG,https://zenodo.org/record/4291095/files/CAM041643_d.JPG,5cbdd6f2d0e55eebbd7d4d374a33f4ca
39542.CR2,https://zenodo.org/record/4291095/files/CAM041644_d.CR2,a882f1a7b5fbebb115d453ce4487f6cc
39543.JPG,https://zenodo.org/record/4291095/files/CAM041644_d.JPG,6cfd27c4cdb384f10ffb707a349ad11a
39546.CR2,https://zenodo.org/record/4291095/files/CAM041645_d.CR2,6a49eff3ad5c3c6b3af962746e95866e
39547.JPG,https://zenodo.org/record/4291095/files/CAM041645_d.JPG,4b155b4d77973f09746376b20f348bad
39550.CR2,https://zenodo.org/record/4291095/files/CAM041646_d.CR2,4a8cf45c8ad37879841360d95d37d07a
39551.JPG,https://zenodo.org/record/4291095/files/CAM041646_d.JPG,d1e8d4b21333b02953bffa69840518db
39554.CR2,https://zenodo.org/record/4291095/files/CAM041647_d.CR2,bffdd799af542d724a3c9d4d51a4aeab
39555.JPG,https://zenodo.org/record/4291095/files/CAM041647_d.JPG,8d27971888eb9e402a6ebd2b08d993f0
39558.CR2,https://zenodo.org/record/4291095/files/CAM041648_d.CR2,2ab5ad1fe43452a777d31b4852700f70
39559.JPG,https://zenodo.org/record/4291095/files/CAM041648_d.JPG,bacc2287886a051e6e2dbf092e6ee381
39562.CR2,https://zenodo.org/record/4291095/files/CAM041649_d.CR2,b4d47e6b14501ef28b243312a869f86b
39563.JPG,https://zenodo.org/record/4291095/files/CAM041649_d.JPG,f4b98577393fd83e40362f7c8175173d
39566.CR2,https://zenodo.org/record/4291095/files/CAM041650_d.CR2,9ce19f961e3744d8c4128e165959fd4d
39567.JPG,https://zenodo.org/record/4291095/files/CAM041650_d.JPG,3f05d5b67d0e602be81061bff1d84de5
39570.CR2,https://zenodo.org/record/4291095/files/CAM041651_d.CR2,5d488fab23f3f4eda9bc9047ffa8f19d
39571.JPG,https://zenodo.org/record/4291095/files/CAM041651_d.JPG,22199c54a7b7b1404e36cc930d0beede
39574.CR2,https://zenodo.org/record/4291095/files/CAM041652_d.CR2,8f999f80476e2aab3eb377c2e559da75
39575.JPG,https://zenodo.org/record/4291095/files/CAM041652_d.JPG,64ca3e4e577d7a7e0d09a17603d0cb6c
39578.CR2,https://zenodo.org/record/4291095/files/CAM041653_d.CR2,95efa8c592ad84696e7359e231a158d7
39579.JPG,https://zenodo.org/record/4291095/files/CAM041653_d.JPG,fdc67fa318669befc58ac7be76517e1f
39582.CR2,https://zenodo.org/record/4291095/files/CAM041654_d.CR2,1bfa929ec8f43d0932b4afb07937a2cb
39583.JPG,https://zenodo.org/record/4291095/files/CAM041654_d.JPG,2ae63e36f0d730c12f259d19c9889ea0
39586.CR2,https://zenodo.org/record/4291095/files/CAM041655_d.CR2,b640b300ff8d8695b1750e70961a6c9b
39587.JPG,https://zenodo.org/record/4291095/files/CAM041655_d.JPG,2609515866d8edfc3928dbf30a16dcd2
39590.CR2,https://zenodo.org/record/4291095/files/CAM041656_d.CR2,4090480137971e52928c21eb9a25e90c
39591.JPG,https://zenodo.org/record/4291095/files/CAM041656_d.JPG,2ac200e6dc4697fcc9c11b3cb8d341ae
39594.CR2,https://zenodo.org/record/4291095/files/CAM041657_d.CR2,814b859cbb909db98ca8e7dc72cee840
39595.JPG,https://zenodo.org/record/4291095/files/CAM041657_d.JPG,678e31d42acf39ae285922fb0c7a3fd4
39598.CR2,https://zenodo.org/record/4291095/files/CAM041658_d.CR2,31bf2780bc59c30f2aaa637fb031beb0
39599.JPG,https://zenodo.org/record/4291095/files/CAM041658_d.JPG,f9404916cafdb162b987862a86a8ca16
39602.CR2,https://zenodo.org/record/4291095/files/CAM041659_d.CR2,33acde7db62a7c9eb3b85e1e6e48e8d2
39603.JPG,https://zenodo.org/record/4291095/files/CAM041659_d.JPG,f44be6ec454725494e8a38b98675362c
39606.CR2,https://zenodo.org/record/4291095/files/CAM041660_d.CR2,5361644c793b4c0cb783e963a6a0dc12
39607.JPG,https://zenodo.org/record/4291095/files/CAM041660_d.JPG,128a908422c1f7e66618551ad2835dba
39610.CR2,https://zenodo.org/record/4291095/files/CAM041661_d.CR2,5bc6f36824915cad5927392bd8082d0b
39611.JPG,https://zenodo.org/record/4291095/files/CAM041661_d.JPG,efb55244a519af9fc9ea1f05ab6b1619
39614.CR2,https://zenodo.org/record/4291095/files/CAM041662_d.CR2,a29665a5046a5497f6a95edee4dd5fed
39615.JPG,https://zenodo.org/record/4291095/files/CAM041662_d.JPG,20e4e27829ed6d09a177e0ca3139d32f
39618.CR2,https://zenodo.org/record/4291095/files/CAM041663_d.CR2,ba8cc752c2325bc1059f9738c5f7ff3d
39619.JPG,https://zenodo.org/record/4291095/files/CAM041663_d.JPG,7743f1195cbeac0af04c106b59d40e0d
39622.CR2,https://zenodo.org/record/4291095/files/CAM041664_d.CR2,4d8da57e779d8048305e02357f4f7d33
39623.JPG,https://zenodo.org/record/4291095/files/CAM041664_d.JPG,98801fe6e918a80acca779d9e01cdd42
39626.CR2,https://zenodo.org/record/4291095/files/CAM041665_d.CR2,a46931ced52c55c0a8d0875b5c6979c6
39627.JPG,https://zenodo.org/record/4291095/files/CAM041665_d.JPG,c159dd73feb9aa4ee1c11e5d6011246b
39630.CR2,https://zenodo.org/record/4291095/files/CAM041666_d.CR2,7de8f1865fd7f76a4c178dfc2c0c7b1a
39631.JPG,https://zenodo.org/record/4291095/files/CAM041666_d.JPG,16bc9f4fba4ed661e03a49584c2e7a0c
39634.CR2,https://zenodo.org/record/4291095/files/CAM041667_d.CR2,30abd3e16d9e0db7ac59b85e162d5565
39635.JPG,https://zenodo.org/record/4291095/files/CAM041667_d.JPG,0a96b33d90aed5d3fae603bfed3b8c2b
39638.CR2,https://zenodo.org/record/4291095/files/CAM041668_d.CR2,073e594e5cacab66107d54237e8a4d5b
39639.JPG,https://zenodo.org/record/4291095/files/CAM041668_d.JPG,03e1a2e358fbeae70ab23912deb483b5
39642.CR2,https://zenodo.org/record/4291095/files/CAM041669_d.CR2,bd5c16fd82b2393dbbdb1faaa8878413
39643.JPG,https://zenodo.org/record/4291095/files/CAM041669_d.JPG,c6b494cbac22e5c5f580fedfa619eb6f
39646.CR2,https://zenodo.org/record/4291095/files/CAM041670_d.CR2,6bfa30fd280a32e68b84dbebcc7b423b
39647.JPG,https://zenodo.org/record/4291095/files/CAM041670_d.JPG,e9807e80367fa770993d64c13c3fa072
39650.CR2,https://zenodo.org/record/4291095/files/CAM041671_d.CR2,935a2923c0d15fb72481a7151f28b7ae
39651.JPG,https://zenodo.org/record/4291095/files/CAM041671_d.JPG,14f309714354aaf102a6df66b5ae6e87
39654.CR2,https://zenodo.org/record/4291095/files/CAM041672_d.CR2,0277698a777f1d0df19ab8ca8033f526
39655.JPG,https://zenodo.org/record/4291095/files/CAM041672_d.JPG,6eb105e5e24e508565ae8eb2c6640fc8
39658.CR2,https://zenodo.org/record/4291095/files/CAM041673_d.CR2,820580c1c3068753d04082ea0e81412e
39659.JPG,https://zenodo.org/record/4291095/files/CAM041673_d.JPG,bd8bd87b00b9ee49f410ec5b1da5bed2
39662.CR2,https://zenodo.org/record/4291095/files/CAM041674_d.CR2,195c484c8137df1a7b755dc0d9274135
39663.JPG,https://zenodo.org/record/4291095/files/CAM041674_d.JPG,cad9601ba64e74170c78f494f3cba62b
39666.CR2,https://zenodo.org/record/4291095/files/CAM041675_d.CR2,02ee3cee338296e1fe42b18e9c9d4fdf
39667.JPG,https://zenodo.org/record/4291095/files/CAM041675_d.JPG,10997de80b3522dd710720c4834fd937
39670.CR2,https://zenodo.org/record/4291095/files/CAM041676_d.CR2,390e4c55293246775cf01b76a98a8c3f
39671.JPG,https://zenodo.org/record/4291095/files/CAM041676_d.JPG,b9ffc3b29b2d1aaa7b807ccbe8ab83d1
39674.CR2,https://zenodo.org/record/4291095/files/CAM041677_d.CR2,7a75ddb7a90248a8767328b706ef84e4
39675.JPG,https://zenodo.org/record/4291095/files/CAM041677_d.JPG,b9a567f6173f7855057a9281ff07a3de
39678.CR2,https://zenodo.org/record/4291095/files/CAM041678_d.CR2,c608c24e78f7e5cb1a922c4022602d09
39679.JPG,https://zenodo.org/record/4291095/files/CAM041678_d.JPG,46d74b41eec3cbec54eabe731d9796c2
39682.CR2,https://zenodo.org/record/4291095/files/CAM041679_d.CR2,39765688d8d26de97acdf084088e8e48
39683.JPG,https://zenodo.org/record/4291095/files/CAM041679_d.JPG,3995ddb31213a6a80f802257085e7e11
39686.CR2,https://zenodo.org/record/4291095/files/CAM041680_d.CR2,aaa9158e87c1fbcfaa522718c556baf6
39687.JPG,https://zenodo.org/record/4291095/files/CAM041680_d.JPG,9675e3ee524ed7b2849cb74b13fe1cd3
39694.CR2,https://zenodo.org/record/4291095/files/CAM041682_d.CR2,1f791269d3008b4af41fb499ecbfa3b0
39695.JPG,https://zenodo.org/record/4291095/files/CAM041682_d.JPG,7cc7b77f013ac9a4286b81db1d431d10
39698.CR2,https://zenodo.org/record/4291095/files/CAM041683_d.CR2,3266bcda57a1c74003945073c0e40015
39699.JPG,https://zenodo.org/record/4291095/files/CAM041683_d.JPG,46fbb455957eca222eab137c35f590a2
39702.CR2,https://zenodo.org/record/4291095/files/CAM041684_d.CR2,d461f5318ff576890b869cf4bd45bf7d
39703.JPG,https://zenodo.org/record/4291095/files/CAM041684_d.JPG,5a9d7b91bc8c86d323cd86b88b82d29c
39706.CR2,https://zenodo.org/record/4291095/files/CAM041685_d.CR2,e25c3b08002963ea4fe91e52b29f3061
39707.JPG,https://zenodo.org/record/4291095/files/CAM041685_d.JPG,966997d712a4d2f4543d5d2182063133
39722.CR2,https://zenodo.org/record/4291095/files/CAM041689_d.CR2,f1c49df11eb938eaa853b9e9c8ba80d6
39723.JPG,https://zenodo.org/record/4291095/files/CAM041689_d.JPG,3e7e4985f96012b1fa1629d59a46b2ea
39726.CR2,https://zenodo.org/record/4291095/files/CAM041690_d.CR2,c32fd6d0c633843ae3d76c1032c48789
39727.JPG,https://zenodo.org/record/4291095/files/CAM041690_d.JPG,3ec69d91b31128d6c9bf2606e14ad887
39730.CR2,https://zenodo.org/record/4291095/files/CAM041691_d.CR2,805653c0bb38cc81ef31a4d91fca8075
39731.JPG,https://zenodo.org/record/4291095/files/CAM041691_d.JPG,58885867d1280af090df5d041e35932d
39734.CR2,https://zenodo.org/record/4291095/files/CAM041692_d.CR2,1c7034bba7592331f2f26259a5825fe1
39735.JPG,https://zenodo.org/record/4291095/files/CAM041692_d.JPG,21adff2f9f13dc08cef46d967b251899
39738.CR2,https://zenodo.org/record/4291095/files/CAM041693_d.CR2,e3bec70401a743b639faca5458102976
39739.JPG,https://zenodo.org/record/4291095/files/CAM041693_d.JPG,f1859619508494ddd10fdb0eed238fb2
39742.CR2,https://zenodo.org/record/4291095/files/CAM041694_d.CR2,1af698f53117acccce87f1ab1f6c427e
39743.JPG,https://zenodo.org/record/4291095/files/CAM041694_d.JPG,4a6901591088cdba40fb977ede196f12
39746.CR2,https://zenodo.org/record/4291095/files/CAM041695_d.CR2,d41b4c35d249f819458d2b110150c2ba
39747.JPG,https://zenodo.org/record/4291095/files/CAM041695_d.JPG,9e591f727f6e4188b5c1a5841f3f108f
39750.CR2,https://zenodo.org/record/4291095/files/CAM041696_d.CR2,a999910484891b9c42ac06073b5e3599
39751.JPG,https://zenodo.org/record/4291095/files/CAM041696_d.JPG,7b5b033a32befc293f34ccd0feca4d4b
39754.CR2,https://zenodo.org/record/4291095/files/CAM041697_d.CR2,38290e286c63506a3354dc1d90450f13
39755.JPG,https://zenodo.org/record/4291095/files/CAM041697_d.JPG,b88115adb34644eab60e6e879e647f74
39758.CR2,https://zenodo.org/record/4291095/files/CAM041698_d.CR2,891d60fa1267cf6ebcad4a3d23d41262
39759.JPG,https://zenodo.org/record/4291095/files/CAM041698_d.JPG,401b61c81fd840f6479e9753593ea97b
39762.CR2,https://zenodo.org/record/4291095/files/CAM041699_d.CR2,886143b59fe4e938f4b27c70c47462a2
39763.JPG,https://zenodo.org/record/4291095/files/CAM041699_d.JPG,e99c32a9053b729fed357885c4ab1ae4
39766.CR2,https://zenodo.org/record/4291095/files/CAM041700_d.CR2,0fd2fe53c4fb37796cac6cfc876dd1c8
39767.JPG,https://zenodo.org/record/4291095/files/CAM041700_d.JPG,f32fdb286d896112f04c74301328e487
39770.CR2,https://zenodo.org/record/4291095/files/CAM041701_d.CR2,097c4cb1b302717b713427c859febd7d
39771.JPG,https://zenodo.org/record/4291095/files/CAM041701_d.JPG,8a1a523aab096cc5fe757fda135d8e11
39774.CR2,https://zenodo.org/record/4291095/files/CAM041702_d.CR2,655648e4f009164b9afad547bc27cc39
39775.JPG,https://zenodo.org/record/4291095/files/CAM041702_d.JPG,5e5fa327669657b019835903f5ecea77
39778.CR2,https://zenodo.org/record/4291095/files/CAM041703_d.CR2,a50ab4af289289705fbe865f805f0c7e
39779.JPG,https://zenodo.org/record/4291095/files/CAM041703_d.JPG,cfe6f0c3866b19dc030bf3df11d0b789
39782.CR2,https://zenodo.org/record/4291095/files/CAM041704_d.CR2,70535734bd170805f70fbdf068051153
39783.JPG,https://zenodo.org/record/4291095/files/CAM041704_d.JPG,331775e6711cb15c03005e277e7a58aa
39786.CR2,https://zenodo.org/record/4291095/files/CAM041705_d.CR2,3279e144ff9aca6d204ea64857937d3b
39787.JPG,https://zenodo.org/record/4291095/files/CAM041705_d.JPG,805f626ab94cb79703887f240e2dc5c3
39790.CR2,https://zenodo.org/record/4291095/files/CAM041706_d.CR2,1dabc1970f3d0726b922cf457148cc88
39791.JPG,https://zenodo.org/record/4291095/files/CAM041706_d.JPG,61bb09ade31f0a6039b9f41bf15fe1ab
39794.CR2,https://zenodo.org/record/4291095/files/CAM041707_d.CR2,112bd0cb2c9375e61786784cf2618441
39795.JPG,https://zenodo.org/record/4291095/files/CAM041707_d.JPG,a7ac5ca753ee4983575d0e45425cdf55
39798.CR2,https://zenodo.org/record/4291095/files/CAM041708_d.CR2,fb428e73064a14d57ebf598720b7ea4d
39799.JPG,https://zenodo.org/record/4291095/files/CAM041708_d.JPG,fc7321e79388fc5897ef648837562cef
39802.CR2,https://zenodo.org/record/4291095/files/CAM041709_d.CR2,24404e5ea09092122019c803bd5fc60d
39803.JPG,https://zenodo.org/record/4291095/files/CAM041709_d.JPG,f7045427cd42f1f57f136e4c9f31bdd1
39806.CR2,https://zenodo.org/record/4291095/files/CAM041710_d.CR2,d0c28a0b54e0d429d335f2b53af05309
39807.JPG,https://zenodo.org/record/4291095/files/CAM041710_d.JPG,a4de29360a655326738ca1a526e57e85
39810.CR2,https://zenodo.org/record/4291095/files/CAM041711_d.CR2,645ccedab8ae6e445cb30a6d456ad01f
39811.JPG,https://zenodo.org/record/4291095/files/CAM041711_d.JPG,6b51a3e025bdfa4facbd082023db808c
39814.CR2,https://zenodo.org/record/4291095/files/CAM041712_d.CR2,5bb4920625caa8081bc0536679285c3d
39815.JPG,https://zenodo.org/record/4291095/files/CAM041712_d.JPG,79343842ce75dc98f95bd2216a339f83
39818.CR2,https://zenodo.org/record/4291095/files/CAM041713_d.CR2,09d3998edde0a56d83ad8d83e0075732
39819.JPG,https://zenodo.org/record/4291095/files/CAM041713_d.JPG,6a99d62fdb0354fe4d6b0cc493f868cd
39822.CR2,https://zenodo.org/record/4291095/files/CAM041714_d.CR2,cd4651965a15efe1ff0c8884e50ee51f
39823.JPG,https://zenodo.org/record/4291095/files/CAM041714_d.JPG,bf9149c69d5da5208427feda39dc7c3d
39826.CR2,https://zenodo.org/record/4291095/files/CAM041715_d.CR2,989417cba7074128eae91fe0275f6e1d
39827.JPG,https://zenodo.org/record/4291095/files/CAM041715_d.JPG,c2370158899b146c2f46a4bbb213e161
39830.CR2,https://zenodo.org/record/4291095/files/CAM041716_d.CR2,e0be0879648fcee4f02a28f93a6b41bc
39831.JPG,https://zenodo.org/record/4291095/files/CAM041716_d.JPG,6ee22685b61ee738ffbd1aa9e822d7ea
39834.CR2,https://zenodo.org/record/4291095/files/CAM041717_d.CR2,2209bff8b34a71f9107e8cdfa08bdebe
39835.JPG,https://zenodo.org/record/4291095/files/CAM041717_d.JPG,af41bfa629f4334916a59dfe057c9616
39838.CR2,https://zenodo.org/record/4291095/files/CAM041718_d.CR2,2fb10a09af995ff88ecf492240576d33
39839.JPG,https://zenodo.org/record/4291095/files/CAM041718_d.JPG,a67aed8de08dfcd14f0e5193364f7f3d
39842.CR2,https://zenodo.org/record/4291095/files/CAM041719_d.CR2,9831273a4e6f1dd53ec2fcd76d145134
39843.JPG,https://zenodo.org/record/4291095/files/CAM041719_d.JPG,7eadcbd723c99eeb9f7cc23e496c20ea
39846.CR2,https://zenodo.org/record/4291095/files/CAM041720_d.CR2,616fc59cbe6ec641b4e0846f95a90ede
39847.JPG,https://zenodo.org/record/4291095/files/CAM041720_d.JPG,286750f708ccd1d2161c7df7292cf282
39850.CR2,https://zenodo.org/record/4291095/files/CAM041721_d.CR2,9884c1eec2e0158f37788798f9fd0ffd
39851.JPG,https://zenodo.org/record/4291095/files/CAM041721_d.JPG,34c55b7240b0b6391c0d691cbfa51061
39854.CR2,https://zenodo.org/record/4291095/files/CAM041722_d.CR2,05e102cdc73999095df8a9f7e0d75758
39855.JPG,https://zenodo.org/record/4291095/files/CAM041722_d.JPG,37cb8a3379db77ed06b5e0650d27231e
39858.CR2,https://zenodo.org/record/4291095/files/CAM041723_d.CR2,b7ee312e1dc858f20ce13afc9a0d4b91
39859.JPG,https://zenodo.org/record/4291095/files/CAM041723_d.JPG,9eb1b7154b66575660887541379e66e6
39862.CR2,https://zenodo.org/record/4291095/files/CAM041724_d.CR2,f543bcc7c528bc1512caee7eba34a662
39863.JPG,https://zenodo.org/record/4291095/files/CAM041724_d.JPG,d2a56dd6288356aad7dbdb7b26d15ac3
39866.CR2,https://zenodo.org/record/4291095/files/CAM041725_d.CR2,9f531d8ff31c080793457deecb2e5f24
39867.JPG,https://zenodo.org/record/4291095/files/CAM041725_d.JPG,b6d0f8a2f358ad7d94f51eb5ff5de9a7
39870.CR2,https://zenodo.org/record/4291095/files/CAM041726_d.CR2,d5004292aea712eeb34f4e58510b7b03
39871.JPG,https://zenodo.org/record/4291095/files/CAM041726_d.JPG,ce974947d01fddae00e6479868e996f2
39874.CR2,https://zenodo.org/record/4291095/files/CAM041727_d.CR2,3b332167dcec94ab605be7aeeb776386
39875.JPG,https://zenodo.org/record/4291095/files/CAM041727_d.JPG,cd7beb2fe2b657e2805f490d7f998e35
39878.CR2,https://zenodo.org/record/4291095/files/CAM041728_d.CR2,bea13ad27154ba58a2168d79da0c2e00
39879.JPG,https://zenodo.org/record/4291095/files/CAM041728_d.JPG,05161dc3df4cfbbd81e78362b0171729
39882.CR2,https://zenodo.org/record/4291095/files/CAM041729_d.CR2,a32a4599a2abb64ed1756139bb943158
39883.JPG,https://zenodo.org/record/4291095/files/CAM041729_d.JPG,e52e5203ddf54223ce6caf4184b18871
39886.CR2,https://zenodo.org/record/4291095/files/CAM041730_d.CR2,e2f475f87fcc691e6faa9407f42a424b
39887.JPG,https://zenodo.org/record/4291095/files/CAM041730_d.JPG,6adc173a8be79343b4473a671ae9d414
39890.CR2,https://zenodo.org/record/4291095/files/CAM041731_d.CR2,27303fbcf628ab417e77f8f901a4c03d
39891.JPG,https://zenodo.org/record/4291095/files/CAM041731_d.JPG,3e49e7c4cf2f7061ea41f21f18737688
39894.CR2,https://zenodo.org/record/4291095/files/CAM041732_d.CR2,1370d708d58f8fa2784d78a1d6008712
39895.JPG,https://zenodo.org/record/4291095/files/CAM041732_d.JPG,86aded1f6dddbb022f9269629c547a38
39898.CR2,https://zenodo.org/record/4291095/files/CAM041733_d.CR2,7c11d87adf4d3b7e5c082b6c7ea66161
39899.JPG,https://zenodo.org/record/4291095/files/CAM041733_d.JPG,c6fba8cfb00ed24224589ae4c569fdab
39902.CR2,https://zenodo.org/record/4291095/files/CAM041734_d.CR2,1f5d29a4824198c140d434ca1f7dd1e4
39903.JPG,https://zenodo.org/record/4291095/files/CAM041734_d.JPG,a3341ed145d4b03cf8fd7d90f0d5b5ca
39906.CR2,https://zenodo.org/record/4291095/files/CAM041735_d.CR2,f26f4cd6b53bc376682740eabe8fd9f0
39907.JPG,https://zenodo.org/record/4291095/files/CAM041735_d.JPG,839a7c151fadeac80ecee28976ccc224
39910.CR2,https://zenodo.org/record/4291095/files/CAM041736_d.CR2,8a3782b950b8cf63aa2f684f0845165b
39911.JPG,https://zenodo.org/record/4291095/files/CAM041736_d.JPG,f258a2b5a83daa14c234400291064d24
39914.CR2,https://zenodo.org/record/4291095/files/CAM041737_d.CR2,df685fba88c96ad928f30dd7e4853f09
39915.JPG,https://zenodo.org/record/4291095/files/CAM041737_d.JPG,9a89e009ec8156b23af9827081113cb6
39918.CR2,https://zenodo.org/record/4291095/files/CAM041738_d.CR2,0124f69ceb47a3e365d9c8b7884717a3
39919.JPG,https://zenodo.org/record/4291095/files/CAM041738_d.JPG,afe865c0e82f1637c447681bba7a9745
39922.CR2,https://zenodo.org/record/4291095/files/CAM041739_d.CR2,4f878e4094f9c10d616080e957e37f22
39923.JPG,https://zenodo.org/record/4291095/files/CAM041739_d.JPG,3903bbf7f1365ebc2551cf3235b9bf51
39926.CR2,https://zenodo.org/record/4291095/files/CAM041740_d.CR2,68d43d1baaa0cd996c9523c654e9b184
39927.JPG,https://zenodo.org/record/4291095/files/CAM041740_d.JPG,e9f4fbcd2e9b3f88d4f0bddf918d5253
39930.CR2,https://zenodo.org/record/4291095/files/CAM041741_d.CR2,e1ae1e4d606282bc83aff718ae4a89e6
39931.JPG,https://zenodo.org/record/4291095/files/CAM041741_d.JPG,41886daa4918e92e1c5f84fa5887cbf9
39934.CR2,https://zenodo.org/record/4291095/files/CAM041742_d.CR2,57fde79fc45ccf78ab8b4bf5ebef6dd9
39935.JPG,https://zenodo.org/record/4291095/files/CAM041742_d.JPG,cbef2a907d87ec2566b6ef9c7448914a
39938.CR2,https://zenodo.org/record/4291095/files/CAM041743_d.CR2,b03bfc6a21a17edd8582f046587f3ae4
39939.JPG,https://zenodo.org/record/4291095/files/CAM041743_d.JPG,2fa60e3af139df562a2e1267d9b61967
39942.CR2,https://zenodo.org/record/4291095/files/CAM041744_d.CR2,1a6f90fb737175092bfdbda10b1822e1
39943.JPG,https://zenodo.org/record/4291095/files/CAM041744_d.JPG,97fe1ff77a38f3f80946b355df87cf6b
39946.CR2,https://zenodo.org/record/4291095/files/CAM041745_d.CR2,7a2d29f6e9e92606319dc28526c5587f
39947.JPG,https://zenodo.org/record/4291095/files/CAM041745_d.JPG,3c7e85e1d00db1ccf1da5642776d18f0
39950.CR2,https://zenodo.org/record/4291095/files/CAM041746_d.CR2,68239d774671a4217263b8d8a27756d4
39951.JPG,https://zenodo.org/record/4291095/files/CAM041746_d.JPG,3c709330e261e7535d191fe0caaf918f
39954.CR2,https://zenodo.org/record/4291095/files/CAM041747_d.CR2,95c2db827a58ea068cd43def95ea5198
39955.JPG,https://zenodo.org/record/4291095/files/CAM041747_d.JPG,804f677624362f2fee7bd1b26362b767
39958.CR2,https://zenodo.org/record/4291095/files/CAM041748_d.CR2,b1f4c148ade99487b5c45b59935ba75d
39959.JPG,https://zenodo.org/record/4291095/files/CAM041748_d.JPG,d22d83f59b23262e8db4499b8ffb7a68
39962.CR2,https://zenodo.org/record/4291095/files/CAM041749_d.CR2,68de139157faf05181991bc84cf9fffa
39963.JPG,https://zenodo.org/record/4291095/files/CAM041749_d.JPG,94997f3eeccd01d626646233f279c7e6
39966.CR2,https://zenodo.org/record/4291095/files/CAM041750_d.CR2,5ac615503cf96d6780d9fbe66f72fb54
39967.JPG,https://zenodo.org/record/4291095/files/CAM041750_d.JPG,03b07755af0ef742f21e82a0cd115362
39970.CR2,https://zenodo.org/record/4291095/files/CAM041751_d.CR2,28efbc05307a66a5e981cd87b5ec1cba
39971.JPG,https://zenodo.org/record/4291095/files/CAM041751_d.JPG,a32ec3b8c312487c400f4f64bffea947
39974.CR2,https://zenodo.org/record/4291095/files/CAM041752_d.CR2,f71ebac8b4f39e4e41cfada7d96f8fb9
39975.JPG,https://zenodo.org/record/4291095/files/CAM041752_d.JPG,e56f1e73378f7eae8ef1c282b995e07a
39978.CR2,https://zenodo.org/record/4291095/files/CAM041753_d.CR2,7806a53bf425d1c8ebc593bc39a62b00
39979.JPG,https://zenodo.org/record/4291095/files/CAM041753_d.JPG,e2e00aef541bff71f9893bfeb75e384d
39982.CR2,https://zenodo.org/record/4291095/files/CAM041754_d.CR2,0bb826cf3f115554dcf76e3a99652b77
39983.JPG,https://zenodo.org/record/4291095/files/CAM041754_d.JPG,18613fd9957aa0e89a514f536ca8b64c
39986.CR2,https://zenodo.org/record/4291095/files/CAM041755_d.CR2,9569565c1ce7af85eb38d62c317a201f
39987.JPG,https://zenodo.org/record/4291095/files/CAM041755_d.JPG,7660a0abe749682ac5f7a7b5bb92f13a
39990.CR2,https://zenodo.org/record/4291095/files/CAM041756_d.CR2,58a2f559a16964f76084eff9c204551b
39991.JPG,https://zenodo.org/record/4291095/files/CAM041756_d.JPG,0dca9d3c014f53f55d702e070f8aa026
39994.CR2,https://zenodo.org/record/4291095/files/CAM041757_d.CR2,7d92d5e1aad54ca701d8dbf6f8a7e7cb
39995.JPG,https://zenodo.org/record/4291095/files/CAM041757_d.JPG,ac37a37f6af0d63ce4f57516c2af99fd
39998.CR2,https://zenodo.org/record/4291095/files/CAM041758_d.CR2,81fa24850a94a63018280b0783dc095b
39999.JPG,https://zenodo.org/record/4291095/files/CAM041758_d.JPG,ca859c5a322cc4750175fb4d1d7f9504
40002.CR2,https://zenodo.org/record/4291095/files/CAM041759_d.CR2,2cbbeab27ebdf2dafc0fb35e5f29e7f3
40003.JPG,https://zenodo.org/record/4291095/files/CAM041759_d.JPG,5b55372f78dac44dfd730de69cec28c8
40006.CR2,https://zenodo.org/record/4291095/files/CAM041760_d.CR2,6f50d044dec8e46ece639d9a72165b96
40007.JPG,https://zenodo.org/record/4291095/files/CAM041760_d.JPG,1694e1dcab57a140002fa3357054bae4
40010.CR2,https://zenodo.org/record/4291095/files/CAM041761_d.CR2,2c00c5e3505ed9b3c7323dd14c98728b
40011.JPG,https://zenodo.org/record/4291095/files/CAM041761_d.JPG,db292e52067630b3f50b659e6875a72b
40014.CR2,https://zenodo.org/record/4291095/files/CAM041762_d.CR2,8959619809267fe3216852ba7320475f
40015.JPG,https://zenodo.org/record/4291095/files/CAM041762_d.JPG,cc5322efac1425b3c3f14b7f4041940e
40018.CR2,https://zenodo.org/record/4291095/files/CAM041763_d.CR2,b9fc5087cbbcc99554635d82956f9ff9
40019.JPG,https://zenodo.org/record/4291095/files/CAM041763_d.JPG,d3c7eabe0fa9bdf566b4f9908094a50f
40022.CR2,https://zenodo.org/record/4291095/files/CAM041764_d.CR2,380d5e9ee542d941eeac5e6bbe748e8e
40023.JPG,https://zenodo.org/record/4291095/files/CAM041764_d.JPG,34b12d0ff438e0855bda7f790710114c
40026.CR2,https://zenodo.org/record/4291095/files/CAM041765_d.CR2,c845d92a9e56ed102674aa0409629bc5
40027.JPG,https://zenodo.org/record/4291095/files/CAM041765_d.JPG,8a219a7deec463edafca4e0ed7f92758
40030.CR2,https://zenodo.org/record/4291095/files/CAM041766_d.CR2,f9cf53a3f4aebd13977c51bd249e2b9f
40031.JPG,https://zenodo.org/record/4291095/files/CAM041766_d.JPG,59f9649ef4dacc677fd0786f014a4e3b
40034.CR2,https://zenodo.org/record/4291095/files/CAM041767_d.CR2,c798e84155f23e8aeb8c8f8f51182451
40035.JPG,https://zenodo.org/record/4291095/files/CAM041767_d.JPG,bedf721a1c0e6219dd0a7a7d884aae67
40038.CR2,https://zenodo.org/record/4291095/files/CAM041768_d.CR2,cc9f2dcbf42265bb8c917338a4c71f75
40039.JPG,https://zenodo.org/record/4291095/files/CAM041768_d.JPG,ba8922d956b83ae9967ea93bdb42c923
40042.CR2,https://zenodo.org/record/4291095/files/CAM041769_d.CR2,b467f5b83311a3131393253f0438d2b8
40043.JPG,https://zenodo.org/record/4291095/files/CAM041769_d.JPG,a243fe10d97a86d77eb575d86e31b930
40046.CR2,https://zenodo.org/record/4291095/files/CAM041770_d.CR2,70bcc2348b8a0ce5b85915a09a4a5c54
40047.JPG,https://zenodo.org/record/4291095/files/CAM041770_d.JPG,2148a796f7dfa9dc2f7237a58c707cb0
40050.CR2,https://zenodo.org/record/4291095/files/CAM041771_d.CR2,7d444c1ae3e5817e5efd714ae4411e1a
40051.JPG,https://zenodo.org/record/4291095/files/CAM041771_d.JPG,6077990043a69625187b53c98fd8d7db
40054.CR2,https://zenodo.org/record/4291095/files/CAM041772_d.CR2,46cda6a6269f1d0914c7553f67bdbaa5
40055.JPG,https://zenodo.org/record/4291095/files/CAM041772_d.JPG,47352e4747ee49b6d2e745e8aa31e64a
40058.CR2,https://zenodo.org/record/4291095/files/CAM041773_d.CR2,df4b870ac86103d177c53ea463ad1f56
40059.JPG,https://zenodo.org/record/4291095/files/CAM041773_d.JPG,03708f7385f59c08b5a29e409bf0b02a
40062.CR2,https://zenodo.org/record/4291095/files/CAM041774_d.CR2,f41ecddade0e3d7fe90b74535b56345f
40063.JPG,https://zenodo.org/record/4291095/files/CAM041774_d.JPG,b24e7b767a13ae2dbf6166f5db485442
40066.CR2,https://zenodo.org/record/4291095/files/CAM041775_d.CR2,4e5a6802a49d7a3c4f10b9e9e9464a64
40067.JPG,https://zenodo.org/record/4291095/files/CAM041775_d.JPG,4b12844189ad679d95b02e0a17a18895
40070.CR2,https://zenodo.org/record/4291095/files/CAM041776_d.CR2,2628d7bf6b5ffc256e264a1fd6338ff8
40071.JPG,https://zenodo.org/record/4291095/files/CAM041776_d.JPG,18e94794040a182c8163a989029b9cb1
40074.CR2,https://zenodo.org/record/4291095/files/CAM041777_d.CR2,bf12945604d67980c84ab126ad224638
40075.JPG,https://zenodo.org/record/4291095/files/CAM041777_d.JPG,a174b569ecff521fbc2b58cd72dee5d5
40078.CR2,https://zenodo.org/record/4291095/files/CAM041778_d.CR2,7850809ab0e38ae5edd515436b08720b
40079.JPG,https://zenodo.org/record/4291095/files/CAM041778_d.JPG,4443c62b1cb1bc49e6f636ae2d96e679
40082.CR2,https://zenodo.org/record/4291095/files/CAM041779_d.CR2,69427c5675dea79b44078fbf65ef295e
40083.JPG,https://zenodo.org/record/4291095/files/CAM041779_d.JPG,4c19d006e2fb35ec1be6b510f53b96cb
40086.CR2,https://zenodo.org/record/4291095/files/CAM041780_d.CR2,1a2ddcfd412a829873c191ce658e8c12
40087.JPG,https://zenodo.org/record/4291095/files/CAM041780_d.JPG,f1e33da94ab507ef1c272a6fa715c31d
40090.CR2,https://zenodo.org/record/4291095/files/CAM041781_d.CR2,025d05b532d20a1e4824aef3ac9751e2
40091.JPG,https://zenodo.org/record/4291095/files/CAM041781_d.JPG,e25436f0449a57994e309a80a26edf47
40094.CR2,https://zenodo.org/record/4291095/files/CAM041782_d.CR2,63ead4b037f5a0377c36e7948bd26502
40095.JPG,https://zenodo.org/record/4291095/files/CAM041782_d.JPG,8851c087099c8502afefae464914b237
40098.CR2,https://zenodo.org/record/4291095/files/CAM041783_d.CR2,c9772d63e6cd19a34722bc07a40d6556
40099.JPG,https://zenodo.org/record/4291095/files/CAM041783_d.JPG,d2b22a142da799708d6f49b20f4bb533
40102.CR2,https://zenodo.org/record/4291095/files/CAM041784_d.CR2,ad125436574a1fa4abc690bfd22cd3d8
40103.JPG,https://zenodo.org/record/4291095/files/CAM041784_d.JPG,064ba0021dc2e308d6cc0794886c649e
40106.CR2,https://zenodo.org/record/4291095/files/CAM041785_d.CR2,65e9a516f4cc8745b25279c349d2b9b1
40107.JPG,https://zenodo.org/record/4291095/files/CAM041785_d.JPG,7ece54fe3bb1489c1df907f3e0771f5b
40110.CR2,https://zenodo.org/record/4291095/files/CAM041786_d.CR2,3b65eca3b0894f39fcc8c027aca813a5
40111.JPG,https://zenodo.org/record/4291095/files/CAM041786_d.JPG,2fbf71b4dd48c1704c6c12d5ba5adc77
40114.CR2,https://zenodo.org/record/4291095/files/CAM041787_d.CR2,e0cc607d40142d8c30f95177ea5c1898
40115.JPG,https://zenodo.org/record/4291095/files/CAM041787_d.JPG,3e1f9291acd0fb91f2fb370801a4057a
40118.CR2,https://zenodo.org/record/4291095/files/CAM041788_d.CR2,7d90ea72c535654499d0de95a51f8201
40119.JPG,https://zenodo.org/record/4291095/files/CAM041788_d.JPG,e9fb69d00ad93893b5adf96bb8636f71
40122.CR2,https://zenodo.org/record/4291095/files/CAM041789_d.CR2,00ad6f846b4e9c4eb3b61d0233f0c219
40123.JPG,https://zenodo.org/record/4291095/files/CAM041789_d.JPG,7937dec8aa88e2f5be15c5371f3268f0
40126.CR2,https://zenodo.org/record/4291095/files/CAM041790_d.CR2,ac97faefd46e4884f9b1e48bfb36c78c
40127.JPG,https://zenodo.org/record/4291095/files/CAM041790_d.JPG,d22759c0c59bf8ee4bf91372fecccd88
40130.CR2,https://zenodo.org/record/4291095/files/CAM041791_d.CR2,decf6370926b595e29c960bfdcd39e92
40131.JPG,https://zenodo.org/record/4291095/files/CAM041791_d.JPG,c9b625bcc9b255432f72272c8cbf5a60
40134.CR2,https://zenodo.org/record/4291095/files/CAM041792_d.CR2,4e68a88b6f291f240d76aa6946bd546d
40135.JPG,https://zenodo.org/record/4291095/files/CAM041792_d.JPG,d8c393d69ecf31d1989d904e702d64cc
40138.CR2,https://zenodo.org/record/4291095/files/CAM041793_d.CR2,f239419b3cbd7d986e6f57175d613034
40139.JPG,https://zenodo.org/record/4291095/files/CAM041793_d.JPG,8d5b1c920acc47213054895b23557831
40142.CR2,https://zenodo.org/record/4291095/files/CAM041794_d.CR2,1877ce76e41e5e7f9eede1757362a454
40143.JPG,https://zenodo.org/record/4291095/files/CAM041794_d.JPG,c7676da59ffb1044b487000976847b83
40146.CR2,https://zenodo.org/record/4291095/files/CAM041795_d.CR2,8973ee818c7fad3e245e8b1ff4d87a25
40147.JPG,https://zenodo.org/record/4291095/files/CAM041795_d.JPG,278c814af51e47e7513e555ffa9a605b
40150.CR2,https://zenodo.org/record/4291095/files/CAM041796_d.CR2,f43461ad9567d45db26741a03acb66de
40151.JPG,https://zenodo.org/record/4291095/files/CAM041796_d.JPG,2f09180cf6733086b7c1662f38098183
40154.CR2,https://zenodo.org/record/4291095/files/CAM041797_d.CR2,7cb12636c5809cf63d2b8cb729c47dab
40155.JPG,https://zenodo.org/record/4291095/files/CAM041797_d.JPG,6a3ced998b593ab8ac5c5ab8a29d5822
40158.CR2,https://zenodo.org/record/4291095/files/CAM041798_d.CR2,e826f7dcc4e51e91226a7d8ea1615084
40159.JPG,https://zenodo.org/record/4291095/files/CAM041798_d.JPG,80a824804868d78c56186d4491733ce1
40162.CR2,https://zenodo.org/record/4291095/files/CAM041799_d.CR2,be9d780be958338d842c3073861aa00a
40163.JPG,https://zenodo.org/record/4291095/files/CAM041799_d.JPG,7ccd71428b7f466b1d954b8ab2fa0540
40166.CR2,https://zenodo.org/record/4291095/files/CAM041800_d.CR2,a439554745ff48e8f9aae898bc96f3ed
40167.JPG,https://zenodo.org/record/4291095/files/CAM041800_d.JPG,4625b4a91704c62e0b1df39dc4602ee2
40170.CR2,https://zenodo.org/record/4291095/files/CAM041801_d.CR2,197be07dec482f6cb7de87be19d17e81
40171.JPG,https://zenodo.org/record/4291095/files/CAM041801_d.JPG,ca84d18cdae0eb8414e939f9ecaa1334
40174.CR2,https://zenodo.org/record/4291095/files/CAM041802_d.CR2,3e2e0950bfe70c09e99284eb0805aaaa
40175.JPG,https://zenodo.org/record/4291095/files/CAM041802_d.JPG,617ebc8e80f5472b0e12ea236897d180
40178.CR2,https://zenodo.org/record/4291095/files/CAM041803_d.CR2,2f304c5ee17fae430f0bc34457741238
40179.JPG,https://zenodo.org/record/4291095/files/CAM041803_d.JPG,6a6e129cd0af1629a0fa0c9a5191e983
40182.CR2,https://zenodo.org/record/4291095/files/CAM041804_d.CR2,674438fd8495fe0cb10ea54e4cfe8803
40183.JPG,https://zenodo.org/record/4291095/files/CAM041804_d.JPG,ca065302f62c82ec360ddf6e89c49293
40186.CR2,https://zenodo.org/record/4291095/files/CAM041805_d.CR2,5c28f6f9ccc63a8b8874627a9cd7bb98
40187.JPG,https://zenodo.org/record/4291095/files/CAM041805_d.JPG,65bb3096e4b43fbfd786f6e4782e8a72
40190.CR2,https://zenodo.org/record/4291095/files/CAM041806_d.CR2,20228564e435d05053b1c25eccc42da5
40191.JPG,https://zenodo.org/record/4291095/files/CAM041806_d.JPG,ccc7c963f6ddb0e54a1e3589db6aa808
40194.CR2,https://zenodo.org/record/4291095/files/CAM041807_d.CR2,1ef3dbe7b286a34882d21ef39424f18a
40195.JPG,https://zenodo.org/record/4291095/files/CAM041807_d.JPG,1e77684537bc187b8e82b0f9f4342275
40198.CR2,https://zenodo.org/record/4291095/files/CAM041808_d.CR2,e1b16f08005517abfda5ef098b11b8b1
40199.JPG,https://zenodo.org/record/4291095/files/CAM041808_d.JPG,5498918119fbcbdf714d3f31388336a2
40202.CR2,https://zenodo.org/record/4291095/files/CAM041809_d.CR2,ea7bdb90e314aadcac20e41439304585
40203.JPG,https://zenodo.org/record/4291095/files/CAM041809_d.JPG,6ab1ecd5eaf4b38bbe441565bc8b87ab
40206.CR2,https://zenodo.org/record/4291095/files/CAM041810_d.CR2,debe959adbff4e5457965d0eec9ee510
40207.JPG,https://zenodo.org/record/4291095/files/CAM041810_d.JPG,7840d1922d566933cf8be90915f1b2bd
40210.CR2,https://zenodo.org/record/4291095/files/CAM041811_d.CR2,44e463bbeb2dac2c7c13a5a8309bbe93
40211.JPG,https://zenodo.org/record/4291095/files/CAM041811_d.JPG,b6d0cb5d08b397fdc2c66a9457666545
40214.CR2,https://zenodo.org/record/4291095/files/CAM041812_d.CR2,0ca3f14e8de0f6ed9c88e11e75aae224
40215.JPG,https://zenodo.org/record/4291095/files/CAM041812_d.JPG,f4769c073bb326eb39dc5e23872c508f
40218.CR2,https://zenodo.org/record/4291095/files/CAM041813_d.CR2,817326043333b79fd4017f1ed9d1f9a2
40219.JPG,https://zenodo.org/record/4291095/files/CAM041813_d.JPG,d16dc69857ee876317060dbb7c44a517
40222.CR2,https://zenodo.org/record/4291095/files/CAM041814_d.CR2,f22c9633201dbef8364559ab90e524c5
40223.JPG,https://zenodo.org/record/4291095/files/CAM041814_d.JPG,6bf643e740e71aa6c61fb5197eaf6d6c
40226.CR2,https://zenodo.org/record/4291095/files/CAM041815_d.CR2,75c10e9d7d2312c62675b1ce53824567
40227.JPG,https://zenodo.org/record/4291095/files/CAM041815_d.JPG,196853ab09d27a6c76c03f48bd6fb2d9
40230.CR2,https://zenodo.org/record/4291095/files/CAM041816_d.CR2,7e9288c93610703a341a3d540dbb72a6
40231.JPG,https://zenodo.org/record/4291095/files/CAM041816_d.JPG,7e0a9d8a9a0848d0a08d9b1182fa9bfd
40234.CR2,https://zenodo.org/record/4291095/files/CAM041817_d.CR2,e6796edc0b8737a213978377c9e27054
40235.JPG,https://zenodo.org/record/4291095/files/CAM041817_d.JPG,f51eadce4355690c1e7a1ecc21b59807
40238.CR2,https://zenodo.org/record/4291095/files/CAM041818_d.CR2,994b1a1a053b97d95b668ed0f7aadf3a
40239.JPG,https://zenodo.org/record/4291095/files/CAM041818_d.JPG,01b99b15366bb522414825e1d241ea08
40242.CR2,https://zenodo.org/record/4291095/files/CAM041819_d.CR2,8d362eca5cb6ce6bc5d426f9b46b3091
40243.JPG,https://zenodo.org/record/4291095/files/CAM041819_d.JPG,d22e0844b3844fb73c12ab90740495fc
40246.CR2,https://zenodo.org/record/4291095/files/CAM041820_d.CR2,760c42ea590b56e3fdff2c3821437a47
40247.JPG,https://zenodo.org/record/4291095/files/CAM041820_d.JPG,f1a9f23804d58a6c3d092759c7700385
40250.CR2,https://zenodo.org/record/4291095/files/CAM041821_d.CR2,e3d9d15f667ad19625e217ba754dc786
40251.JPG,https://zenodo.org/record/4291095/files/CAM041821_d.JPG,06b57ebe9d0d2d45f92c9f872c2090d3
40254.CR2,https://zenodo.org/record/4291095/files/CAM041822_d.CR2,6c5c227d10e15f417c310a4a7bbc7bd0
40255.JPG,https://zenodo.org/record/4291095/files/CAM041822_d.JPG,c496b261213283e6a4d19dc067a18605
40258.CR2,https://zenodo.org/record/4291095/files/CAM041823_d.CR2,bd4e301b74691b655c8de1d17ff97caf
40259.JPG,https://zenodo.org/record/4291095/files/CAM041823_d.JPG,149b899dc360e03d097bae85b797d9aa
40262.CR2,https://zenodo.org/record/4291095/files/CAM041824_d.CR2,3069443154e5c87241d7f3bda216497f
40263.JPG,https://zenodo.org/record/4291095/files/CAM041824_d.JPG,847752ab7867ff0464c5d9509168b4da
40266.CR2,https://zenodo.org/record/4291095/files/CAM041825_d.CR2,583da622ce5474e5a6c0890b5a324bb5
40267.JPG,https://zenodo.org/record/4291095/files/CAM041825_d.JPG,795185b9e27ff897d94278a11eec5c99
40270.CR2,https://zenodo.org/record/4291095/files/CAM041826_d.CR2,af97da0eaa7a292f947810ecfa0a4ffd
40271.JPG,https://zenodo.org/record/4291095/files/CAM041826_d.JPG,3212b57e073e0b236ade287f9fd79707
40274.CR2,https://zenodo.org/record/4291095/files/CAM041827_d.CR2,138affa1e6ebbff294e91c8d671dbb9a
40275.JPG,https://zenodo.org/record/4291095/files/CAM041827_d.JPG,9f766bb9faa93b3d1a7c2fb72a7ebd80
40278.CR2,https://zenodo.org/record/4291095/files/CAM041828_d.CR2,2b29729d22eac045cc18a68bf10f0a6d
40279.JPG,https://zenodo.org/record/4291095/files/CAM041828_d.JPG,8c349fe25970299e3dfc41091323d537
40282.CR2,https://zenodo.org/record/4291095/files/CAM041829_d.CR2,48f4d613366cbd2fa17c97bb1017c365
40283.JPG,https://zenodo.org/record/4291095/files/CAM041829_d.JPG,e3aaeffade5a32f9e7ab126332f2e31a
40286.CR2,https://zenodo.org/record/4291095/files/CAM041830_d.CR2,9128533ce6ea90099f45370bb32ca30d
40287.JPG,https://zenodo.org/record/4291095/files/CAM041830_d.JPG,60be900840007fa8d0fdcc638be9e475
40290.CR2,https://zenodo.org/record/4291095/files/CAM041831_d.CR2,fee897d5db350c547e5641be6f4ce0fc
40291.JPG,https://zenodo.org/record/4291095/files/CAM041831_d.JPG,53de2100f4baf5a18a49ab366c4317ce
40294.CR2,https://zenodo.org/record/4291095/files/CAM041832_d.CR2,2e603a5eb51585a88c37e83fc94a4c0a
40295.JPG,https://zenodo.org/record/4291095/files/CAM041832_d.JPG,e8cb7ccd6234e726d53e95311b2f1c71
40298.CR2,https://zenodo.org/record/4291095/files/CAM041833_d.CR2,996fe77cce3ddcf4fc8f4fc8a4182166
40299.JPG,https://zenodo.org/record/4291095/files/CAM041833_d.JPG,4418dbb220fbcc04cae1d59ca22c264b
40302.CR2,https://zenodo.org/record/4291095/files/CAM041834_d.CR2,d86c15fd75f4beca70dcc545e9f528e8
40303.JPG,https://zenodo.org/record/4291095/files/CAM041834_d.JPG,66b7e68f4ae0a952e1207509c739db1b
40306.CR2,https://zenodo.org/record/4291095/files/CAM041835_d.CR2,5916c56070a5bfa9daae86c0625ad2bb
40307.JPG,https://zenodo.org/record/4291095/files/CAM041835_d.JPG,6fe795a3b8939da351816b1ea23a62e2
40310.CR2,https://zenodo.org/record/4291095/files/CAM041836_d.CR2,410a8b1beddb0ba442b2b8c80d4f3bee
40311.JPG,https://zenodo.org/record/4291095/files/CAM041836_d.JPG,b3ae387aa0867e532e3f84ec9dc3c7eb
40314.CR2,https://zenodo.org/record/4291095/files/CAM041837_d.CR2,9d6dae33b3a4104f317e7f0b4001a26c
40315.JPG,https://zenodo.org/record/4291095/files/CAM041837_d.JPG,a7cc8d0b392b2088e122b736e8a09650
40318.CR2,https://zenodo.org/record/4291095/files/CAM041838_d.CR2,1ffcdbb13ae25d44527046b091091bcb
40319.JPG,https://zenodo.org/record/4291095/files/CAM041838_d.JPG,d3cb7487bf784bf32ffb0f3d5f20d271
40322.CR2,https://zenodo.org/record/4291095/files/CAM041839_d.CR2,bc59ba1b7cab388752514b5d0b13f7a0
40323.JPG,https://zenodo.org/record/4291095/files/CAM041839_d.JPG,9ec57068b4b43a0042f563ee94a5933d
40326.CR2,https://zenodo.org/record/4291095/files/CAM041840_d.CR2,2a63afd1340f38bb299a8edb410eddb9
40327.JPG,https://zenodo.org/record/4291095/files/CAM041840_d.JPG,1f816abc9a4f4483bfac6140f0c34e01
40330.CR2,https://zenodo.org/record/4291095/files/CAM041841_d.CR2,83b80a5dfea96df6daf65908c83e72f5
40331.JPG,https://zenodo.org/record/4291095/files/CAM041841_d.JPG,d60e96e5eb56c271cffddcb6ca8156a9
40334.CR2,https://zenodo.org/record/4291095/files/CAM041842_d.CR2,760ee088378ddea636df1e79275acc2b
40335.JPG,https://zenodo.org/record/4291095/files/CAM041842_d.JPG,56f22ddc19b68457085fbd805f9bcde3
40338.CR2,https://zenodo.org/record/4291095/files/CAM041843_d.CR2,398731efab96a76802870b626bfd1299
40339.JPG,https://zenodo.org/record/4291095/files/CAM041843_d.JPG,735a5fb770e3c8f83194e6a6f3fd21c1
40342.CR2,https://zenodo.org/record/4291095/files/CAM041844_d.CR2,da5ed828bde307612887a52c9a397db2
40343.JPG,https://zenodo.org/record/4291095/files/CAM041844_d.JPG,f5fb5d66354e4eaa0be0d7565f1df268
40346.CR2,https://zenodo.org/record/4291095/files/CAM041845_d.CR2,b17edc3f5c9e0dc555ff5091fca395d6
40347.JPG,https://zenodo.org/record/4291095/files/CAM041845_d.JPG,094981f0584a4b7ac82f4cdd74ad2574
40350.CR2,https://zenodo.org/record/4291095/files/CAM041846_d.CR2,02ca3755ebd0038213d29e233ae91e3d
40351.JPG,https://zenodo.org/record/4291095/files/CAM041846_d.JPG,0ed5a08b4eb3f4575661f1d622e247d3
40354.CR2,https://zenodo.org/record/4291095/files/CAM041847_d.CR2,0f62c850481462d10ad0df377680515e
40355.JPG,https://zenodo.org/record/4291095/files/CAM041847_d.JPG,ffd86e642ae651246a88f2dfd740106d
40358.CR2,https://zenodo.org/record/4291095/files/CAM041848_d.CR2,279a8b3e8078c7b33b1a7a6d9f4cdde9
40359.JPG,https://zenodo.org/record/4291095/files/CAM041848_d.JPG,97341ed7c1ec42ac05f8d2468c4999c6
40362.CR2,https://zenodo.org/record/4291095/files/CAM041849_d.CR2,91b8ac5f744748459167267e56aff9e4
40363.JPG,https://zenodo.org/record/4291095/files/CAM041849_d.JPG,4f280c4d70bd42bb207cc248809f1ff3
40366.CR2,https://zenodo.org/record/4291095/files/CAM041850_d.CR2,5f7da417e09964f239b2e6f8296b4422
40367.JPG,https://zenodo.org/record/4291095/files/CAM041850_d.JPG,6f04af3bad229e450a82a7c6be15d0dd
40370.CR2,https://zenodo.org/record/4291095/files/CAM041851_d.CR2,b80275d1c783cc4af5d0da7a851fd0b4
40371.JPG,https://zenodo.org/record/4291095/files/CAM041851_d.JPG,6e0ef053a5208fb33fe612777e85fe90
40374.CR2,https://zenodo.org/record/4291095/files/CAM041852_d.CR2,92a01af13236678496975f24b2e282aa
40375.JPG,https://zenodo.org/record/4291095/files/CAM041852_d.JPG,18da42e3d0ad03bc8ed8de4368c7ef6c
40378.CR2,https://zenodo.org/record/4291095/files/CAM041853_d.CR2,87cbf8b6a3f60082fa85d60880227fe4
40379.JPG,https://zenodo.org/record/4291095/files/CAM041853_d.JPG,9f3ad95d8ff999ac4b8bb76cad171aaf
40383.CR2,https://zenodo.org/record/4291095/files/CAM041855_d.CR2,3e83f1bf28afcc72c9bd82d34b6014b2
40384.JPG,https://zenodo.org/record/4291095/files/CAM041855_d.JPG,0a38ca528bc7b3051bc2a2ade05eab76
40387.CR2,https://zenodo.org/record/4291095/files/CAM041856_d.CR2,8e600b2ff2eafafbb46cbc468d81d9d5
40388.JPG,https://zenodo.org/record/4291095/files/CAM041856_d.JPG,7a2b7f329bfb289476dc0853fdaaa6cf
40391.CR2,https://zenodo.org/record/4291095/files/CAM041857_d.CR2,2dac666883ba08a96521aca420deb007
40392.JPG,https://zenodo.org/record/4291095/files/CAM041857_d.JPG,74575c74512ad641fa1abe5feb0ad6bb
40395.CR2,https://zenodo.org/record/4291095/files/CAM041858_d.CR2,a3fa49eaf63c2fba6ce591f34a26d2e1
40396.JPG,https://zenodo.org/record/4291095/files/CAM041858_d.JPG,96a047de5a2f0dc878f8ad855010a883
40399.CR2,https://zenodo.org/record/4291095/files/CAM041859_d.CR2,51e47f069fc8f9cc670d9d1c07cf573b
40400.JPG,https://zenodo.org/record/4291095/files/CAM041859_d.JPG,300cbcb2302739f0f998fb14ae097bda
40403.CR2,https://zenodo.org/record/4291095/files/CAM041860_d.CR2,1ff3944e2f6716dc0e9df3c8da5fabb3
40404.JPG,https://zenodo.org/record/4291095/files/CAM041860_d.JPG,420785f82bf4eb948c04d73b864be0c5
40407.CR2,https://zenodo.org/record/4291095/files/CAM041861_d.CR2,3d3fd61a7936402e1aa71184a3e67b1d
40408.JPG,https://zenodo.org/record/4291095/files/CAM041861_d.JPG,2722a1f50af8674e617527d3334745ff
40411.CR2,https://zenodo.org/record/4291095/files/CAM041862_d.CR2,00dde959aa8cbf7df213173db9a9e1ca
40412.JPG,https://zenodo.org/record/4291095/files/CAM041862_d.JPG,d702e1e18aecbfefab3701f139a940fa
40415.CR2,https://zenodo.org/record/4291095/files/CAM041863_d.CR2,21e0b6588da60f877fb2df68404187a2
40416.JPG,https://zenodo.org/record/4291095/files/CAM041863_d.JPG,f76e4c506bf17d0a1b360464596ed5ce
40419.CR2,https://zenodo.org/record/4291095/files/CAM041864_d.CR2,703c29cafd989bcd113f7bec9dbfbd96
40420.JPG,https://zenodo.org/record/4291095/files/CAM041864_d.JPG,32eb9d3bbac26f1cab13cc999d563d2d
40423.CR2,https://zenodo.org/record/4291095/files/CAM041865_d.CR2,96fade9c45eeaf9a1155fab942fd1818
40424.JPG,https://zenodo.org/record/4291095/files/CAM041865_d.JPG,36adb5bf6972fee59bab87b4ca247b3d
40427.CR2,https://zenodo.org/record/4291095/files/CAM041866_d.CR2,36c17f71cffefb9979f8c822efdb2b40
40428.JPG,https://zenodo.org/record/4291095/files/CAM041866_d.JPG,e8d4e535a93ab13b8516400632a58fca
40431.CR2,https://zenodo.org/record/4291095/files/CAM041867_d.CR2,218a643345019079fa521a594f5dcd97
40432.JPG,https://zenodo.org/record/4291095/files/CAM041867_d.JPG,615324d97a1f4b279aea0a5186306157
40435.CR2,https://zenodo.org/record/4291095/files/CAM041868_d.CR2,e2620d0fb556284b79224f1e88c89466
40436.JPG,https://zenodo.org/record/4291095/files/CAM041868_d.JPG,1149ad1b95d1c2e5144220262fa3cdb7
40439.CR2,https://zenodo.org/record/4291095/files/CAM041869_d.CR2,7c28e0031e92a84c655ba8c7acd3e39b
40440.JPG,https://zenodo.org/record/4291095/files/CAM041869_d.JPG,394950cf6d4b994e49d2acfe6af5d88a
40443.CR2,https://zenodo.org/record/4291095/files/CAM041870_d.CR2,2a6a040025195eeb353464cbf2e48086
40444.JPG,https://zenodo.org/record/4291095/files/CAM041870_d.JPG,8f20cfa5f0e55b29a9bec519c5ea36fc
40447.CR2,https://zenodo.org/record/4291095/files/CAM041871_d.CR2,1a3984d1988eff47d1391a6c3df39678
40448.JPG,https://zenodo.org/record/4291095/files/CAM041871_d.JPG,9aec0b8dfbe9100ebfef46f4cbdb0cb4
40451.CR2,https://zenodo.org/record/4291095/files/CAM041872_d.CR2,78c36d69a93a5d96cb8c5b8148adfa96
40452.JPG,https://zenodo.org/record/4291095/files/CAM041872_d.JPG,c053fb92c46b1ef0ed879a9cb7df3af3
40455.CR2,https://zenodo.org/record/4291095/files/CAM041873_d.CR2,f2e50d7c276ccd91637f67543322a42b
40456.JPG,https://zenodo.org/record/4291095/files/CAM041873_d.JPG,d0d2cfbd7d177d03da032eeba5992fa3
40459.CR2,https://zenodo.org/record/4291095/files/CAM041874_d.CR2,cb61287c73b6a61c0aecc2d85c9c222d
40460.JPG,https://zenodo.org/record/4291095/files/CAM041874_d.JPG,f94dcf6db96c83cc3261851ceb1ffbd1
40463.CR2,https://zenodo.org/record/4291095/files/CAM041875_d.CR2,ed5018926d1f6be3bd02ef7d09251763
40464.JPG,https://zenodo.org/record/4291095/files/CAM041875_d.JPG,3572e6fb78fe36d0a3487d661fd2f560
40467.CR2,https://zenodo.org/record/4291095/files/CAM041876_d.CR2,3d8b06e4f820023d4f5efc3e6c57863c
40468.JPG,https://zenodo.org/record/4291095/files/CAM041876_d.JPG,e673b57e388007a8ea72ba1317304c02
40471.CR2,https://zenodo.org/record/4291095/files/CAM041877_d.CR2,9f3e3d73f1049f0e1a26650d7a640769
40472.JPG,https://zenodo.org/record/4291095/files/CAM041877_d.JPG,7cba96d6031a6c4b8ccdb9971a5f9728
40475.CR2,https://zenodo.org/record/4291095/files/CAM041878_d.CR2,096ac63deb1d68cdcaabd5cabfe4e76f
40476.JPG,https://zenodo.org/record/4291095/files/CAM041878_d.JPG,c0d154ebbf7552bcdbcb233556a5f286
40479.CR2,https://zenodo.org/record/4291095/files/CAM041879_d.CR2,c4207e0df9eb692d459551ebfbbd213c
40480.JPG,https://zenodo.org/record/4291095/files/CAM041879_d.JPG,47245cb4abf7acb9f2ae5aa09a50d216
40483.CR2,https://zenodo.org/record/4291095/files/CAM041880_d.CR2,686b641c8b909029b8db852518625d12
40484.JPG,https://zenodo.org/record/4291095/files/CAM041880_d.JPG,b5baf818f09296a98d9c8acec4e8401e
40487.CR2,https://zenodo.org/record/4291095/files/CAM041881_d.CR2,3819c59d8aa385f7e1302c0d2075ecca
40488.JPG,https://zenodo.org/record/4291095/files/CAM041881_d.JPG,aef85e175bbc4a718cb999ea3102e6fe
40491.CR2,https://zenodo.org/record/4291095/files/CAM041882_d.CR2,2a1d673fe52664e6bceda581da25a7f5
40492.JPG,https://zenodo.org/record/4291095/files/CAM041882_d.JPG,b0f376846bc5dda5fece666e5be2bc4a
40495.CR2,https://zenodo.org/record/4291095/files/CAM041883_d.CR2,5a679e73b550ee0a431bb61fd0e23414
40496.JPG,https://zenodo.org/record/4291095/files/CAM041883_d.JPG,3263b7eafcdc8ab8230b2f51ff58499c
40499.CR2,https://zenodo.org/record/4291095/files/CAM041884_d.CR2,c5b6c2d7b88b32b9ce9dd97c07a47749
40500.JPG,https://zenodo.org/record/4291095/files/CAM041884_d.JPG,d887a1fb66b72085a22167536ff78600
40503.CR2,https://zenodo.org/record/4291095/files/CAM041885_d.CR2,a7396fec8bd06a51583fcd7ee86ef73a
40504.JPG,https://zenodo.org/record/4291095/files/CAM041885_d.JPG,ca121526233e31e388f58076bbe2dccd
40507.CR2,https://zenodo.org/record/4291095/files/CAM041886_d.CR2,1234664466bdf9b52f524ce5a42ef836
40508.JPG,https://zenodo.org/record/4291095/files/CAM041886_d.JPG,872b2097fda731f569352c0c7bf49e9c
40515.CR2,https://zenodo.org/record/4291095/files/CAM041888_d.CR2,9c21eb2263b74d0739649c65bbc2cf07
40516.JPG,https://zenodo.org/record/4291095/files/CAM041888_d.JPG,f5876176ec260379504724aa44073a06
40519.CR2,https://zenodo.org/record/4291095/files/CAM041889_d.CR2,6355834e715e51a198f527a1e2d58135
40520.JPG,https://zenodo.org/record/4291095/files/CAM041889_d.JPG,4e1ed8c79b4ba102f395552c0e690f32
40523.CR2,https://zenodo.org/record/4291095/files/CAM041890_d.CR2,baa8d6ba8e6e097ae90d6d7c20c0c133
40524.JPG,https://zenodo.org/record/4291095/files/CAM041890_d.JPG,568f00f8b89ea6e2b93a9623891eef78
40527.CR2,https://zenodo.org/record/4291095/files/CAM041891_d.CR2,3e5595094c149bbc3cc1097ff4ad2876
40528.JPG,https://zenodo.org/record/4291095/files/CAM041891_d.JPG,af8ab42a7d4de8597f87111b50b2675b
40531.CR2,https://zenodo.org/record/4291095/files/CAM041892_d.CR2,7db2c799867ee89357bfd8d907a88ffd
40532.JPG,https://zenodo.org/record/4291095/files/CAM041892_d.JPG,b0088e3342c9cdfbfa25270989cec383
40535.CR2,https://zenodo.org/record/4291095/files/CAM041893_d.CR2,f688950c70a7671770155a106afda23d
40536.JPG,https://zenodo.org/record/4291095/files/CAM041893_d.JPG,1622a8ade4ce41e0341df445def409e9
40539.CR2,https://zenodo.org/record/4291095/files/CAM041894_d.CR2,4eaaafe4dc9df0a01367a002513eed8a
40540.JPG,https://zenodo.org/record/4291095/files/CAM041894_d.JPG,78345abb2061210ea64099e5e9237308
40543.CR2,https://zenodo.org/record/4291095/files/CAM041895_d.CR2,92c61ed6b9f76d7b86d1f6eec75622b8
40544.JPG,https://zenodo.org/record/4291095/files/CAM041895_d.JPG,60d3c82b6c57c08e3c71b73982aa1f09
40547.CR2,https://zenodo.org/record/4291095/files/CAM041896_d.CR2,3aecf186a544ecb0f477ddf00e0f3b98
40548.JPG,https://zenodo.org/record/4291095/files/CAM041896_d.JPG,330dd10fc06f21809ab80b272f28a310
40551.CR2,https://zenodo.org/record/4291095/files/CAM041897_d.CR2,6629a75882203a8176032f2665c879f6
40552.JPG,https://zenodo.org/record/4291095/files/CAM041897_d.JPG,22774a2a85ab6fd0857c579f0e3dc7c3
40555.CR2,https://zenodo.org/record/4291095/files/CAM041898_d.CR2,83d0691978c6c00c768b5372b3c9583b
40556.JPG,https://zenodo.org/record/4291095/files/CAM041898_d.JPG,9a2534759d2dd8634377d52d8c450ecc
40559.CR2,https://zenodo.org/record/4291095/files/CAM041899_d.CR2,c4b678ab310cc22fbd4fb47208dd324d
40560.JPG,https://zenodo.org/record/4291095/files/CAM041899_d.JPG,e843e53ea81e39e6d6633d8dac6a4553
40563.CR2,https://zenodo.org/record/4291095/files/CAM041900_d.CR2,d8a75ef0453dc52740a10e4d8de633d0
40564.JPG,https://zenodo.org/record/4291095/files/CAM041900_d.JPG,c9dc6f174bfa5f2e674d147be402f6da
40567.CR2,https://zenodo.org/record/4291095/files/CAM041901_d.CR2,593b5fd07fa537c62723eca8438657ee
40568.JPG,https://zenodo.org/record/4291095/files/CAM041901_d.JPG,7014c3c8352dbd9a58498a8bf84e7889
40571.CR2,https://zenodo.org/record/4291095/files/CAM041902_d.CR2,62e9c0e9bd913345d875f4681402eb21
40572.JPG,https://zenodo.org/record/4291095/files/CAM041902_d.JPG,55f8d2e7cbe123cd75f3efee530c791f
40575.CR2,https://zenodo.org/record/4291095/files/CAM041903_d.CR2,1220d414cccccaecf40dcde35efbcc21
40576.JPG,https://zenodo.org/record/4291095/files/CAM041903_d.JPG,632383e1d45748c3f82ae2732a87aee4
40579.CR2,https://zenodo.org/record/4291095/files/CAM041904_d.CR2,29f6908afb169585fc3ff7bfd07e52f0
40580.JPG,https://zenodo.org/record/4291095/files/CAM041904_d.JPG,be87112ef7a0d454d13d80e90a738d59
40583.CR2,https://zenodo.org/record/4291095/files/CAM041905_d.CR2,fc13bc5d1916b631cc5ec7355c1ad2b5
40584.JPG,https://zenodo.org/record/4291095/files/CAM041905_d.JPG,9e5451e2ed95d6cbcd597915fe16400a
40587.CR2,https://zenodo.org/record/4291095/files/CAM041906_d.CR2,8d624383c0f85dab963e78cf27dcf797
40588.JPG,https://zenodo.org/record/4291095/files/CAM041906_d.JPG,13e72c3c542675f55cfd389f35d40d41
40591.CR2,https://zenodo.org/record/4291095/files/CAM041907_d.CR2,ccf86f18b38039a5590db7e28e328506
40592.JPG,https://zenodo.org/record/4291095/files/CAM041907_d.JPG,e9e70287994c33fade3e9d1521d22946
40595.CR2,https://zenodo.org/record/4291095/files/CAM041908_d.CR2,e7f7ba33428945fcb0102c02151aa042
40596.JPG,https://zenodo.org/record/4291095/files/CAM041908_d.JPG,365d4f9751680da4c2c23e17539531e4
40599.CR2,https://zenodo.org/record/4291095/files/CAM041909_d.CR2,9dc08c45c5b671111946ed07a99f8dda
40600.JPG,https://zenodo.org/record/4291095/files/CAM041909_d.JPG,d5d4a90954d43eef204495ebef21b4c8
40603.CR2,https://zenodo.org/record/4291095/files/CAM041910_d.CR2,b812cffa44d55635b1073070834ba84b
40604.JPG,https://zenodo.org/record/4291095/files/CAM041910_d.JPG,f86d1a270939abc1eb10d27b14bfa791
40607.CR2,https://zenodo.org/record/4291095/files/CAM041911_d.CR2,878015b4ec20f796809e4df6e79e660c
40608.JPG,https://zenodo.org/record/4291095/files/CAM041911_d.JPG,eebdf82beaff47acee2975464f4ad60d
40611.CR2,https://zenodo.org/record/4291095/files/CAM041912_d.CR2,f041a5547da528119cfe1919954ef0d7
40612.JPG,https://zenodo.org/record/4291095/files/CAM041912_d.JPG,fdce49ecfb81ebb281dd133438cf8bac
42562.CR2,https://zenodo.org/record/5526257/files/CAM045001_d.CR2,ec8929fac34e8e5cd804893de5b3e97e
42563.JPG,https://zenodo.org/record/5526257/files/CAM045001_d.JPG,97007424ee2db253efb11609b19c582e
42566.CR2,https://zenodo.org/record/5526257/files/CAM045002_d.CR2,1242c35be9567ac97f9bb95537649504
42567.JPG,https://zenodo.org/record/5526257/files/CAM045002_d.JPG,ac794fbb0209c2c4e1bfd47c812bfa10
42570.CR2,https://zenodo.org/record/5526257/files/CAM045003_d.CR2,7c467873b72c4a5b6412527e6d674323
42571.JPG,https://zenodo.org/record/5526257/files/CAM045003_d.JPG,5f43a4abfd94d0afb88a3c2813e94e8b
42574.CR2,https://zenodo.org/record/5526257/files/CAM045004_d.CR2,d15cf034b143193c16b8162a6db3ba25
42575.JPG,https://zenodo.org/record/5526257/files/CAM045004_d.JPG,b26f33890b74046e106b53cc96d5539c
42578.CR2,https://zenodo.org/record/5526257/files/CAM045005_d.CR2,6af9749cd07850e854a40db521be8092
42579.JPG,https://zenodo.org/record/5526257/files/CAM045005_d.JPG,aee1b92270e0b316dbf4d64067340bb2
42582.CR2,https://zenodo.org/record/5526257/files/CAM045006_d.CR2,b146797ff261debef1f8ae93ce528817
42584.JPG,https://zenodo.org/record/5526257/files/CAM045006_d.JPG,7f09b3de42a6771d0ac63bee6995bc49
42590.CR2,https://zenodo.org/record/5526257/files/CAM045007_d.CR2,653acb0b728ec890f955b33c2138f179
42591.JPG,https://zenodo.org/record/5526257/files/CAM045007_d.JPG,19de91077aff14199e6956d254151f0e
42594.CR2,https://zenodo.org/record/5526257/files/CAM045008_d.CR2,5c8bd3be5c83e260d7e76d612c7c81ce
42595.JPG,https://zenodo.org/record/5526257/files/CAM045008_d.JPG,b6150b936967802710328d2585d3e13f
42596.CR2,https://zenodo.org/record/5526257/files/CAM045009_d.CR2,3aa4f36fe82bf582cdb09e22cf998ea0
42598.JPG,https://zenodo.org/record/5526257/files/CAM045009_d.JPG,bd26f12f1fb204c623ff9fd615d6a0fd
42604.CR2,https://zenodo.org/record/5526257/files/CAM045010_d.CR2,d5b758cc0d19e6fcd40e49f87bf2d8ca
42605.JPG,https://zenodo.org/record/5526257/files/CAM045010_d.JPG,ef41a86b22ae4cd4de9138b8cec33467
42608.CR2,https://zenodo.org/record/5526257/files/CAM045011_d.CR2,334eaebb524b000f823d20c46eb4d44d
42609.JPG,https://zenodo.org/record/5526257/files/CAM045011_d.JPG,f28b2342e0e4b564005fbf6ed267f724
42612.CR2,https://zenodo.org/record/5526257/files/CAM045012_d.CR2,4668bd0ecbeca5faaed121afc1eb2268
42613.JPG,https://zenodo.org/record/5526257/files/CAM045012_d.JPG,16378444a885ece803d6605241663597
42616.CR2,https://zenodo.org/record/5526257/files/CAM045013_d.CR2,50c94d7898a8d0c0d51e33fc3ca4fdd9
42617.JPG,https://zenodo.org/record/5526257/files/CAM045013_d.JPG,281e62c2a777df6f70c8a9395c39b026
42620.CR2,https://zenodo.org/record/5526257/files/CAM045014_d.CR2,a1c3f8b048607c8b602281192ee31ab0
42621.JPG,https://zenodo.org/record/5526257/files/CAM045014_d.JPG,0909d24bf447f1a4632ba1d0b76775a0
42624.CR2,https://zenodo.org/record/5526257/files/CAM045015_d.CR2,7ffd95c6a74fb021f044521aec8a4c6c
42625.JPG,https://zenodo.org/record/5526257/files/CAM045015_d.JPG,9b62f4de26ca5b08dfa17e592157cc79
42628.CR2,https://zenodo.org/record/5526257/files/CAM045016_d.CR2,943f355114205b2695c32b36282efca5
42629.JPG,https://zenodo.org/record/5526257/files/CAM045016_d.JPG,a13e5b9e7fc53d33fac12e0ca4ebec7c
42632.CR2,https://zenodo.org/record/5526257/files/CAM045017_d.CR2,2d01ae99d3c76f363edf81e9951e411a
42633.JPG,https://zenodo.org/record/5526257/files/CAM045017_d.JPG,1464c8c9ac420dbbcb165cc2188631e2
42636.CR2,https://zenodo.org/record/5526257/files/CAM045018_d.CR2,abdacd3b3767a0596c5b9557ed07e64d
42637.JPG,https://zenodo.org/record/5526257/files/CAM045018_d.JPG,48bd63c4ede27d058f1a942c3afea72d
42640.CR2,https://zenodo.org/record/5526257/files/CAM045019_d.CR2,670938b3ef526ee53d2e1fbfdded0fb7
42641.JPG,https://zenodo.org/record/5526257/files/CAM045019_d.JPG,39da797b6db4cb638f987396d6ab3e87
42644.CR2,https://zenodo.org/record/5526257/files/CAM045020_d.CR2,fe116d4e7a573e7a836940d5d788fc63
42645.JPG,https://zenodo.org/record/5526257/files/CAM045020_d.JPG,50c75081778d1753373585c0d8ee4723
42648.CR2,https://zenodo.org/record/5526257/files/CAM045021_d.CR2,27a33468d0be59cca40df55aa0484a15
42649.JPG,https://zenodo.org/record/5526257/files/CAM045021_d.JPG,a63da884ae9b08d5b8083803571ccd79
42652.CR2,https://zenodo.org/record/5526257/files/CAM045022_d.CR2,db96b676e6ff535159bfee6db8612ab9
42653.JPG,https://zenodo.org/record/5526257/files/CAM045022_d.JPG,3677c7d4e47f4db1bdcd461fac1dd188
42656.CR2,https://zenodo.org/record/5526257/files/CAM045023_d.CR2,cdca2d53ac1fd14d4e42eff3b195ff4d
42657.JPG,https://zenodo.org/record/5526257/files/CAM045023_d.JPG,5c2e4f5a4871d36f9324fc37da4a2824
42660.CR2,https://zenodo.org/record/5526257/files/CAM045024_d.CR2,8761ddd69a5e9545d9892dd3119bdf42
42661.JPG,https://zenodo.org/record/5526257/files/CAM045024_d.JPG,2b20ae3448ada7efaf2901984ad7a57e
42664.CR2,https://zenodo.org/record/5526257/files/CAM045025_d.CR2,07d4f61eaca53c928859f58bf0a58100
42665.JPG,https://zenodo.org/record/5526257/files/CAM045025_d.JPG,18ee2d466cf469b9a3b10fa9a2445aa2
42668.CR2,https://zenodo.org/record/5526257/files/CAM045026_d.CR2,bc748e9fbcbd0b7b647670186412ce12
42669.JPG,https://zenodo.org/record/5526257/files/CAM045026_d.JPG,d2352efaf6863171e4efde05c691dd89
42672.CR2,https://zenodo.org/record/5526257/files/CAM045027_d.CR2,d94487a102f9927bfe4cb718b6c5ac0b
42673.JPG,https://zenodo.org/record/5526257/files/CAM045027_d.JPG,9bf8ca16b508e26bb48b2d9f66e3626b
42676.CR2,https://zenodo.org/record/5526257/files/CAM045028_d.CR2,eddaae2269b90f9f2d51265f91d2aa0a
42677.JPG,https://zenodo.org/record/5526257/files/CAM045028_d.JPG,d65bbac164e28339430dafa5412ce271
42680.CR2,https://zenodo.org/record/5526257/files/CAM045029_d.CR2,92eb004fa2aeb96889069b2efba856a2
42681.JPG,https://zenodo.org/record/5526257/files/CAM045029_d.JPG,e2a5c5b772b0a2ba577c063b76aa9ca6
42684.CR2,https://zenodo.org/record/5526257/files/CAM045030_d.CR2,7c0232c27a28be0e857b9ff026df6965
42685.JPG,https://zenodo.org/record/5526257/files/CAM045030_d.JPG,e77402804634b6ab202a3384c1fcf5e5
42688.CR2,https://zenodo.org/record/5526257/files/CAM045031_d.CR2,4dd98c4a6c858b1ba93d83c0da4c6006
42689.JPG,https://zenodo.org/record/5526257/files/CAM045031_d.JPG,4e61008db17567649466fb3c022e3228
42692.CR2,https://zenodo.org/record/5526257/files/CAM045032_d.CR2,578a8b05777e15219bdf756ebd4191c9
42693.JPG,https://zenodo.org/record/5526257/files/CAM045032_d.JPG,9d2ef27e09d83b4c4ca249e8b80b66c1
42696.CR2,https://zenodo.org/record/5526257/files/CAM045033_d.CR2,d71227b058bdc512349cda819716b516
42697.JPG,https://zenodo.org/record/5526257/files/CAM045033_d.JPG,41510e840aa5663e6599fef41012a491
42700.CR2,https://zenodo.org/record/5526257/files/CAM045034_d.CR2,a147db5862c571a9cc8e951a4d12c4ee
42701.JPG,https://zenodo.org/record/5526257/files/CAM045034_d.JPG,843773c5282e17a315c84c5c105edb8d
42704.CR2,https://zenodo.org/record/5526257/files/CAM045035_d.CR2,014d438647c4f205e7affe4f96f87d64
42705.JPG,https://zenodo.org/record/5526257/files/CAM045035_d.JPG,2249107800c598e1c9507786489da6e9
42708.CR2,https://zenodo.org/record/5526257/files/CAM045036_d.CR2,8c0c99996515e34c6b6ad9c7e65b11f2
42709.JPG,https://zenodo.org/record/5526257/files/CAM045036_d.JPG,78c080200933a6764f4244d59d058192
42712.CR2,https://zenodo.org/record/5526257/files/CAM045037_d.CR2,cda9241e5cf50c06487a24f56b4aa8e3
42713.JPG,https://zenodo.org/record/5526257/files/CAM045037_d.JPG,61e64fd1649feec0fabdb87356926196
42716.CR2,https://zenodo.org/record/5526257/files/CAM045038_d.CR2,73dd259057dc86c54ddbac73342c3ad9
42717.JPG,https://zenodo.org/record/5526257/files/CAM045038_d.JPG,62e2c6e5f360f79d33c82b4a2d814bc2
42720.CR2,https://zenodo.org/record/5526257/files/CAM045039_d.CR2,2909216d84e0a1e5ebe7f3e40b2925d8
42721.JPG,https://zenodo.org/record/5526257/files/CAM045039_d.JPG,cd6281b3d96a0a5f340326a0960ae272
42724.CR2,https://zenodo.org/record/5526257/files/CAM045040_d.CR2,eadecdd916260b760c14b8d8c1a06317
42725.JPG,https://zenodo.org/record/5526257/files/CAM045040_d.JPG,5b081f4f81c0d970800f4a33ffef7ccf
42728.CR2,https://zenodo.org/record/5526257/files/CAM045041_d.CR2,94f14693a6971c7ee37b61bbd0b9b94e
42729.JPG,https://zenodo.org/record/5526257/files/CAM045041_d.JPG,abe297981eed18430dba4b3a5d22e272
42732.CR2,https://zenodo.org/record/5526257/files/CAM045042_d.CR2,c61e3331aa47c7cc7896e3231ff21b0f
42733.JPG,https://zenodo.org/record/5526257/files/CAM045042_d.JPG,19bbc9c44832b007cadbbc357174ef4b
42736.CR2,https://zenodo.org/record/5526257/files/CAM045043_d.CR2,6cd5138ba9cffbf3b448c394abe820a8
42737.JPG,https://zenodo.org/record/5526257/files/CAM045043_d.JPG,598a81aaa0fa38a04d2812fb21b3f347
42740.CR2,https://zenodo.org/record/5526257/files/CAM045044_d.CR2,5a112b942d9b1bf1c324353a17778add
42741.JPG,https://zenodo.org/record/5526257/files/CAM045044_d.JPG,16978e60a52615c60bb75946fc36c5ac
42744.CR2,https://zenodo.org/record/5526257/files/CAM045045_d.CR2,0f42a6f78c4d7d21738f9d566a72909a
42745.JPG,https://zenodo.org/record/5526257/files/CAM045045_d.JPG,740451d4c8a6104a7f997d6766266520
42748.CR2,https://zenodo.org/record/5526257/files/CAM045046_d.CR2,0526bc42bb87c3f88c69e920bf7d7274
42749.JPG,https://zenodo.org/record/5526257/files/CAM045046_d.JPG,b287395ec4ed16247094d50752f0275f
42752.CR2,https://zenodo.org/record/5526257/files/CAM045047_d.CR2,e0dc38bc95945ddc9f16e5a5fbdd5e9e
42753.JPG,https://zenodo.org/record/5526257/files/CAM045047_d.JPG,9740cdaf1e8b93772c7bb32842a2b62d
42756.CR2,https://zenodo.org/record/5526257/files/CAM045048_d.CR2,5c88d29ac9db8d4ebdb9a029d064e1c4
42757.JPG,https://zenodo.org/record/5526257/files/CAM045048_d.JPG,3c0d64cbd9db18f62f2001e153a75444
42760.CR2,https://zenodo.org/record/5526257/files/CAM045049_d.CR2,9619da11f9ee7ed8cc12e60010c0a86e
42761.JPG,https://zenodo.org/record/5526257/files/CAM045049_d.JPG,210037218047718779bfae12d14c27f4
42764.CR2,https://zenodo.org/record/5526257/files/CAM045050_d.CR2,99edb4bf57c5d93e6154ba7dddc6042d
42765.JPG,https://zenodo.org/record/5526257/files/CAM045050_d.JPG,e444ae1f389873c4f9f351341229221a
42768.CR2,https://zenodo.org/record/5526257/files/CAM045051_d.CR2,94a1be647fa366ab096f33fdf0228015
42769.JPG,https://zenodo.org/record/5526257/files/CAM045051_d.JPG,6ffbffc809ee0c90ac523358ab7b21c0
42772.CR2,https://zenodo.org/record/5526257/files/CAM045052_d.CR2,4f856aff08e77da5be3175d5f909fc07
42773.JPG,https://zenodo.org/record/5526257/files/CAM045052_d.JPG,6be71618b2530c5f206aa45e0bee5122
42776.CR2,https://zenodo.org/record/5526257/files/CAM045053_d.CR2,351879fffdd85a08caeeac8c0165f252
42777.JPG,https://zenodo.org/record/5526257/files/CAM045053_d.JPG,c90b0a75ac19fe063cc1a83f3eb3bb3a
42780.CR2,https://zenodo.org/record/5526257/files/CAM045054_d.CR2,f6ed2c811897243353ae7531212d9b12
42781.JPG,https://zenodo.org/record/5526257/files/CAM045054_d.JPG,6d93621289b131a07534843efa614b2a
42784.CR2,https://zenodo.org/record/5526257/files/CAM045055_d.CR2,ea161ab7c255b900c44d325ffa7bdb45
42785.JPG,https://zenodo.org/record/5526257/files/CAM045055_d.JPG,cc1b43364feb35a638c1d2b22c69d45b
42788.CR2,https://zenodo.org/record/5526257/files/CAM045056_d.CR2,0ee029267ec820a931bba9324f67ecc0
42789.JPG,https://zenodo.org/record/5526257/files/CAM045056_d.JPG,fcee6fbeba3403b087e13ee2456bbda8
42792.CR2,https://zenodo.org/record/5526257/files/CAM045057_d.CR2,e15de106b49900a42fe4ed2bc774aeeb
42793.JPG,https://zenodo.org/record/5526257/files/CAM045057_d.JPG,9b1a260f98325d4ca308f222eec2ef1e
42796.CR2,https://zenodo.org/record/5526257/files/CAM045058_d.CR2,f273868727f7d2bd183e3b1d57ceede6
42797.JPG,https://zenodo.org/record/5526257/files/CAM045058_d.JPG,b50c40d1285974bbd2f725991a34f6c7
42800.CR2,https://zenodo.org/record/5526257/files/CAM045059_d.CR2,74adc3468969d707f71d18cdee47b3b3
42801.JPG,https://zenodo.org/record/5526257/files/CAM045059_d.JPG,abbb9c0d88a5e5f872b6533f83e70891
42804.CR2,https://zenodo.org/record/5526257/files/CAM045060_d.CR2,c771c7830d99a3ba2caf22a0dc4d6f71
42805.JPG,https://zenodo.org/record/5526257/files/CAM045060_d.JPG,a19e9932221143e90c4ccd3a28153103
42808.CR2,https://zenodo.org/record/5526257/files/CAM045061_d.CR2,6f2e3688afa6514b92a3f4dbd0b1604a
42809.JPG,https://zenodo.org/record/5526257/files/CAM045061_d.JPG,b8539e9c97c6dbc15f4cb17af0e92d6e
42812.CR2,https://zenodo.org/record/5526257/files/CAM045062_d.CR2,845b0e28da357e74ab1525a5f93aec68
42813.JPG,https://zenodo.org/record/5526257/files/CAM045062_d.JPG,52fe982f7d7ed93be85b1fca07e9d72f
42816.CR2,https://zenodo.org/record/5526257/files/CAM045063_d.CR2,4ab2b21482369be457d112ea2bf3a6c7
42817.JPG,https://zenodo.org/record/5526257/files/CAM045063_d.JPG,30f115a3afca7b81685a880a7d878b28
42820.CR2,https://zenodo.org/record/5526257/files/CAM045064_d.CR2,28c02e44a2b3c19812e8d10f6c2b7abe
42821.JPG,https://zenodo.org/record/5526257/files/CAM045064_d.JPG,c5ee6c3fdd5d17e2789e5deba27ccb10
42824.CR2,https://zenodo.org/record/5526257/files/CAM045065_d.CR2,d983b00b315d82e3ecd7d68628a7c136
42825.JPG,https://zenodo.org/record/5526257/files/CAM045065_d.JPG,7d885e5dcafffd13f4cc5036d5a13b34
42828.CR2,https://zenodo.org/record/5526257/files/CAM045066_d.CR2,4e8aaf87d0782071e2b3a55103c0fb40
42829.JPG,https://zenodo.org/record/5526257/files/CAM045066_d.JPG,095fde8a95371d0359598cf89dba0d74
42832.CR2,https://zenodo.org/record/5526257/files/CAM045067_d.CR2,b0973048fb0a84e6fae099c0fb297a97
42833.JPG,https://zenodo.org/record/5526257/files/CAM045067_d.JPG,303c47e5083ca1b87699e8aa9828ea58
42836.CR2,https://zenodo.org/record/5526257/files/CAM045068_d.CR2,2259bf287038877bd013f328d6228537
42837.JPG,https://zenodo.org/record/5526257/files/CAM045068_d.JPG,e59ee0f6a60c2d92ef7107374afb4b04
42840.CR2,https://zenodo.org/record/5526257/files/CAM045069_d.CR2,d632e7e9d69ecb02890f760e77058b30
42841.JPG,https://zenodo.org/record/5526257/files/CAM045069_d.JPG,ab5ef7736e5705272330e923140aef32
42844.CR2,https://zenodo.org/record/5526257/files/CAM045070_d.CR2,3b9d41ca28cfb04625a8d5a531cac71f
42845.JPG,https://zenodo.org/record/5526257/files/CAM045070_d.JPG,60bee02fc691465dd58ed94f1ae4fd39
42848.CR2,https://zenodo.org/record/5526257/files/CAM045071_d.CR2,3dbb1cd0f58db4a61944ae06f559c994
42849.JPG,https://zenodo.org/record/5526257/files/CAM045071_d.JPG,6d188f4fe63b140f69e998e647abca82
42852.CR2,https://zenodo.org/record/5526257/files/CAM045072_d.CR2,20456de4a629a93ef39a78fabacaf937
42853.JPG,https://zenodo.org/record/5526257/files/CAM045072_d.JPG,45222286fd952a10f02672af4365a9a9
42856.CR2,https://zenodo.org/record/5526257/files/CAM045073_d.CR2,fcc1427f79f662aa02c3a287ec54cd67
42857.JPG,https://zenodo.org/record/5526257/files/CAM045073_d.JPG,13531521869a35bd3a48a73ccc5b1271
42860.CR2,https://zenodo.org/record/5526257/files/CAM045074_d.CR2,5181e2dda8719ce0569c292ebce1f928
42861.JPG,https://zenodo.org/record/5526257/files/CAM045074_d.JPG,9c6ca2006612c54019ead9c18f8393b8
42864.CR2,https://zenodo.org/record/5526257/files/CAM045075_d.CR2,0d07a7e93f0db8e8c285e466193a480d
42865.JPG,https://zenodo.org/record/5526257/files/CAM045075_d.JPG,c9debdc81fc571effa6439c50f82a1eb
42868.CR2,https://zenodo.org/record/5526257/files/CAM045076_d.CR2,c2cf452d5a7e60427c8ad596801c90e2
42869.JPG,https://zenodo.org/record/5526257/files/CAM045076_d.JPG,d0fa95128401bcdbe0680c95125f4cf2
42872.CR2,https://zenodo.org/record/5526257/files/CAM045077_d.CR2,8955e6f399182c8aa34f02994335a0b8
42873.JPG,https://zenodo.org/record/5526257/files/CAM045077_d.JPG,82d0c5a1deb26d8164901ee9ccb797c9
42876.CR2,https://zenodo.org/record/5526257/files/CAM045078_d.CR2,f8200d34444da276c595d24f7b9adf6e
42877.JPG,https://zenodo.org/record/5526257/files/CAM045078_d.JPG,a45cd9fc884371f5f3770340b8fa7bd1
42880.CR2,https://zenodo.org/record/5526257/files/CAM045079_d.CR2,f7413e201fe82763a771392cbf4f6a05
42881.JPG,https://zenodo.org/record/5526257/files/CAM045079_d.JPG,e95ca58d45122bd1538a584f60ced146
42884.CR2,https://zenodo.org/record/5526257/files/CAM045080_d.CR2,2128a8e7b8fcb9268bbb317ae6b14a49
42885.JPG,https://zenodo.org/record/5526257/files/CAM045080_d.JPG,3a2699b214362854aaa086f1de1d01cb
42888.CR2,https://zenodo.org/record/5526257/files/CAM045081_d.CR2,ca1584f21abc0d0aada3f89843757dc6
42889.JPG,https://zenodo.org/record/5526257/files/CAM045081_d.JPG,6355336b866dd98205972c8a98d30009
42892.CR2,https://zenodo.org/record/5526257/files/CAM045082_d.CR2,abfbcca85c11bf3ee442d4960914696c
42893.JPG,https://zenodo.org/record/5526257/files/CAM045082_d.JPG,ec6d76b4b82b2f38855ebed900f94e39
42896.CR2,https://zenodo.org/record/5526257/files/CAM045083_d.CR2,3fde60200f45d5c3d8423758b67fe5f1
42897.JPG,https://zenodo.org/record/5526257/files/CAM045083_d.JPG,2b6260c04c8611d4ebc1f8684c6929b5
42900.CR2,https://zenodo.org/record/5526257/files/CAM045084_d.CR2,e6aa281f269a14269c9b5bca0742ae7d
42901.JPG,https://zenodo.org/record/5526257/files/CAM045084_d.JPG,b999275c0082bbaf667a0ce53d6c6a15
42904.CR2,https://zenodo.org/record/5526257/files/CAM045085_d.CR2,fa9f075af9d44048a487a013855ac27f
42905.JPG,https://zenodo.org/record/5526257/files/CAM045085_d.JPG,0e60d0a15aeeadb8417bf844011e8e76
42908.CR2,https://zenodo.org/record/5526257/files/CAM045086_d.CR2,5864ee2a9854c63b4d26af2c2b372e11
42909.JPG,https://zenodo.org/record/5526257/files/CAM045086_d.JPG,01e0e3c4ffafd440e7d12eb92399afac
42912.CR2,https://zenodo.org/record/5526257/files/CAM045087_d.CR2,c48275922c3f2a90f83ed6986317c579
42913.JPG,https://zenodo.org/record/5526257/files/CAM045087_d.JPG,a6e40097457542cac01981942b2814f5
42916.CR2,https://zenodo.org/record/5526257/files/CAM045088_d.CR2,71df6fc2fe40c088d8158d183fa27243
42917.JPG,https://zenodo.org/record/5526257/files/CAM045088_d.JPG,5d58811c1137455dbff393194992c356
42920.CR2,https://zenodo.org/record/5526257/files/CAM045089_d.CR2,a9a226b4e558e68178f2b0009dcc850f
42921.JPG,https://zenodo.org/record/5526257/files/CAM045089_d.JPG,63b7d92483c4fc9ecff8973a10fb4b82
42924.CR2,https://zenodo.org/record/5526257/files/CAM045090_d.CR2,a23329d0c7abe2a060e3f0dde415ab55
42925.JPG,https://zenodo.org/record/5526257/files/CAM045090_d.JPG,233e1b79975a792194d8ff62e0695a91
42928.CR2,https://zenodo.org/record/5526257/files/CAM045091_d.CR2,da674fd57953043242b62c5819d5ba65
42929.JPG,https://zenodo.org/record/5526257/files/CAM045091_d.JPG,8f42bdb6b82b1aad15b7098953072103
42932.CR2,https://zenodo.org/record/5526257/files/CAM045092_d.CR2,c282f9e1309ea4df48993689d32e2a8d
42933.JPG,https://zenodo.org/record/5526257/files/CAM045092_d.JPG,baed43e1120b6842c856e148b5f9aac7
42936.CR2,https://zenodo.org/record/5526257/files/CAM045093_d.CR2,21979628520b6101cc30fa41f8155681
42937.JPG,https://zenodo.org/record/5526257/files/CAM045093_d.JPG,84e4486fc4e8dc60a5d97a155be6024f
42940.CR2,https://zenodo.org/record/5526257/files/CAM045094_d.CR2,771495a5bdd8c3f8ba505ea10c66349f
42941.JPG,https://zenodo.org/record/5526257/files/CAM045094_d.JPG,17660d3b0d585a4cc7f9e3d9f4f294bd
42944.CR2,https://zenodo.org/record/5526257/files/CAM045095_d.CR2,39d33dfdccf0134cf69f2c057a1874ce
42945.JPG,https://zenodo.org/record/5526257/files/CAM045095_d.JPG,4029725232da6f2de70d320be8ab05fb
42948.CR2,https://zenodo.org/record/5526257/files/CAM045096_d.CR2,7d934a68d1b4005d974a5c936873c91f
42949.JPG,https://zenodo.org/record/5526257/files/CAM045096_d.JPG,50571fb8938ca113719ca3782691c1ba
42952.CR2,https://zenodo.org/record/5526257/files/CAM045097_d.CR2,3fb43a1d969cab2aafffc4b83ff545c3
42953.JPG,https://zenodo.org/record/5526257/files/CAM045097_d.JPG,1d70d7086578ec12d178cb1f3596b536
42956.CR2,https://zenodo.org/record/5526257/files/CAM045098_d.CR2,e983d90f36e48c76db6d23ca1aafa8d7
42957.JPG,https://zenodo.org/record/5526257/files/CAM045098_d.JPG,2a8f3e6e1996e748872cfb7529d3006e
42960.CR2,https://zenodo.org/record/5526257/files/CAM045099_d.CR2,c3b0236481c1753a0af4461d992d253c
42961.JPG,https://zenodo.org/record/5526257/files/CAM045099_d.JPG,05c26269ef124c18fcc25eeb4393f1df
42964.CR2,https://zenodo.org/record/5526257/files/CAM045100_d.CR2,c7a613211ffa189bf7d2b1fabc907370
42965.JPG,https://zenodo.org/record/5526257/files/CAM045100_d.JPG,b4effc115dd89a384f395fbc6bb304ac
42968.CR2,https://zenodo.org/record/5526257/files/CAM045101_d.CR2,ed1d05d2d67b6d614c3196df76e9723f
42969.JPG,https://zenodo.org/record/5526257/files/CAM045101_d.JPG,ed89ac709028bcd620088a2b1a3b2c8b
42972.CR2,https://zenodo.org/record/5526257/files/CAM045102_d.CR2,ad99f02ac4ac4600c8de4c1a02218950
42973.JPG,https://zenodo.org/record/5526257/files/CAM045102_d.JPG,dc848c0c42919bc54231682c1fe8aaf7
42976.CR2,https://zenodo.org/record/5526257/files/CAM045103_d.CR2,a85a7a922834ab3e37dadc06b89ee42e
42977.JPG,https://zenodo.org/record/5526257/files/CAM045103_d.JPG,a4cfc77bb44ce521423d496f92d5c2e4
42980.CR2,https://zenodo.org/record/5526257/files/CAM045104_d.CR2,51f31899f442f267a16c4037bc19a72b
42981.JPG,https://zenodo.org/record/5526257/files/CAM045104_d.JPG,8d1cb1b98a6ba36b6cc4c6a840ebd9eb
42984.CR2,https://zenodo.org/record/5526257/files/CAM045105_d.CR2,c128c6db03b7fe10fb9e41af08d1d4a9
42985.JPG,https://zenodo.org/record/5526257/files/CAM045105_d.JPG,9b57fa4ba4553e5f90f3fd3bec9752af
42988.CR2,https://zenodo.org/record/5526257/files/CAM045106_d.CR2,906dc23887936ee824a3e1450bb183a0
42989.JPG,https://zenodo.org/record/5526257/files/CAM045106_d.JPG,74d0f71cdb4f389e3490c106d18e7208
42992.CR2,https://zenodo.org/record/5526257/files/CAM045107_d.CR2,63e945311ab0fdc8c746471550cb3723
42993.JPG,https://zenodo.org/record/5526257/files/CAM045107_d.JPG,c702596a957988ddbfba6c19cc6e527a
42996.CR2,https://zenodo.org/record/5526257/files/CAM045108_d.CR2,42b13a003c5645d6219be5dcad4c357f
42997.JPG,https://zenodo.org/record/5526257/files/CAM045108_d.JPG,fe91c88290ac77c59825e7b01ead33dd
43000.CR2,https://zenodo.org/record/5526257/files/CAM045109_d.CR2,89cee8a0c933ca1292ad673f1000bfbb
43001.JPG,https://zenodo.org/record/5526257/files/CAM045109_d.JPG,76ff49ec79e63252fb92b2c946d74db7
43004.CR2,https://zenodo.org/record/5526257/files/CAM045110_d.CR2,8ce956955ff14802cd2ae67d121c24a8
43005.JPG,https://zenodo.org/record/5526257/files/CAM045110_d.JPG,7b2ab6373151dfbb85672575d18ba42a
43008.CR2,https://zenodo.org/record/5526257/files/CAM045111_d.CR2,a5bde8577ff18bdb5681c9ed2a0efda7
43009.JPG,https://zenodo.org/record/5526257/files/CAM045111_d.JPG,56a6076ee76b33d1bff4bc38cc44e5b6
43012.CR2,https://zenodo.org/record/5526257/files/CAM045112_d.CR2,60e55e072094a38b4c93f4c5e968ea53
43013.JPG,https://zenodo.org/record/5526257/files/CAM045112_d.JPG,1365b32e6a19d2fd10ee1b5be5b2058c
43016.CR2,https://zenodo.org/record/5526257/files/CAM045113_d.CR2,cded4529e857cdb3b6dc2daaf4c5afbf
43017.JPG,https://zenodo.org/record/5526257/files/CAM045113_d.JPG,5ee8e3aaf9f94d0e9018b4f0f50c62d1
43020.CR2,https://zenodo.org/record/5526257/files/CAM045114_d.CR2,11b694191c02e752dcf6b86a9ae25bac
43021.JPG,https://zenodo.org/record/5526257/files/CAM045114_d.JPG,7ffe1d4d72e8732ff916c710ccd7752a
43026.CR2,https://zenodo.org/record/5526257/files/CAM045115_d.CR2,a6a1843cf3918eca3992ea2f6038f247
43027.JPG,https://zenodo.org/record/5526257/files/CAM045115_d.JPG,24cc2354c47cf260235de106547a0d8f
43030.CR2,https://zenodo.org/record/5526257/files/CAM045116_d.CR2,80d0941b0e11cbf9d226eda7c6cbbb54
43031.JPG,https://zenodo.org/record/5526257/files/CAM045116_d.JPG,85e2695a47f57fd4e4d957a405d942fe
43034.CR2,https://zenodo.org/record/5526257/files/CAM045117_d.CR2,4a164f8379a5d2b9fa3d3a54747fc8b9
43035.JPG,https://zenodo.org/record/5526257/files/CAM045117_d.JPG,ff2844e3ae51e35b5d8b3834ca565386
43038.CR2,https://zenodo.org/record/5526257/files/CAM045118_d.CR2,95d6f411695938edcdfa49c98b9463ee
43039.JPG,https://zenodo.org/record/5526257/files/CAM045118_d.JPG,f90a118aeee6337c8151ceb22056d8ce
43042.CR2,https://zenodo.org/record/5526257/files/CAM045119_d.CR2,6b878cdf22ad429e5c5042027dfa4809
43043.JPG,https://zenodo.org/record/5526257/files/CAM045119_d.JPG,9c7a73f4b2e94d13d89e2810b0300a32
43046.CR2,https://zenodo.org/record/5526257/files/CAM045120_d.CR2,5e4f35e2ea134707b8cd2d6d54ab721e
43047.JPG,https://zenodo.org/record/5526257/files/CAM045120_d.JPG,cb5a28bcd76f77afffd432fccb28c513
43050.CR2,https://zenodo.org/record/5526257/files/CAM045121_d.CR2,c9381f7b7f66fbe8d6df94f5c5b8dc2a
43051.JPG,https://zenodo.org/record/5526257/files/CAM045121_d.JPG,207dfcee64240582aba51ec1a611d74b
43054.CR2,https://zenodo.org/record/5526257/files/CAM045122_d.CR2,a9347ea4dd2c9856659bd52dc99436bf
43055.JPG,https://zenodo.org/record/5526257/files/CAM045122_d.JPG,bbfc8813651356f03f63a6df5dad7281
43058.CR2,https://zenodo.org/record/5526257/files/CAM045123_d.CR2,593e782247b0ff74d0b0ffe6df54c841
43059.JPG,https://zenodo.org/record/5526257/files/CAM045123_d.JPG,ddee439ebc09e8cf2b9371ee0dd13405
43062.CR2,https://zenodo.org/record/5526257/files/CAM045124_d.CR2,6aeccb2c82ff162ff753b8bc9fa2d8fc
43063.JPG,https://zenodo.org/record/5526257/files/CAM045124_d.JPG,72425f6442b7f3e09152f7ef1e1ac941
43066.CR2,https://zenodo.org/record/5526257/files/CAM045125_d.CR2,daa56ad0e6ae226f444f522af04af389
43067.JPG,https://zenodo.org/record/5526257/files/CAM045125_d.JPG,71449bfc3a0afaa8b0324c93945852dd
43070.CR2,https://zenodo.org/record/5526257/files/CAM045126_d.CR2,2797ba4abcaa0c3a64cc7cd886d4fe71
43071.JPG,https://zenodo.org/record/5526257/files/CAM045126_d.JPG,423e025d12e64c7218b568df59a96cd8
43074.CR2,https://zenodo.org/record/5526257/files/CAM045127_d.CR2,2cc9ce1400537e7e4af924d6aeb3c188
43075.JPG,https://zenodo.org/record/5526257/files/CAM045127_d.JPG,8da62ea650b335e59a38022060685a98
43078.CR2,https://zenodo.org/record/5526257/files/CAM045128_d.CR2,8c7bbfb317bfed63018e604e3186797f
43079.JPG,https://zenodo.org/record/5526257/files/CAM045128_d.JPG,3a158c1bbb9cd78921fca393e92c6aa2
43082.CR2,https://zenodo.org/record/5526257/files/CAM045129_d.CR2,b047d9934e23146225a468cb4ab63418
43083.JPG,https://zenodo.org/record/5526257/files/CAM045129_d.JPG,0d031e99f49294833f6fd71170c8404c
43086.CR2,https://zenodo.org/record/5526257/files/CAM045130_d.CR2,fa3f64f831960f12aa6dc1f931884522
43087.JPG,https://zenodo.org/record/5526257/files/CAM045130_d.JPG,a36cd391b6b98c790e04e0f862e5ae13
43090.CR2,https://zenodo.org/record/5526257/files/CAM045131_d.CR2,86e172c6456178798e75e80bdf4b3082
43091.JPG,https://zenodo.org/record/5526257/files/CAM045131_d.JPG,890d5674fc5e060b6d8917a3a30b99d8
43094.CR2,https://zenodo.org/record/5526257/files/CAM045132_d.CR2,5584803144939d3cbbb8dc05f0e73beb
43095.JPG,https://zenodo.org/record/5526257/files/CAM045132_d.JPG,b291800fceb45ba99ec8d19d6ad56328
43098.CR2,https://zenodo.org/record/5526257/files/CAM045133_d.CR2,fd3079606e36c74885ddf0bfdfe9b726
43099.JPG,https://zenodo.org/record/5526257/files/CAM045133_d.JPG,b3d456c9086428738e6a0005bb7bc9dd
43102.CR2,https://zenodo.org/record/5526257/files/CAM045134_d.CR2,dc5a7b4e020fcffc4f87883e1c020fea
43103.JPG,https://zenodo.org/record/5526257/files/CAM045134_d.JPG,9e76ba22170fc9ff81ac70ae2c947603
43106.CR2,https://zenodo.org/record/5526257/files/CAM045135_d.CR2,8630b7c09383340d851799346c97b137
43107.JPG,https://zenodo.org/record/5526257/files/CAM045135_d.JPG,9b37fc084e3e0aef4fc28cef52b685e7
43110.CR2,https://zenodo.org/record/5526257/files/CAM045136_d.CR2,c16ba94ff6c331fa4de14b380193eee2
43111.JPG,https://zenodo.org/record/5526257/files/CAM045136_d.JPG,e5d3b1eefb4ed9247335c6f93b6297ee
43114.CR2,https://zenodo.org/record/5526257/files/CAM045137_d.CR2,9ee9c30c3f1b8ba3af4ad624363bb71a
43115.JPG,https://zenodo.org/record/5526257/files/CAM045137_d.JPG,bbcc596eca2c4f920480cf3e68f0f4e5
43118.CR2,https://zenodo.org/record/5526257/files/CAM045138_d.CR2,a6a16f0fd98e3f9002963b0f9bf81a9b
43119.JPG,https://zenodo.org/record/5526257/files/CAM045138_d.JPG,05a4dcfd93587d790e41c4583103066c
43122.CR2,https://zenodo.org/record/5526257/files/CAM045139_d.CR2,bcf9028df6085f1533bbeabc823efe95
43123.JPG,https://zenodo.org/record/5526257/files/CAM045139_d.JPG,345f5bdc51787127bfc475807b01e91b
43126.CR2,https://zenodo.org/record/5526257/files/CAM045140_d.CR2,169460d0236f81d3451e7c9d0ff7c008
43127.JPG,https://zenodo.org/record/5526257/files/CAM045140_d.JPG,4c1f3d1379df22f20c762394705e61b5
43130.CR2,https://zenodo.org/record/5526257/files/CAM045141_d.CR2,813ec6167edac755b820aec40dc26220
43131.JPG,https://zenodo.org/record/5526257/files/CAM045141_d.JPG,019ad90327aaafbdc9998526e3281db3
43134.CR2,https://zenodo.org/record/5526257/files/CAM045142_d.CR2,836e618fb09957973f56e3c2b4abacf2
43135.JPG,https://zenodo.org/record/5526257/files/CAM045142_d.JPG,27ffe557af5c744bacf6f6d823f1b083
43138.CR2,https://zenodo.org/record/5526257/files/CAM045143_d.CR2,317b8a36ea6883adcdd2f9b30fce9a33
43139.JPG,https://zenodo.org/record/5526257/files/CAM045143_d.JPG,fafcfc712e85996f5bf94c61d5af99dc
43142.CR2,https://zenodo.org/record/5526257/files/CAM045144_d.CR2,dde33fd6a5dcabf428e2e73ed0ab8607
43143.JPG,https://zenodo.org/record/5526257/files/CAM045144_d.JPG,547b0e8d1327b7e11f9806fa401942c0
43146.CR2,https://zenodo.org/record/5526257/files/CAM045145_d.CR2,db81f85c08b2e9de1b4351ce14f93166
43147.JPG,https://zenodo.org/record/5526257/files/CAM045145_d.JPG,760a88cf4449d1137feb0f65908b4962
43150.CR2,https://zenodo.org/record/5526257/files/CAM045146_d.CR2,5c39d30e2ce25e6875cd7dd38abe9fba
43151.JPG,https://zenodo.org/record/5526257/files/CAM045146_d.JPG,c0470acd41eec62f01c8028d54cc865f
43154.CR2,https://zenodo.org/record/5526257/files/CAM045147_d.CR2,8577dcbd84fe55b15a037a12fdb79d9a
43155.JPG,https://zenodo.org/record/5526257/files/CAM045147_d.JPG,621141a8cdac3b9e92be1a6fb18470cd
43158.CR2,https://zenodo.org/record/5526257/files/CAM045148_d.CR2,a841e7ee62b514b5f0ba1afbf6e31385
43159.JPG,https://zenodo.org/record/5526257/files/CAM045148_d.JPG,464f523c42b09a7fea5f51a0db9782a3
43162.CR2,https://zenodo.org/record/5526257/files/CAM045149_d.CR2,215a974665ba554d99fd1b6f544b018c
43163.JPG,https://zenodo.org/record/5526257/files/CAM045149_d.JPG,410cb4dbc201426b4d460149616b34f1
43166.CR2,https://zenodo.org/record/5526257/files/CAM045150_d.CR2,224950075e9d54727561b1deb1fcc1e8
43167.JPG,https://zenodo.org/record/5526257/files/CAM045150_d.JPG,c3a0eeae023f42a5d70a2754dce9d13b
43170.CR2,https://zenodo.org/record/5526257/files/CAM045151_d.CR2,2969f570abf6252a20a082b0081739f9
43171.JPG,https://zenodo.org/record/5526257/files/CAM045151_d.JPG,545a8fc581eac1af4c3b8940e0bc8775
43174.CR2,https://zenodo.org/record/5526257/files/CAM045152_d.CR2,39ce125d36b39f0139b44d6ba561f085
43175.JPG,https://zenodo.org/record/5526257/files/CAM045152_d.JPG,d007fb69c168c5cf647aa67b159e961d
43178.CR2,https://zenodo.org/record/5526257/files/CAM045153_d.CR2,b495d7539a21aaad097a4d6addcb637b
43179.JPG,https://zenodo.org/record/5526257/files/CAM045153_d.JPG,942c256008f6a4a92a612ad962387737
43182.CR2,https://zenodo.org/record/5526257/files/CAM045154_d.CR2,73e8b09dca7eaadceafeb40ae9ef98b2
43183.JPG,https://zenodo.org/record/5526257/files/CAM045154_d.JPG,f641808c3fe8af7c0ede8acd71bfd207
43186.CR2,https://zenodo.org/record/5526257/files/CAM045155_d.CR2,16c2e6afb2fa9dde696f0adbd5975939
43187.JPG,https://zenodo.org/record/5526257/files/CAM045155_d.JPG,57d776e0134856b048a7cfa6d254010a
43190.CR2,https://zenodo.org/record/5526257/files/CAM045156_d.CR2,db70f7cb9ef9b3bcc5fefc6c44a5e6b8
43191.JPG,https://zenodo.org/record/5526257/files/CAM045156_d.JPG,5c152f765783fe75ed9129d346400b11
43192.CR2,https://zenodo.org/record/5526257/files/CAM045157_d.CR2,50bdee213e11740474029a719cf94065
43193.JPG,https://zenodo.org/record/5526257/files/CAM045157_d.JPG,dec98646d94955814830703f81e4c03f
43196.CR2,https://zenodo.org/record/5526257/files/CAM045158_d.CR2,9e2846fbc02d561979a0ef40ee598672
43197.JPG,https://zenodo.org/record/5526257/files/CAM045158_d.JPG,898680779d5891a541c5e6bba4491678
43200.CR2,https://zenodo.org/record/5526257/files/CAM045159_d.CR2,33b72b7410d377dddcfe5673cef05d6f
43201.JPG,https://zenodo.org/record/5526257/files/CAM045159_d.JPG,3e1b5a8a9da99f15c0b55dd8b654a758
43204.CR2,https://zenodo.org/record/5526257/files/CAM045160_d.CR2,16d8d8f3c3ddc60bd7a21f53e275a95e
43205.JPG,https://zenodo.org/record/5526257/files/CAM045160_d.JPG,5682b114dcbf6e993a886fdc6862c472
43208.CR2,https://zenodo.org/record/5526257/files/CAM045161_d.CR2,5376962f7aa8ed330a24de6e4484ddc9
43209.JPG,https://zenodo.org/record/5526257/files/CAM045161_d.JPG,6fff53f1a831dffd4ef01b80ae2aa47d
43212.CR2,https://zenodo.org/record/5526257/files/CAM045162_d.CR2,c03f3c2705e4a49a97407718e6547b6a
43213.JPG,https://zenodo.org/record/5526257/files/CAM045162_d.JPG,1c76fcaabb293335b71358b467c8ca4c
43216.CR2,https://zenodo.org/record/5526257/files/CAM045163_d.CR2,ad9837ab6dc589bab9af9d6e40b0e295
43217.JPG,https://zenodo.org/record/5526257/files/CAM045163_d.JPG,40261f958c85a5a3ca03cdb858f0fc13
43220.CR2,https://zenodo.org/record/5526257/files/CAM045164_d.CR2,7a5135c53da9550c76add726f7af9e42
43221.JPG,https://zenodo.org/record/5526257/files/CAM045164_d.JPG,eca158b33b0e86e05678f88c749b84c7
43224.CR2,https://zenodo.org/record/5526257/files/CAM045165_d.CR2,badfffa9c3398efd6fad05065be6a8f7
43225.JPG,https://zenodo.org/record/5526257/files/CAM045165_d.JPG,f273e884f40ed51cd9b134b4bcce6a71
43228.CR2,https://zenodo.org/record/5526257/files/CAM045166_d.CR2,244bcc72f3211ab32d026839f49297c8
43229.JPG,https://zenodo.org/record/5526257/files/CAM045166_d.JPG,c45bb94d961981d541eccf85e90903a3
43232.CR2,https://zenodo.org/record/5526257/files/CAM045167_d.CR2,0d70b65fd0fd73a29884516cf728091a
43233.JPG,https://zenodo.org/record/5526257/files/CAM045167_d.JPG,2755a55399a6e74e895ed17abad9aec9
43236.CR2,https://zenodo.org/record/5526257/files/CAM045168_d.CR2,9b1c8c590550fd307736bace17b1259b
43237.JPG,https://zenodo.org/record/5526257/files/CAM045168_d.JPG,b771287c88cab18c8d6d5ad13eb762d7
43240.CR2,https://zenodo.org/record/5526257/files/CAM045169_d.CR2,b32fd0e1a719a89d649dc809452221fd
43241.JPG,https://zenodo.org/record/5526257/files/CAM045169_d.JPG,5aaec43d7ac1c73a76b8d0030c6b2bc6
43244.CR2,https://zenodo.org/record/5526257/files/CAM045170_d.CR2,a39575d972a64cd4eb72ed797f3c3689
43245.JPG,https://zenodo.org/record/5526257/files/CAM045170_d.JPG,295d311e5101391a172e670534e039e9
43248.CR2,https://zenodo.org/record/5526257/files/CAM045171_d.CR2,3db925e2377ccb4b84021f2e3779a1fa
43249.JPG,https://zenodo.org/record/5526257/files/CAM045171_d.JPG,4d0996c888a2e74450c6394d963076ad
43252.CR2,https://zenodo.org/record/5526257/files/CAM045172_d.CR2,f7d8910b881f97e304d21b2499cadbaf
43253.JPG,https://zenodo.org/record/5526257/files/CAM045172_d.JPG,3927518e4e33bc433c079120fbf27c03
43256.CR2,https://zenodo.org/record/5526257/files/CAM045173_d.CR2,6e8d813bc2a840fab0f0bc39210f86af
43257.JPG,https://zenodo.org/record/5526257/files/CAM045173_d.JPG,45278c73f57bc6ceac36467feeae60a4
43260.CR2,https://zenodo.org/record/5526257/files/CAM045174_d.CR2,0f203a149bb61a4ef4c0de5ca35de6c9
43261.JPG,https://zenodo.org/record/5526257/files/CAM045174_d.JPG,7244e5f47df21da5a9ff7d1f81217e4b
43264.CR2,https://zenodo.org/record/5526257/files/CAM045175_d.CR2,6c88b87c82f8523184050327a1483f38
43265.JPG,https://zenodo.org/record/5526257/files/CAM045175_d.JPG,9196f460e24dc81c758680a36d17845b
43268.CR2,https://zenodo.org/record/5526257/files/CAM045176_d.CR2,81ce6c86f05a44ace73e26d9c910e83b
43269.JPG,https://zenodo.org/record/5526257/files/CAM045176_d.JPG,6ec5b216bad1ccf242138d63f7f25b14
43272.CR2,https://zenodo.org/record/5526257/files/CAM045177_d.CR2,1ba4a8fd81afaa8778177b806103bfae
43273.JPG,https://zenodo.org/record/5526257/files/CAM045177_d.JPG,5dff133a2340fc2363067d4ae2890ae3
43276.CR2,https://zenodo.org/record/5526257/files/CAM045178_d.CR2,602cb89806a25c28f62f9457dbea95b3
43277.JPG,https://zenodo.org/record/5526257/files/CAM045178_d.JPG,57bcabdb0690870e3f538130212140a8
43280.CR2,https://zenodo.org/record/5526257/files/CAM045179_d.CR2,b7734bb0d576d27302003a45d9957712
43281.JPG,https://zenodo.org/record/5526257/files/CAM045179_d.JPG,5da9a4a840667982d1fc3a894449d49f
43284.CR2,https://zenodo.org/record/5526257/files/CAM045180_d.CR2,ca1296bb09955a0a056b79ba8204d173
43285.JPG,https://zenodo.org/record/5526257/files/CAM045180_d.JPG,30132e6c27c59fbf831b5cfecc4b1472
43288.CR2,https://zenodo.org/record/5526257/files/CAM045181_d.CR2,f4b2f248508e0f74c1a3430682d3ef30
43289.JPG,https://zenodo.org/record/5526257/files/CAM045181_d.JPG,4106254c5dbdb62e7f595665a94db177
43292.CR2,https://zenodo.org/record/5526257/files/CAM045182_d.CR2,2f77743aa6f35a10ddb3a777fdc9b387
43293.JPG,https://zenodo.org/record/5526257/files/CAM045182_d.JPG,c0a4694aab7a74998ff0a3dd762a9455
43296.CR2,https://zenodo.org/record/5526257/files/CAM045183_d.CR2,4c4a652a6f29e9917317a3db12533b66
43297.JPG,https://zenodo.org/record/5526257/files/CAM045183_d.JPG,89e66dfd4d6642a1bfa96352987e08fa
43300.CR2,https://zenodo.org/record/5526257/files/CAM045184_d.CR2,a908e6c200cdced1a31e60cbb2a55982
43301.JPG,https://zenodo.org/record/5526257/files/CAM045184_d.JPG,64795e439134485b8f1ee58eccb8fa6e
43304.CR2,https://zenodo.org/record/5526257/files/CAM045185_d.CR2,580659769ed3518208e50df3d8bb3233
43305.JPG,https://zenodo.org/record/5526257/files/CAM045185_d.JPG,8d703098d49afb57b6b77481c008c14f
43308.CR2,https://zenodo.org/record/5526257/files/CAM045186_d.CR2,6883a643d770413dd864e6d6f096c773
43309.JPG,https://zenodo.org/record/5526257/files/CAM045186_d.JPG,511f655a97cf97def111b9cd08dbde0d
43312.CR2,https://zenodo.org/record/5526257/files/CAM045187_d.CR2,407c3a4fb42c99ac82ffa23672cb2613
43313.JPG,https://zenodo.org/record/5526257/files/CAM045187_d.JPG,95d9ff820c7365b8e204514cf010f97e
43316.CR2,https://zenodo.org/record/5526257/files/CAM045188_d.CR2,4f077b876dd7ce8620516364f9feef0f
43317.JPG,https://zenodo.org/record/5526257/files/CAM045188_d.JPG,c60fe3611997d0d858e7f41768876ecb
43320.CR2,https://zenodo.org/record/5526257/files/CAM045189_d.CR2,fb6e179af71d3dd201f00519809f34d8
43321.JPG,https://zenodo.org/record/5526257/files/CAM045189_d.JPG,69984300a274baa05635ff9eb91de331
43324.CR2,https://zenodo.org/record/5526257/files/CAM045190_d.CR2,59070782d89b6a0f46c3aaacbd31b9b9
43325.JPG,https://zenodo.org/record/5526257/files/CAM045190_d.JPG,3c0791b26de68ee231d247cb85c8dc54
43328.CR2,https://zenodo.org/record/5526257/files/CAM045191_d.CR2,77aba59780b5c85cf46f0678bafde8a8
43329.JPG,https://zenodo.org/record/5526257/files/CAM045191_d.JPG,0e1f11ff600d1df1246c00343bef82cc
43332.CR2,https://zenodo.org/record/5526257/files/CAM045192_d.CR2,2d3b794d132a02528562b26446502a4e
43333.JPG,https://zenodo.org/record/5526257/files/CAM045192_d.JPG,578b184b70c62a1319000d9040cc1a1c
43336.CR2,https://zenodo.org/record/5526257/files/CAM045193_d.CR2,6fd91c13f045df4e82a85695f592de76
43337.JPG,https://zenodo.org/record/5526257/files/CAM045193_d.JPG,431f556b940c84d2ee9000a49995e761
43340.CR2,https://zenodo.org/record/5526257/files/CAM045194_d.CR2,571444f0383eb3e9b1e1a2617b0df67b
43341.JPG,https://zenodo.org/record/5526257/files/CAM045194_d.JPG,fb05f1994ac7b901f55df415ca10c183
43344.CR2,https://zenodo.org/record/5526257/files/CAM045195_d.CR2,a71f1fb633f0f4896a7938576ab0f4ac
43345.JPG,https://zenodo.org/record/5526257/files/CAM045195_d.JPG,f7a395f1800262ba925f9327d44f6099
43348.CR2,https://zenodo.org/record/5526257/files/CAM045196_d.CR2,22afa78fb024814c6899d6d5c0ccf13b
43349.JPG,https://zenodo.org/record/5526257/files/CAM045196_d.JPG,3895efec7dd7a615939cd843945a0eff
43352.CR2,https://zenodo.org/record/5526257/files/CAM045197_d.CR2,8a37a6f5e32a13c13cf860b49ae31292
43353.JPG,https://zenodo.org/record/5526257/files/CAM045197_d.JPG,6ed75938a98d95fba64ee8b51e5c89cd
43356.CR2,https://zenodo.org/record/5526257/files/CAM045198_d.CR2,96586df363f982b68274155b9240d989
43357.JPG,https://zenodo.org/record/5526257/files/CAM045198_d.JPG,aa134f6766931e80e985c36b8a14d67c
43360.CR2,https://zenodo.org/record/5526257/files/CAM045199_d.CR2,37c8a3983070bc53ea1824d3fda8bb8f
43361.JPG,https://zenodo.org/record/5526257/files/CAM045199_d.JPG,9a36c6fd3f474f8699351ae408e7349b
43364.CR2,https://zenodo.org/record/5526257/files/CAM045200_d.CR2,2353bb858d10ef6ddc62272b5158328d
43365.JPG,https://zenodo.org/record/5526257/files/CAM045200_d.JPG,8824bd8a2625650c96903a05c7bf6ebc
43366.CR2,https://zenodo.org/record/5526257/files/CAM045201_d.CR2,5608781e3fe756a4d2c838528af415b4
43367.JPG,https://zenodo.org/record/5526257/files/CAM045201_d.JPG,ed4b3c5716c60ba3516fbe99962252c3
43370.CR2,https://zenodo.org/record/5526257/files/CAM045202_d.CR2,687e25d61a27e24c944b4d960c140b54
43371.JPG,https://zenodo.org/record/5526257/files/CAM045202_d.JPG,1b1f1754de818b2a0b5a2af8c4f37eea
43374.CR2,https://zenodo.org/record/5526257/files/CAM045203_d.CR2,267247294a496f1b0022425bef510f77
43375.JPG,https://zenodo.org/record/5526257/files/CAM045203_d.JPG,5a3ee83ff387a205b7bd29d89df727e3
43378.CR2,https://zenodo.org/record/5526257/files/CAM045204_d.CR2,c6d86184b13a89f7a01d7ae1de330103
43379.JPG,https://zenodo.org/record/5526257/files/CAM045204_d.JPG,a92b605311a8748718a932c37bea293a
43382.CR2,https://zenodo.org/record/5526257/files/CAM045205_d.CR2,13a04d8ca451156e091b3cc8ae958706
43383.JPG,https://zenodo.org/record/5526257/files/CAM045205_d.JPG,47602176a1c93e0a64c82564c7bebda0
43386.CR2,https://zenodo.org/record/5526257/files/CAM045206_d.CR2,476fa1d7a5546c2a54b20697fef8a581
43387.JPG,https://zenodo.org/record/5526257/files/CAM045206_d.JPG,6d0e38759a4b4f97fd2d4fd5b1f18504
43390.CR2,https://zenodo.org/record/5526257/files/CAM045207_d.CR2,9462178d95d9d6cac0e689973ac1ff9b
43391.JPG,https://zenodo.org/record/5526257/files/CAM045207_d.JPG,a758e53ceda6c7347e5a04b328945a8b
43394.CR2,https://zenodo.org/record/5526257/files/CAM045208_d.CR2,42d9cd974cc822cf93d61dd62ab30ce4
43395.JPG,https://zenodo.org/record/5526257/files/CAM045208_d.JPG,0065c0222bac29db55a2e3880a1911c6
43398.CR2,https://zenodo.org/record/5526257/files/CAM045209_d.CR2,58e56dca25462c90fb7efe478b1573fc
43399.JPG,https://zenodo.org/record/5526257/files/CAM045209_d.JPG,a77c3ebad931626d45f29965e7fd20b4
43402.CR2,https://zenodo.org/record/5526257/files/CAM045210_d.CR2,ffb3a3f22f382db603682cbaeff11ccd
43403.JPG,https://zenodo.org/record/5526257/files/CAM045210_d.JPG,2049201d4af39645e4dd6e3481f8e9f4
43406.CR2,https://zenodo.org/record/5526257/files/CAM045211_d.CR2,4c695e43c0e8c889ecda5a0376ddd21a
43407.JPG,https://zenodo.org/record/5526257/files/CAM045211_d.JPG,54da05f39b050b18f070a954b54031ae
43410.CR2,https://zenodo.org/record/5526257/files/CAM045212_d.CR2,bc02b4c2fc58d3f49a815d6c59ed81e1
43411.JPG,https://zenodo.org/record/5526257/files/CAM045212_d.JPG,77f238b99b079b39c580bb84dc99604a
43414.CR2,https://zenodo.org/record/5526257/files/CAM045213_d.CR2,4700ddaa26ce27105cf6d05a2ffc7aea
43415.JPG,https://zenodo.org/record/5526257/files/CAM045213_d.JPG,7e57bd93436fd59ffb3cde6245be3a44
43418.CR2,https://zenodo.org/record/5526257/files/CAM045214_d.CR2,cd53ecf41d6d5bdd24483fd8329b59a0
43419.JPG,https://zenodo.org/record/5526257/files/CAM045214_d.JPG,69f5614916ccda188b29e0d757dbc900
43422.CR2,https://zenodo.org/record/5526257/files/CAM045215_d.CR2,e73121bb09e6935a957ecc33429c2417
43423.JPG,https://zenodo.org/record/5526257/files/CAM045215_d.JPG,0052a3254e07fe1e26322eb13a532af0
43426.CR2,https://zenodo.org/record/5526257/files/CAM045216_d.CR2,9be651d86477c8fc87df7ccaa05afa8d
43427.JPG,https://zenodo.org/record/5526257/files/CAM045216_d.JPG,981538fbdd981e4ff36872c4a75d2d16
43430.CR2,https://zenodo.org/record/5526257/files/CAM045217_d.CR2,81866397339bd6abb95349657a8684b5
43431.JPG,https://zenodo.org/record/5526257/files/CAM045217_d.JPG,bfdda919cddb4cfcc1efebc4f319ec50
43434.CR2,https://zenodo.org/record/5526257/files/CAM045218_d.CR2,4e00441cec8398a2b8469cb100a4ba4f
43435.JPG,https://zenodo.org/record/5526257/files/CAM045218_d.JPG,fe2b87afdbbb212d014c8dead8a33d92
43438.CR2,https://zenodo.org/record/5526257/files/CAM045219_d.CR2,84edb4a88df1e20f0016ec83d16cb239
43439.JPG,https://zenodo.org/record/5526257/files/CAM045219_d.JPG,61025c4ce2bb5f5abcd87ae377377f3b
43442.CR2,https://zenodo.org/record/5526257/files/CAM045220_d.CR2,82bbf78bc94338f9ba14695563cec301
43443.JPG,https://zenodo.org/record/5526257/files/CAM045220_d.JPG,f912f7285312ca1e7e4982cd5494d3a5
43446.CR2,https://zenodo.org/record/5526257/files/CAM045221_d.CR2,6125858a5529dccc7c493393a914fc6f
43447.JPG,https://zenodo.org/record/5526257/files/CAM045221_d.JPG,8f300723bf8fd9cbd1066e980915b120
43450.CR2,https://zenodo.org/record/5526257/files/CAM045222_d.CR2,67d271343efb485f9fcd6deb403ab496
43451.JPG,https://zenodo.org/record/5526257/files/CAM045222_d.JPG,2096ffd7411a53536cea2777b2dbbe15
43454.CR2,https://zenodo.org/record/5526257/files/CAM045223_d.CR2,2607c96c734b665469796d58a3d7a2ca
43455.JPG,https://zenodo.org/record/5526257/files/CAM045223_d.JPG,bc8be5f24251035ca1dc6e85e19f0cec
43458.CR2,https://zenodo.org/record/5526257/files/CAM045224_d.CR2,6652aa30b20d31db9b772ab9bb7378c3
43459.JPG,https://zenodo.org/record/5526257/files/CAM045224_d.JPG,ef88c5f3c233441631f2ae3867a7746b
43462.CR2,https://zenodo.org/record/5526257/files/CAM045225_d.CR2,582b5dcac9c7ea06da59cd8b4cf1ddfc
43463.JPG,https://zenodo.org/record/5526257/files/CAM045225_d.JPG,c814ea7067abc922d558b6ac8ccb174b
43466.CR2,https://zenodo.org/record/5526257/files/CAM045226_d.CR2,9320c3d81932e0cad3c774e5fa68d217
43467.JPG,https://zenodo.org/record/5526257/files/CAM045226_d.JPG,b50230c2169aced5931982c967d7bf17
43470.CR2,https://zenodo.org/record/5526257/files/CAM045227_d.CR2,b44baf37cfc3e7354793ba06e7aded93
43471.JPG,https://zenodo.org/record/5526257/files/CAM045227_d.JPG,95b0936d83de0d8de14d026c5b697689
43474.CR2,https://zenodo.org/record/5526257/files/CAM045228_d.CR2,e58d280f3a430cbe94688222c12385f7
43475.JPG,https://zenodo.org/record/5526257/files/CAM045228_d.JPG,f36987902abb7cb1095162fbfcbeceff
43478.CR2,https://zenodo.org/record/5526257/files/CAM045229_d.CR2,1d060d26cf693e8dde27866000719cb7
43479.JPG,https://zenodo.org/record/5526257/files/CAM045229_d.JPG,106dee9eeb832c242a1816e7b9c68d59
43482.CR2,https://zenodo.org/record/5526257/files/CAM045230_d.CR2,b0c28713e8bfb37d372721033723de16
43483.JPG,https://zenodo.org/record/5526257/files/CAM045230_d.JPG,b20497b4c416bec49b9480287498b659
43486.CR2,https://zenodo.org/record/5526257/files/CAM045231_d.CR2,f676b82b852652fd3c4ee1c7cb91218a
43487.JPG,https://zenodo.org/record/5526257/files/CAM045231_d.JPG,6ececa7caa9964a94e3b1bb02cf52c63
43490.CR2,https://zenodo.org/record/5526257/files/CAM045232_d.CR2,d527955c6d8d4129ec760848191063d7
43491.JPG,https://zenodo.org/record/5526257/files/CAM045232_d.JPG,9cb48c9f4cd70ea5ddd48e69c1f7b04c
43494.CR2,https://zenodo.org/record/5526257/files/CAM045233_d.CR2,c1ddedefc81ebdc63521f71a7ff57e7d
43495.JPG,https://zenodo.org/record/5526257/files/CAM045233_d.JPG,a74643bda7a22eec113e83d0c929863f
43498.CR2,https://zenodo.org/record/5526257/files/CAM045234_d.CR2,2fc429a12b9945d94338fd06c01e9274
43499.JPG,https://zenodo.org/record/5526257/files/CAM045234_d.JPG,918c977d0878d3b45097b228a2757dd0
43502.CR2,https://zenodo.org/record/5526257/files/CAM045235_d.CR2,2cd9aeacbfc628fab68b53cd76f6cdfa
43503.JPG,https://zenodo.org/record/5526257/files/CAM045235_d.JPG,1b773a913422475c1da0e5337f594484
43506.CR2,https://zenodo.org/record/5526257/files/CAM045236_d.CR2,ac149166d50dbd0bf790e88d820359da
43507.JPG,https://zenodo.org/record/5526257/files/CAM045236_d.JPG,e5502036ec478acfe23ea46bf3375257
43510.CR2,https://zenodo.org/record/5526257/files/CAM045237_d.CR2,4b6489d6715d6096923aa7bc86505beb
43511.JPG,https://zenodo.org/record/5526257/files/CAM045237_d.JPG,d317cc50538cb3e012436ba6c91126c9
43514.CR2,https://zenodo.org/record/5526257/files/CAM045238_d.CR2,9de8d2e2cc76e0d47f2e6722fff5e564
43515.JPG,https://zenodo.org/record/5526257/files/CAM045238_d.JPG,c66454152bfcf917a93f9df56a50e6ee
43518.CR2,https://zenodo.org/record/5526257/files/CAM045239_d.CR2,34e6571e64dc08be129572168f9b2fe6
43519.JPG,https://zenodo.org/record/5526257/files/CAM045239_d.JPG,57b2ec1c7c196491a31223d3c37458c4
43522.CR2,https://zenodo.org/record/5526257/files/CAM045240_d.CR2,6545c85c40ac175d0b180d1748c7e875
43523.JPG,https://zenodo.org/record/5526257/files/CAM045240_d.JPG,504b0da87b6b1e54506b20d113472eaf
43526.CR2,https://zenodo.org/record/5526257/files/CAM045241_d.CR2,16a753b07f2bf37ed2b05250598cf578
43527.JPG,https://zenodo.org/record/5526257/files/CAM045241_d.JPG,4191d14eb4ff82548233f9793e03859f
43530.CR2,https://zenodo.org/record/5526257/files/CAM045242_d.CR2,f6dabafbbad7c9b824377f245ea44b31
43531.JPG,https://zenodo.org/record/5526257/files/CAM045242_d.JPG,a4f584670404e78f841c58d9b67d2093
43534.CR2,https://zenodo.org/record/5526257/files/CAM045243_d.CR2,b7691f1d63529937e4ebe589d31fe417
43535.JPG,https://zenodo.org/record/5526257/files/CAM045243_d.JPG,14c5fe96383bd693e710b07696cb5a67
43538.CR2,https://zenodo.org/record/5526257/files/CAM045244_d.CR2,d211ae51b7f1bf973ba4ea1575f07e0b
43539.JPG,https://zenodo.org/record/5526257/files/CAM045244_d.JPG,f858371363340632e85513ae4aac06bc
43542.CR2,https://zenodo.org/record/5526257/files/CAM045245_d.CR2,66763a138ceafbe82de5bdc2ae0eb4e3
43543.JPG,https://zenodo.org/record/5526257/files/CAM045245_d.JPG,25715a4e4c857dd3aa110a46e6adf2ee
43546.CR2,https://zenodo.org/record/5526257/files/CAM045246_d.CR2,685f5bfec132f41ab1bab4f954725405
43547.JPG,https://zenodo.org/record/5526257/files/CAM045246_d.JPG,29c33daac253e70b18948c46df418bc7
43550.CR2,https://zenodo.org/record/5526257/files/CAM045247_d.CR2,aef64e45598e4867b7da4caf2534a5fa
43551.JPG,https://zenodo.org/record/5526257/files/CAM045247_d.JPG,9fdd02c1b3ab4a31b05835fe5680f8f2
43554.CR2,https://zenodo.org/record/5526257/files/CAM045248_d.CR2,ae3ec833d52389b19f7cb07959e37738
43555.JPG,https://zenodo.org/record/5526257/files/CAM045248_d.JPG,1217af3ca12a5a29c91d29dfccb4fd0b
43558.CR2,https://zenodo.org/record/5526257/files/CAM045249_d.CR2,04d1343efc0c020535d403d33828a462
43559.JPG,https://zenodo.org/record/5526257/files/CAM045249_d.JPG,97cb1e2faded5969ccb9ba4868228d77
43562.CR2,https://zenodo.org/record/5526257/files/CAM045250_d.CR2,880c3a2d0d103cff07bd6c3c05a03ba4
43563.JPG,https://zenodo.org/record/5526257/files/CAM045250_d.JPG,99d68eb6bcaee955181170ddac9e4ec1
43566.CR2,https://zenodo.org/record/5526257/files/CAM045251_d.CR2,021299b72cb16b48e7427a7c3a8e3a40
43567.JPG,https://zenodo.org/record/5526257/files/CAM045251_d.JPG,0796036ee23ece0727e973f6f78034d0
43570.CR2,https://zenodo.org/record/5526257/files/CAM045252_d.CR2,6f5c2e276aee21006845ae57d323402c
43571.JPG,https://zenodo.org/record/5526257/files/CAM045252_d.JPG,96977519ce65f6bc05f919838a909021
43574.CR2,https://zenodo.org/record/5526257/files/CAM045253_d.CR2,93dfed3ea127b1ff57aac6ceb6ff55e4
43575.JPG,https://zenodo.org/record/5526257/files/CAM045253_d.JPG,ef9916adf76798b0e301a924b9ae9e82
43578.CR2,https://zenodo.org/record/5526257/files/CAM045254_d.CR2,ac395f71dd5a65cf64f5e450e369746b
43579.JPG,https://zenodo.org/record/5526257/files/CAM045254_d.JPG,bc5f4cf07a53df8e0b29d926759a74e2
43582.CR2,https://zenodo.org/record/5526257/files/CAM045255_d.CR2,3dd03c6acc327ebe8e280901aa48e88e
43583.JPG,https://zenodo.org/record/5526257/files/CAM045255_d.JPG,e4eee7eed4132487b3b1d951a1d20fca
43586.CR2,https://zenodo.org/record/5526257/files/CAM045256_d.CR2,6e5445b302683e4dca4d6b0350cbf200
43587.JPG,https://zenodo.org/record/5526257/files/CAM045256_d.JPG,e4d2815702b9b1bbc3c38d76e6283953
43590.CR2,https://zenodo.org/record/5526257/files/CAM045257_d.CR2,b6871cf4b962ce5af03527f7d14d043f
43591.JPG,https://zenodo.org/record/5526257/files/CAM045257_d.JPG,0b7a45738c949f27d7742f1468e95455
43594.CR2,https://zenodo.org/record/5526257/files/CAM045258_d.CR2,6bd1a53344e24db5f2bb64390e332cc7
43595.JPG,https://zenodo.org/record/5526257/files/CAM045258_d.JPG,b50ff066a07e3db56c16bafef8f84055
43598.CR2,https://zenodo.org/record/5526257/files/CAM045259_d.CR2,dec18e15f3ec9f51afa6016b7617485d
43599.JPG,https://zenodo.org/record/5526257/files/CAM045259_d.JPG,32eb4d4b5e3eff40d67af0e13a2db5be
43602.CR2,https://zenodo.org/record/5526257/files/CAM045260_d.CR2,5aa081f0009ac8d1339413151fdc47ad
43603.JPG,https://zenodo.org/record/5526257/files/CAM045260_d.JPG,af9c454e8940ed3fb4522f3173d75487
43606.CR2,https://zenodo.org/record/5526257/files/CAM045261_d.CR2,c6f728afc1c78b563f6daad1f3d54e16
43607.JPG,https://zenodo.org/record/5526257/files/CAM045261_d.JPG,6f4a93852c2cff7d92ffaad9627585bb
43610.CR2,https://zenodo.org/record/5526257/files/CAM045262_d.CR2,d493821cf6d0ccfb9db20c3573d24e3b
43611.JPG,https://zenodo.org/record/5526257/files/CAM045262_d.JPG,b14c43b39214e2178a495602b5a953f4
43614.CR2,https://zenodo.org/record/5526257/files/CAM045263_d.CR2,247294c4109f9ae99c7a1ca8fd3b896e
43615.JPG,https://zenodo.org/record/5526257/files/CAM045263_d.JPG,d163097d8b698439b4caa9392d01d1f2
43618.CR2,https://zenodo.org/record/5526257/files/CAM045264_d.CR2,36fe53445786562a8a54baa2281a2884
43619.JPG,https://zenodo.org/record/5526257/files/CAM045264_d.JPG,3dab07a5fcf6debf6e3409d99cc71764
43622.CR2,https://zenodo.org/record/5526257/files/CAM045265_d.CR2,4753b37d37cb0be6d873f4c8def2572e
43623.JPG,https://zenodo.org/record/5526257/files/CAM045265_d.JPG,e2a8f4a734d1cb657f1cfdfa9a3bf0e1
43626.CR2,https://zenodo.org/record/5526257/files/CAM045266_d.CR2,e2b41a52b5363382ecbaec4463febe3b
43630.CR2,https://zenodo.org/record/5526257/files/CAM045267_d.CR2,747b973f8ee0dff832260a7b4472d489
43631.JPG,https://zenodo.org/record/5526257/files/CAM045267_d.JPG,555cc9a33401614d3b4dd35cf714aef0
43634.CR2,https://zenodo.org/record/5526257/files/CAM045268_d.CR2,65c579f13a9e9024b311eee60f93b540
43635.JPG,https://zenodo.org/record/5526257/files/CAM045268_d.JPG,b1f1f9192f2b2561a9e2f2e703ca5051
43638.CR2,https://zenodo.org/record/5526257/files/CAM045269_d.CR2,1590cf9482645ed8ef5053a4a20b8905
43639.JPG,https://zenodo.org/record/5526257/files/CAM045269_d.JPG,d503726b53d291e1fd86ec51f68366be
43642.CR2,https://zenodo.org/record/5526257/files/CAM045270_d.CR2,17a378153244d456a39528a73e9b5521
43643.JPG,https://zenodo.org/record/5526257/files/CAM045270_d.JPG,c5a7a5f0817bc24c4349e11034dbcd63
43646.CR2,https://zenodo.org/record/5526257/files/CAM045271_d.CR2,51b906c335f09ef5acda509bd11791d0
43647.JPG,https://zenodo.org/record/5526257/files/CAM045271_d.JPG,a2813ab7e4d4259218a53806dd010bd6
43650.CR2,https://zenodo.org/record/5526257/files/CAM045272_d.CR2,a6598a6a379eb4334b3facd23249afe4
43651.JPG,https://zenodo.org/record/5526257/files/CAM045272_d.JPG,ac15a8474cc0beb4845fb19640cf469b
43654.CR2,https://zenodo.org/record/5526257/files/CAM045273_d.CR2,a27a0285bbad37b508b12d1f411f32bd
43655.JPG,https://zenodo.org/record/5526257/files/CAM045273_d.JPG,5be2b773eec889ca35fe2ca84a8c4888
43658.CR2,https://zenodo.org/record/5526257/files/CAM045274_d.CR2,2969b91c875b244c64ea425d7217c440
43659.JPG,https://zenodo.org/record/5526257/files/CAM045274_d.JPG,8784b8a18a749e2f073284a88453c7a0
43662.CR2,https://zenodo.org/record/5526257/files/CAM045275_d.CR2,155f10bde8b4ba5f3b2a22660b602ee2
43663.JPG,https://zenodo.org/record/5526257/files/CAM045275_d.JPG,ff06752c5a9f8f47128482bdd72572ff
43666.CR2,https://zenodo.org/record/5526257/files/CAM045276_d.CR2,e6ad51efbd64e9083f58c1ba47d3af5b
43667.JPG,https://zenodo.org/record/5526257/files/CAM045276_d.JPG,b89509897b22faa3aa6a473c2fd5069f
43670.CR2,https://zenodo.org/record/5526257/files/CAM045277_d.CR2,fe53a440430694f470de8fa4a952f827
43671.JPG,https://zenodo.org/record/5526257/files/CAM045277_d.JPG,7cc612d0afd5fb070ddc5083d29fe6f8
43674.CR2,https://zenodo.org/record/5526257/files/CAM045278_d.CR2,f1ce8e0e9f9481222b592438847b2ab5
43675.JPG,https://zenodo.org/record/5526257/files/CAM045278_d.JPG,64522111a22e5ffdc9ee1d908f09a86c
43678.CR2,https://zenodo.org/record/5526257/files/CAM045279_d.CR2,26eb0d86eb5db74f63a9bda248b75363
43679.JPG,https://zenodo.org/record/5526257/files/CAM045279_d.JPG,e5a7a9dffd58aa309797590a38827a76
43682.CR2,https://zenodo.org/record/5526257/files/CAM045280_d.CR2,63e20c70013a1bb8beffd53f258da4ba
43683.JPG,https://zenodo.org/record/5526257/files/CAM045280_d.JPG,d46632ad0ced15a0aabafa76d3bff4ad
43686.CR2,https://zenodo.org/record/5526257/files/CAM045281_d.CR2,9c26cdcb8e2f68199cf6421155b3808f
43687.JPG,https://zenodo.org/record/5526257/files/CAM045281_d.JPG,9a8ac4548027881b3ef3f61c4e3304cd
43690.CR2,https://zenodo.org/record/5526257/files/CAM045282_d.CR2,aaea536462a6749886b132087b0accd9
43691.JPG,https://zenodo.org/record/5526257/files/CAM045282_d.JPG,d985d95338c81c3a91e226f39b3eff13
43694.CR2,https://zenodo.org/record/5526257/files/CAM045283_d.CR2,1a853a330c34b3245bee80f0ecb2b886
43695.JPG,https://zenodo.org/record/5526257/files/CAM045283_d.JPG,2e041d4d3836d755e1fc6078c06ca12e
43698.CR2,https://zenodo.org/record/5526257/files/CAM045284_d.CR2,a2955feabb14ed3b66b87b06a17b6623
43699.JPG,https://zenodo.org/record/5526257/files/CAM045284_d.JPG,1ed9f676d3e410c36403a1ac1c75d963
43702.CR2,https://zenodo.org/record/5526257/files/CAM045285_d.CR2,adeb2a10606767eea78a3e33a4b40b4c
43703.JPG,https://zenodo.org/record/5526257/files/CAM045285_d.JPG,7c57c31b01c69c4bf770bd04f5b1bc7e
43706.CR2,https://zenodo.org/record/5526257/files/CAM045286_d.CR2,844b2513211b6752ca84d901c8395fbb
43707.JPG,https://zenodo.org/record/5526257/files/CAM045286_d.JPG,8a984caaf4ba809de5cc59f6ed43ecc0
43710.CR2,https://zenodo.org/record/5526257/files/CAM045287_d.CR2,7ca8c519bdca0183247164ffa128dbd5
43711.JPG,https://zenodo.org/record/5526257/files/CAM045287_d.JPG,6a46a6e0c237952cbbe87d02d60de14b
43714.CR2,https://zenodo.org/record/5526257/files/CAM045288_d.CR2,03bd504f5c3b4378a644b344287689b8
43715.JPG,https://zenodo.org/record/5526257/files/CAM045288_d.JPG,10d6d7e45e9e0d756c9a7997fcd2ca9c
43718.CR2,https://zenodo.org/record/5526257/files/CAM045289_d.CR2,23c0d68e87ed13b075081103ddc54bea
43719.JPG,https://zenodo.org/record/5526257/files/CAM045289_d.JPG,53263faaa026906bbdf8cca6f7040658
43722.CR2,https://zenodo.org/record/5526257/files/CAM045290_d.CR2,dee0e35f85d1ac54a69d6db6a0d1de1c
43723.JPG,https://zenodo.org/record/5526257/files/CAM045290_d.JPG,5503e35e1560034bf5b2f232957932d2
43726.CR2,https://zenodo.org/record/5526257/files/CAM045291_d.CR2,f1f421c27e1b49cd12de7d3274e21a23
43727.JPG,https://zenodo.org/record/5526257/files/CAM045291_d.JPG,37576898e3ed034163b3e19d9f09e686
43730.CR2,https://zenodo.org/record/5526257/files/CAM045292_d.CR2,6e742bbf6b387395d59a0309414ee708
43731.JPG,https://zenodo.org/record/5526257/files/CAM045292_d.JPG,aea34e5f2bc6a0e70f27ef7f8a10b9ed
43734.CR2,https://zenodo.org/record/5526257/files/CAM045293_d.CR2,7481c4af0802d1fd9610d3ce1a81f8cd
43735.JPG,https://zenodo.org/record/5526257/files/CAM045293_d.JPG,9a71155fa013ba2a51578e2a030097ec
43738.CR2,https://zenodo.org/record/5526257/files/CAM045294_d.CR2,c4cfe66dd624d7e0c238d2e535a34234
43739.JPG,https://zenodo.org/record/5526257/files/CAM045294_d.JPG,052febc4a2c7f3a62a10bf88fc421034
43742.CR2,https://zenodo.org/record/5526257/files/CAM045295_d.CR2,0ff7c675b1f9423816ffd57b6f920d55
43743.JPG,https://zenodo.org/record/5526257/files/CAM045295_d.JPG,db341221644086beaa4f4ee13c1540b0
43746.CR2,https://zenodo.org/record/5526257/files/CAM045296_d.CR2,57496b65651f016438071c073165d1e6
43747.JPG,https://zenodo.org/record/5526257/files/CAM045296_d.JPG,19a1e222cf2a71d8816052f539350189
43750.CR2,https://zenodo.org/record/5526257/files/CAM045297_d.CR2,8f8e682f7fc873649038ae35135433ee
43751.JPG,https://zenodo.org/record/5526257/files/CAM045297_d.JPG,2404b0fefa9b4f3198f9c097452e1126
43754.CR2,https://zenodo.org/record/5526257/files/CAM045298_d.CR2,c1d7ad762812484c2926d407cd351889
43755.JPG,https://zenodo.org/record/5526257/files/CAM045298_d.JPG,fa9153ac74c974742fa21492c9da0d62
43758.CR2,https://zenodo.org/record/5526257/files/CAM045299_d.CR2,43b5454f15d6b03710cd5c307356bfc9
43759.JPG,https://zenodo.org/record/5526257/files/CAM045299_d.JPG,637e7086078c61069300c77b99b4a62f
43762.CR2,https://zenodo.org/record/5526257/files/CAM045300_d.CR2,27452e641c34b5e70bbf233d730c5d72
43763.JPG,https://zenodo.org/record/5526257/files/CAM045300_d.JPG,d364af5dc93bb01d77e6ca7752676f08
43766.CR2,https://zenodo.org/record/5526257/files/CAM045301_d.CR2,f8252df66dd9e11345c3c52b5bc4e940
43767.JPG,https://zenodo.org/record/5526257/files/CAM045301_d.JPG,d8af33dfc8af4fe134e51e2b46ceaa1f
43770.CR2,https://zenodo.org/record/5526257/files/CAM045302_d.CR2,dd597f7d37ff9b2ff186e3839c52a79c
43771.JPG,https://zenodo.org/record/5526257/files/CAM045302_d.JPG,5d4421068c3d8868fb266e218a258e16
43774.CR2,https://zenodo.org/record/5526257/files/CAM045303_d.CR2,37df5ce2cde353b5963d08fc8cc6203e
43775.JPG,https://zenodo.org/record/5526257/files/CAM045303_d.JPG,d9898bb9c92eff4a7079a43f841f5e6c
43778.CR2,https://zenodo.org/record/5526257/files/CAM045304_d.CR2,8612cc267c595f12b4c9eeeb997de2fd
43779.JPG,https://zenodo.org/record/5526257/files/CAM045304_d.JPG,568aaf234f50690ae21c4f6eb1dcde45
43782.CR2,https://zenodo.org/record/5526257/files/CAM045305_d.CR2,314ec68f19f182a762126f99f2630b4e
43783.JPG,https://zenodo.org/record/5526257/files/CAM045305_d.JPG,219d88fa1204a37dfba1e5b72b0d7e57
43786.CR2,https://zenodo.org/record/5526257/files/CAM045306_d.CR2,8a81844e8aaee9b77a7cabc7e027765e
43787.JPG,https://zenodo.org/record/5526257/files/CAM045306_d.JPG,5ce133d37446ee45bfeab004912c81f7
43790.CR2,https://zenodo.org/record/5526257/files/CAM045307_d.CR2,9ca22bf8bf56687bfcaec4e0999148cc
43791.JPG,https://zenodo.org/record/5526257/files/CAM045307_d.JPG,94865cc04432c07052693b07bd6af1ac
43794.CR2,https://zenodo.org/record/5526257/files/CAM045308_d.CR2,4bff7d57b7fdd9bb70a1f732dd8b36ec
43795.JPG,https://zenodo.org/record/5526257/files/CAM045308_d.JPG,5bd042c00950610bc8e3b9a412e079c6
43798.CR2,https://zenodo.org/record/5526257/files/CAM045309_d.CR2,58c3631a7e74ba9c61a39dae7936eb2f
43799.JPG,https://zenodo.org/record/5526257/files/CAM045309_d.JPG,8a62ed1d3c5d9cf32aa88eddb5e949fe
43802.CR2,https://zenodo.org/record/5526257/files/CAM045310_d.CR2,35dc44d96a4d34bd6153262eb3af210f
43803.JPG,https://zenodo.org/record/5526257/files/CAM045310_d.JPG,436c3be40286198c36fd4b1246e43cbd
43806.CR2,https://zenodo.org/record/5526257/files/CAM045311_d.CR2,69211789df6709db805b3bcec3b8dcf8
43807.JPG,https://zenodo.org/record/5526257/files/CAM045311_d.JPG,0170e5639264b59e9ae1c18597bf707f
43810.CR2,https://zenodo.org/record/5526257/files/CAM045312_d.CR2,64d78eda08b9083cae0036a5586484cb
43811.JPG,https://zenodo.org/record/5526257/files/CAM045312_d.JPG,75596058596c77737dc19df80668d39a
43814.CR2,https://zenodo.org/record/5526257/files/CAM045313_d.CR2,4786644f7ce3c127accac44622be7372
43815.JPG,https://zenodo.org/record/5526257/files/CAM045313_d.JPG,4a938d1016f1c387763f122abe7fd2e7
43818.CR2,https://zenodo.org/record/5526257/files/CAM045314_d.CR2,cae0ca4b9edd54a60a817a6f1e461415
43819.JPG,https://zenodo.org/record/5526257/files/CAM045314_d.JPG,72c2a66ce29187da32c9c4748415343d
43822.CR2,https://zenodo.org/record/5526257/files/CAM045315_d.CR2,ae8fcad085922a520673b3437ad10235
43823.JPG,https://zenodo.org/record/5526257/files/CAM045315_d.JPG,0a427e59d3f4bd40ade30d1e64a76fc4
43826.CR2,https://zenodo.org/record/5526257/files/CAM045316_d.CR2,7d2888568ab1a5ac17a1c7b5184d618b
43827.JPG,https://zenodo.org/record/5526257/files/CAM045316_d.JPG,1da3f7816bbe44115d9961d31685eeaf
43830.CR2,https://zenodo.org/record/5526257/files/CAM045317_d.CR2,26df597ba68712996bd32c9a5211a837
43831.JPG,https://zenodo.org/record/5526257/files/CAM045317_d.JPG,a7e359e8290390803b55b101b4552683
43834.CR2,https://zenodo.org/record/5526257/files/CAM045318_d.CR2,cde210e53447a74eb42b5a70bbc4becc
43835.JPG,https://zenodo.org/record/5526257/files/CAM045318_d.JPG,1c0a561a865c34dbecc5813d09ef2900
43838.CR2,https://zenodo.org/record/5526257/files/CAM045319_d.CR2,c7f529df1996b11fbfae0a07b3211cc4
43839.JPG,https://zenodo.org/record/5526257/files/CAM045319_d.JPG,8c2d7040ed6b100afbe42dc0c3764f05
43842.CR2,https://zenodo.org/record/5526257/files/CAM045320_d.CR2,4a7cc4264035f0501bcba388622ea5be
43843.JPG,https://zenodo.org/record/5526257/files/CAM045320_d.JPG,d1b6692dbf7feb4611a03c4380e96558
43846.CR2,https://zenodo.org/record/5526257/files/CAM045321_d.CR2,0a5b5be2b6ee5971c5b565d5dc75fdcf
43847.JPG,https://zenodo.org/record/5526257/files/CAM045321_d.JPG,6f5e9d038e39e11cda03fd08aad4e609
43850.CR2,https://zenodo.org/record/5526257/files/CAM045322_d.CR2,3a96f0d1353fe76a85752a44b34c1bac
43851.JPG,https://zenodo.org/record/5526257/files/CAM045322_d.JPG,4e54f4f04a256cfb5eceaee836d35be8
43854.CR2,https://zenodo.org/record/5526257/files/CAM045323_d.CR2,2318f098a685debb51c712599a20994f
43855.JPG,https://zenodo.org/record/5526257/files/CAM045323_d.JPG,fa48bf22eeec5423b5824fbb70881dcd
43858.CR2,https://zenodo.org/record/5526257/files/CAM045324_d.CR2,5d9bd7b4d9c0f5268a882ab922b3eb1d
43859.JPG,https://zenodo.org/record/5526257/files/CAM045324_d.JPG,bd7013ffe2115f22d5652ed44cd83568
43862.CR2,https://zenodo.org/record/5526257/files/CAM045325_d.CR2,dd444211da41a4213659fd2f7a0c33f0
43863.JPG,https://zenodo.org/record/5526257/files/CAM045325_d.JPG,e0768e4f8e846b7a1aa371e38700d12b
43866.CR2,https://zenodo.org/record/5526257/files/CAM045326_d.CR2,617cb8f13714a95032ef979c6edc30ca
43867.JPG,https://zenodo.org/record/5526257/files/CAM045326_d.JPG,8fe7089061e11083f50f587083df0f08
43870.CR2,https://zenodo.org/record/5526257/files/CAM045327_d.CR2,a11fbeba46408c407cff398543946600
43871.JPG,https://zenodo.org/record/5526257/files/CAM045327_d.JPG,2542244ede5a9dc297d5e98fde597efa
43874.CR2,https://zenodo.org/record/5526257/files/CAM045328_d.CR2,8c5333e7eef33b92b2428117183a2833
43875.JPG,https://zenodo.org/record/5526257/files/CAM045328_d.JPG,49f2ae75ae18fa45d3b8a94d8cf98d33
43878.CR2,https://zenodo.org/record/5526257/files/CAM045329_d.CR2,8f5129ebca6168ed66b34aad26bfece2
43879.JPG,https://zenodo.org/record/5526257/files/CAM045329_d.JPG,8afeda19a1cba5e08a15b2fff86c6932
43882.CR2,https://zenodo.org/record/5526257/files/CAM045330_d.CR2,c62d20cf08b64721cb9936657e58c6cc
43883.JPG,https://zenodo.org/record/5526257/files/CAM045330_d.JPG,37dfc4d97872dfc503976b6a66c62eb7
